run_id,dataset,modality,task,model,seed,task_type,metric,value,ci95_low,ci95_high,sample_count
cmdc_protocol_all_questions_binary_tfidf_logistic,CMDC,Text,MDD classification,TF-IDF + Logistic (all_questions),0,binary_classification,Macro-F1,0.8504208935894668,0.7658256626788645,0.9215086646279307,77
cmdc_protocol_all_questions_binary_tfidf_logistic,CMDC,Text,MDD classification,TF-IDF + Logistic (all_questions),0,binary_classification,Balanced Accuracy,0.8200000000000001,0.7249305555555555,0.9,77
cmdc_protocol_all_questions_binary_tfidf_logistic,CMDC,Text,MDD classification,TF-IDF + Logistic (all_questions),0,binary_classification,AUROC,0.9753846153846154,0.9207739179156744,1.0,77
cmdc_protocol_all_questions_binary_tfidf_logistic,CMDC,Text,MDD classification,TF-IDF + Logistic (all_questions),0,binary_classification,AUPRC,0.9775438596491227,0.9186111847583948,1.0,77
cmdc_protocol_all_questions_binary_tfidf_logistic,CMDC,Text,MDD classification,TF-IDF + Logistic (all_questions),0,binary_classification,ECE,0.331910756898777,0.26688429666104957,0.3839749740632529,77
cmdc_protocol_all_questions_binary_tfidf_logistic,CMDC,Text,MDD classification,TF-IDF + Logistic (all_questions),0,binary_classification,Brier Score,0.20608769235096816,0.19878294454155748,0.21280303140680115,77
cmdc_protocol_all_questions_binary_tfidf_logistic,CMDC,Text,MDD classification,TF-IDF + Logistic (all_questions),1,binary_classification,Macro-F1,0.8504208935894668,0.7658256626788645,0.9215086646279307,77
cmdc_protocol_all_questions_binary_tfidf_logistic,CMDC,Text,MDD classification,TF-IDF + Logistic (all_questions),1,binary_classification,Balanced Accuracy,0.8200000000000001,0.7249305555555555,0.9,77
cmdc_protocol_all_questions_binary_tfidf_logistic,CMDC,Text,MDD classification,TF-IDF + Logistic (all_questions),1,binary_classification,AUROC,0.9753846153846154,0.9207739179156744,1.0,77
cmdc_protocol_all_questions_binary_tfidf_logistic,CMDC,Text,MDD classification,TF-IDF + Logistic (all_questions),1,binary_classification,AUPRC,0.9775438596491227,0.9186111847583948,1.0,77
cmdc_protocol_all_questions_binary_tfidf_logistic,CMDC,Text,MDD classification,TF-IDF + Logistic (all_questions),1,binary_classification,ECE,0.331910756898777,0.26688429666104957,0.3839749740632529,77
cmdc_protocol_all_questions_binary_tfidf_logistic,CMDC,Text,MDD classification,TF-IDF + Logistic (all_questions),1,binary_classification,Brier Score,0.20608769235096816,0.19878294454155748,0.21280303140680115,77
cmdc_protocol_all_questions_binary_tfidf_logistic,CMDC,Text,MDD classification,TF-IDF + Logistic (all_questions),2,binary_classification,Macro-F1,0.8504208935894668,0.7658256626788645,0.9215086646279307,77
cmdc_protocol_all_questions_binary_tfidf_logistic,CMDC,Text,MDD classification,TF-IDF + Logistic (all_questions),2,binary_classification,Balanced Accuracy,0.8200000000000001,0.7249305555555555,0.9,77
cmdc_protocol_all_questions_binary_tfidf_logistic,CMDC,Text,MDD classification,TF-IDF + Logistic (all_questions),2,binary_classification,AUROC,0.9753846153846154,0.9207739179156744,1.0,77
cmdc_protocol_all_questions_binary_tfidf_logistic,CMDC,Text,MDD classification,TF-IDF + Logistic (all_questions),2,binary_classification,AUPRC,0.9775438596491227,0.9186111847583948,1.0,77
cmdc_protocol_all_questions_binary_tfidf_logistic,CMDC,Text,MDD classification,TF-IDF + Logistic (all_questions),2,binary_classification,ECE,0.331910756898777,0.26688429666104957,0.3839749740632529,77
cmdc_protocol_all_questions_binary_tfidf_logistic,CMDC,Text,MDD classification,TF-IDF + Logistic (all_questions),2,binary_classification,Brier Score,0.20608769235096816,0.19878294454155748,0.21280303140680115,77
cmdc_protocol_all_questions_binary_tfidf_logistic,CMDC,Text,MDD classification,TF-IDF + Logistic (all_questions),3,binary_classification,Macro-F1,0.8504208935894668,0.7658256626788645,0.9215086646279307,77
cmdc_protocol_all_questions_binary_tfidf_logistic,CMDC,Text,MDD classification,TF-IDF + Logistic (all_questions),3,binary_classification,Balanced Accuracy,0.8200000000000001,0.7249305555555555,0.9,77
cmdc_protocol_all_questions_binary_tfidf_logistic,CMDC,Text,MDD classification,TF-IDF + Logistic (all_questions),3,binary_classification,AUROC,0.9753846153846154,0.9207739179156744,1.0,77
cmdc_protocol_all_questions_binary_tfidf_logistic,CMDC,Text,MDD classification,TF-IDF + Logistic (all_questions),3,binary_classification,AUPRC,0.9775438596491227,0.9186111847583948,1.0,77
cmdc_protocol_all_questions_binary_tfidf_logistic,CMDC,Text,MDD classification,TF-IDF + Logistic (all_questions),3,binary_classification,ECE,0.331910756898777,0.26688429666104957,0.3839749740632529,77
cmdc_protocol_all_questions_binary_tfidf_logistic,CMDC,Text,MDD classification,TF-IDF + Logistic (all_questions),3,binary_classification,Brier Score,0.20608769235096816,0.19878294454155748,0.21280303140680115,77
cmdc_protocol_all_questions_binary_tfidf_logistic,CMDC,Text,MDD classification,TF-IDF + Logistic (all_questions),4,binary_classification,Macro-F1,0.8504208935894668,0.7658256626788645,0.9215086646279307,77
cmdc_protocol_all_questions_binary_tfidf_logistic,CMDC,Text,MDD classification,TF-IDF + Logistic (all_questions),4,binary_classification,Balanced Accuracy,0.8200000000000001,0.7249305555555555,0.9,77
cmdc_protocol_all_questions_binary_tfidf_logistic,CMDC,Text,MDD classification,TF-IDF + Logistic (all_questions),4,binary_classification,AUROC,0.9753846153846154,0.9207739179156744,1.0,77
cmdc_protocol_all_questions_binary_tfidf_logistic,CMDC,Text,MDD classification,TF-IDF + Logistic (all_questions),4,binary_classification,AUPRC,0.9775438596491227,0.9186111847583948,1.0,77
cmdc_protocol_all_questions_binary_tfidf_logistic,CMDC,Text,MDD classification,TF-IDF + Logistic (all_questions),4,binary_classification,ECE,0.331910756898777,0.26688429666104957,0.3839749740632529,77
cmdc_protocol_all_questions_binary_tfidf_logistic,CMDC,Text,MDD classification,TF-IDF + Logistic (all_questions),4,binary_classification,Brier Score,0.20608769235096816,0.19878294454155748,0.21280303140680115,77
cmdc_protocol_all_questions_hamd17_tfidf_ridge,CMDC,Text,HAMD-17 regression,TF-IDF + Ridge (all_questions),0,severity_regression,CCC,-0.07849986432127173,-0.14290028650681905,0.0037843930092794657,25
cmdc_protocol_all_questions_hamd17_tfidf_ridge,CMDC,Text,HAMD-17 regression,TF-IDF + Ridge (all_questions),0,severity_regression,MAE,3.7138779512543247,2.9851412686710765,4.577938774143958,25
cmdc_protocol_all_questions_hamd17_tfidf_ridge,CMDC,Text,HAMD-17 regression,TF-IDF + Ridge (all_questions),0,severity_regression,RMSE,4.371880948657623,3.5788885320812356,5.163467132775024,25
cmdc_protocol_all_questions_hamd17_tfidf_ridge,CMDC,Text,HAMD-17 regression,TF-IDF + Ridge (all_questions),0,severity_regression,Spearman,-0.3640953779515428,-0.7053521857838922,0.10301893229598057,25
cmdc_protocol_all_questions_hamd17_tfidf_ridge,CMDC,Text,HAMD-17 regression,TF-IDF + Ridge (all_questions),1,severity_regression,CCC,-0.07849986432127173,-0.14290028650681905,0.0037843930092794657,25
cmdc_protocol_all_questions_hamd17_tfidf_ridge,CMDC,Text,HAMD-17 regression,TF-IDF + Ridge (all_questions),1,severity_regression,MAE,3.7138779512543247,2.9851412686710765,4.577938774143958,25
cmdc_protocol_all_questions_hamd17_tfidf_ridge,CMDC,Text,HAMD-17 regression,TF-IDF + Ridge (all_questions),1,severity_regression,RMSE,4.371880948657623,3.5788885320812356,5.163467132775024,25
cmdc_protocol_all_questions_hamd17_tfidf_ridge,CMDC,Text,HAMD-17 regression,TF-IDF + Ridge (all_questions),1,severity_regression,Spearman,-0.3640953779515428,-0.7053521857838922,0.10301893229598057,25
cmdc_protocol_all_questions_hamd17_tfidf_ridge,CMDC,Text,HAMD-17 regression,TF-IDF + Ridge (all_questions),2,severity_regression,CCC,-0.07849986432127173,-0.14290028650681905,0.0037843930092794657,25
cmdc_protocol_all_questions_hamd17_tfidf_ridge,CMDC,Text,HAMD-17 regression,TF-IDF + Ridge (all_questions),2,severity_regression,MAE,3.7138779512543247,2.9851412686710765,4.577938774143958,25
cmdc_protocol_all_questions_hamd17_tfidf_ridge,CMDC,Text,HAMD-17 regression,TF-IDF + Ridge (all_questions),2,severity_regression,RMSE,4.371880948657623,3.5788885320812356,5.163467132775024,25
cmdc_protocol_all_questions_hamd17_tfidf_ridge,CMDC,Text,HAMD-17 regression,TF-IDF + Ridge (all_questions),2,severity_regression,Spearman,-0.3640953779515428,-0.7053521857838922,0.10301893229598057,25
cmdc_protocol_all_questions_hamd17_tfidf_ridge,CMDC,Text,HAMD-17 regression,TF-IDF + Ridge (all_questions),3,severity_regression,CCC,-0.07849986432127173,-0.14290028650681905,0.0037843930092794657,25
cmdc_protocol_all_questions_hamd17_tfidf_ridge,CMDC,Text,HAMD-17 regression,TF-IDF + Ridge (all_questions),3,severity_regression,MAE,3.7138779512543247,2.9851412686710765,4.577938774143958,25
cmdc_protocol_all_questions_hamd17_tfidf_ridge,CMDC,Text,HAMD-17 regression,TF-IDF + Ridge (all_questions),3,severity_regression,RMSE,4.371880948657623,3.5788885320812356,5.163467132775024,25
cmdc_protocol_all_questions_hamd17_tfidf_ridge,CMDC,Text,HAMD-17 regression,TF-IDF + Ridge (all_questions),3,severity_regression,Spearman,-0.3640953779515428,-0.7053521857838922,0.10301893229598057,25
cmdc_protocol_all_questions_hamd17_tfidf_ridge,CMDC,Text,HAMD-17 regression,TF-IDF + Ridge (all_questions),4,severity_regression,CCC,-0.07849986432127173,-0.14290028650681905,0.0037843930092794657,25
cmdc_protocol_all_questions_hamd17_tfidf_ridge,CMDC,Text,HAMD-17 regression,TF-IDF + Ridge (all_questions),4,severity_regression,MAE,3.7138779512543247,2.9851412686710765,4.577938774143958,25
cmdc_protocol_all_questions_hamd17_tfidf_ridge,CMDC,Text,HAMD-17 regression,TF-IDF + Ridge (all_questions),4,severity_regression,RMSE,4.371880948657623,3.5788885320812356,5.163467132775024,25
cmdc_protocol_all_questions_hamd17_tfidf_ridge,CMDC,Text,HAMD-17 regression,TF-IDF + Ridge (all_questions),4,severity_regression,Spearman,-0.3640953779515428,-0.7053521857838922,0.10301893229598057,25
cmdc_protocol_all_questions_phq9_tfidf_ridge,CMDC,Text,PHQ-9 regression,TF-IDF + Ridge (all_questions),0,severity_regression,CCC,0.05284961351681713,0.03958029110196645,0.06511618267681524,77
cmdc_protocol_all_questions_phq9_tfidf_ridge,CMDC,Text,PHQ-9 regression,TF-IDF + Ridge (all_questions),0,severity_regression,MAE,6.4280737027340535,5.673517496148403,7.097963436415036,77
cmdc_protocol_all_questions_phq9_tfidf_ridge,CMDC,Text,PHQ-9 regression,TF-IDF + Ridge (all_questions),0,severity_regression,RMSE,7.434161512254788,6.50843157048114,8.210221021203612,77
cmdc_protocol_all_questions_phq9_tfidf_ridge,CMDC,Text,PHQ-9 regression,TF-IDF + Ridge (all_questions),0,severity_regression,Spearman,0.5798400391611664,0.3851648791960552,0.7141491362862116,77
cmdc_protocol_all_questions_phq9_tfidf_ridge,CMDC,Text,PHQ-9 regression,TF-IDF + Ridge (all_questions),1,severity_regression,CCC,0.05284961351681713,0.03958029110196645,0.06511618267681524,77
cmdc_protocol_all_questions_phq9_tfidf_ridge,CMDC,Text,PHQ-9 regression,TF-IDF + Ridge (all_questions),1,severity_regression,MAE,6.4280737027340535,5.673517496148403,7.097963436415036,77
cmdc_protocol_all_questions_phq9_tfidf_ridge,CMDC,Text,PHQ-9 regression,TF-IDF + Ridge (all_questions),1,severity_regression,RMSE,7.434161512254788,6.50843157048114,8.210221021203612,77
cmdc_protocol_all_questions_phq9_tfidf_ridge,CMDC,Text,PHQ-9 regression,TF-IDF + Ridge (all_questions),1,severity_regression,Spearman,0.5798400391611664,0.3851648791960552,0.7141491362862116,77
cmdc_protocol_all_questions_phq9_tfidf_ridge,CMDC,Text,PHQ-9 regression,TF-IDF + Ridge (all_questions),2,severity_regression,CCC,0.05284961351681713,0.03958029110196645,0.06511618267681524,77
cmdc_protocol_all_questions_phq9_tfidf_ridge,CMDC,Text,PHQ-9 regression,TF-IDF + Ridge (all_questions),2,severity_regression,MAE,6.4280737027340535,5.673517496148403,7.097963436415036,77
cmdc_protocol_all_questions_phq9_tfidf_ridge,CMDC,Text,PHQ-9 regression,TF-IDF + Ridge (all_questions),2,severity_regression,RMSE,7.434161512254788,6.50843157048114,8.210221021203612,77
cmdc_protocol_all_questions_phq9_tfidf_ridge,CMDC,Text,PHQ-9 regression,TF-IDF + Ridge (all_questions),2,severity_regression,Spearman,0.5798400391611664,0.3851648791960552,0.7141491362862116,77
cmdc_protocol_all_questions_phq9_tfidf_ridge,CMDC,Text,PHQ-9 regression,TF-IDF + Ridge (all_questions),3,severity_regression,CCC,0.05284961351681713,0.03958029110196645,0.06511618267681524,77
cmdc_protocol_all_questions_phq9_tfidf_ridge,CMDC,Text,PHQ-9 regression,TF-IDF + Ridge (all_questions),3,severity_regression,MAE,6.4280737027340535,5.673517496148403,7.097963436415036,77
cmdc_protocol_all_questions_phq9_tfidf_ridge,CMDC,Text,PHQ-9 regression,TF-IDF + Ridge (all_questions),3,severity_regression,RMSE,7.434161512254788,6.50843157048114,8.210221021203612,77
cmdc_protocol_all_questions_phq9_tfidf_ridge,CMDC,Text,PHQ-9 regression,TF-IDF + Ridge (all_questions),3,severity_regression,Spearman,0.5798400391611664,0.3851648791960552,0.7141491362862116,77
cmdc_protocol_all_questions_phq9_tfidf_ridge,CMDC,Text,PHQ-9 regression,TF-IDF + Ridge (all_questions),4,severity_regression,CCC,0.05284961351681713,0.03958029110196645,0.06511618267681524,77
cmdc_protocol_all_questions_phq9_tfidf_ridge,CMDC,Text,PHQ-9 regression,TF-IDF + Ridge (all_questions),4,severity_regression,MAE,6.4280737027340535,5.673517496148403,7.097963436415036,77
cmdc_protocol_all_questions_phq9_tfidf_ridge,CMDC,Text,PHQ-9 regression,TF-IDF + Ridge (all_questions),4,severity_regression,RMSE,7.434161512254788,6.50843157048114,8.210221021203612,77
cmdc_protocol_all_questions_phq9_tfidf_ridge,CMDC,Text,PHQ-9 regression,TF-IDF + Ridge (all_questions),4,severity_regression,Spearman,0.5798400391611664,0.3851648791960552,0.7141491362862116,77
cmdc_protocol_q01_only_binary_tfidf_logistic,CMDC,Text,MDD classification,TF-IDF + Logistic (q01_only),0,binary_classification,Macro-F1,0.7424749163879598,0.6223777623572115,0.845564414137271,77
cmdc_protocol_q01_only_binary_tfidf_logistic,CMDC,Text,MDD classification,TF-IDF + Logistic (q01_only),0,binary_classification,Balanced Accuracy,0.7207692307692308,0.6272647947842116,0.8215681818181818,77
cmdc_protocol_q01_only_binary_tfidf_logistic,CMDC,Text,MDD classification,TF-IDF + Logistic (q01_only),0,binary_classification,AUROC,0.8338461538461538,0.7124770197335132,0.9396265833919775,77
cmdc_protocol_q01_only_binary_tfidf_logistic,CMDC,Text,MDD classification,TF-IDF + Logistic (q01_only),0,binary_classification,AUPRC,0.7247155970742927,0.5471216610046845,0.9196192494306504,77
cmdc_protocol_q01_only_binary_tfidf_logistic,CMDC,Text,MDD classification,TF-IDF + Logistic (q01_only),0,binary_classification,ECE,0.24479507607075565,0.1675544280783269,0.3201369544517557,77
cmdc_protocol_q01_only_binary_tfidf_logistic,CMDC,Text,MDD classification,TF-IDF + Logistic (q01_only),0,binary_classification,Brier Score,0.20895426209277973,0.19520695157125503,0.222398137197337,77
cmdc_protocol_q01_only_binary_tfidf_logistic,CMDC,Text,MDD classification,TF-IDF + Logistic (q01_only),1,binary_classification,Macro-F1,0.7424749163879598,0.6223777623572115,0.845564414137271,77
cmdc_protocol_q01_only_binary_tfidf_logistic,CMDC,Text,MDD classification,TF-IDF + Logistic (q01_only),1,binary_classification,Balanced Accuracy,0.7207692307692308,0.6272647947842116,0.8215681818181818,77
cmdc_protocol_q01_only_binary_tfidf_logistic,CMDC,Text,MDD classification,TF-IDF + Logistic (q01_only),1,binary_classification,AUROC,0.8338461538461538,0.7124770197335132,0.9396265833919775,77
cmdc_protocol_q01_only_binary_tfidf_logistic,CMDC,Text,MDD classification,TF-IDF + Logistic (q01_only),1,binary_classification,AUPRC,0.7247155970742927,0.5471216610046845,0.9196192494306504,77
cmdc_protocol_q01_only_binary_tfidf_logistic,CMDC,Text,MDD classification,TF-IDF + Logistic (q01_only),1,binary_classification,ECE,0.24479507607075565,0.1675544280783269,0.3201369544517557,77
cmdc_protocol_q01_only_binary_tfidf_logistic,CMDC,Text,MDD classification,TF-IDF + Logistic (q01_only),1,binary_classification,Brier Score,0.20895426209277973,0.19520695157125503,0.222398137197337,77
cmdc_protocol_q01_only_binary_tfidf_logistic,CMDC,Text,MDD classification,TF-IDF + Logistic (q01_only),2,binary_classification,Macro-F1,0.7424749163879598,0.6223777623572115,0.845564414137271,77
cmdc_protocol_q01_only_binary_tfidf_logistic,CMDC,Text,MDD classification,TF-IDF + Logistic (q01_only),2,binary_classification,Balanced Accuracy,0.7207692307692308,0.6272647947842116,0.8215681818181818,77
cmdc_protocol_q01_only_binary_tfidf_logistic,CMDC,Text,MDD classification,TF-IDF + Logistic (q01_only),2,binary_classification,AUROC,0.8338461538461538,0.7124770197335132,0.9396265833919775,77
cmdc_protocol_q01_only_binary_tfidf_logistic,CMDC,Text,MDD classification,TF-IDF + Logistic (q01_only),2,binary_classification,AUPRC,0.7247155970742927,0.5471216610046845,0.9196192494306504,77
cmdc_protocol_q01_only_binary_tfidf_logistic,CMDC,Text,MDD classification,TF-IDF + Logistic (q01_only),2,binary_classification,ECE,0.24479507607075565,0.1675544280783269,0.3201369544517557,77
cmdc_protocol_q01_only_binary_tfidf_logistic,CMDC,Text,MDD classification,TF-IDF + Logistic (q01_only),2,binary_classification,Brier Score,0.20895426209277973,0.19520695157125503,0.222398137197337,77
cmdc_protocol_q01_only_binary_tfidf_logistic,CMDC,Text,MDD classification,TF-IDF + Logistic (q01_only),3,binary_classification,Macro-F1,0.7424749163879598,0.6223777623572115,0.845564414137271,77
cmdc_protocol_q01_only_binary_tfidf_logistic,CMDC,Text,MDD classification,TF-IDF + Logistic (q01_only),3,binary_classification,Balanced Accuracy,0.7207692307692308,0.6272647947842116,0.8215681818181818,77
cmdc_protocol_q01_only_binary_tfidf_logistic,CMDC,Text,MDD classification,TF-IDF + Logistic (q01_only),3,binary_classification,AUROC,0.8338461538461538,0.7124770197335132,0.9396265833919775,77
cmdc_protocol_q01_only_binary_tfidf_logistic,CMDC,Text,MDD classification,TF-IDF + Logistic (q01_only),3,binary_classification,AUPRC,0.7247155970742927,0.5471216610046845,0.9196192494306504,77
cmdc_protocol_q01_only_binary_tfidf_logistic,CMDC,Text,MDD classification,TF-IDF + Logistic (q01_only),3,binary_classification,ECE,0.24479507607075565,0.1675544280783269,0.3201369544517557,77
cmdc_protocol_q01_only_binary_tfidf_logistic,CMDC,Text,MDD classification,TF-IDF + Logistic (q01_only),3,binary_classification,Brier Score,0.20895426209277973,0.19520695157125503,0.222398137197337,77
cmdc_protocol_q01_only_binary_tfidf_logistic,CMDC,Text,MDD classification,TF-IDF + Logistic (q01_only),4,binary_classification,Macro-F1,0.7424749163879598,0.6223777623572115,0.845564414137271,77
cmdc_protocol_q01_only_binary_tfidf_logistic,CMDC,Text,MDD classification,TF-IDF + Logistic (q01_only),4,binary_classification,Balanced Accuracy,0.7207692307692308,0.6272647947842116,0.8215681818181818,77
cmdc_protocol_q01_only_binary_tfidf_logistic,CMDC,Text,MDD classification,TF-IDF + Logistic (q01_only),4,binary_classification,AUROC,0.8338461538461538,0.7124770197335132,0.9396265833919775,77
cmdc_protocol_q01_only_binary_tfidf_logistic,CMDC,Text,MDD classification,TF-IDF + Logistic (q01_only),4,binary_classification,AUPRC,0.7247155970742927,0.5471216610046845,0.9196192494306504,77
cmdc_protocol_q01_only_binary_tfidf_logistic,CMDC,Text,MDD classification,TF-IDF + Logistic (q01_only),4,binary_classification,ECE,0.24479507607075565,0.1675544280783269,0.3201369544517557,77
cmdc_protocol_q01_only_binary_tfidf_logistic,CMDC,Text,MDD classification,TF-IDF + Logistic (q01_only),4,binary_classification,Brier Score,0.20895426209277973,0.19520695157125503,0.222398137197337,77
cmdc_protocol_q01_only_hamd17_tfidf_ridge,CMDC,Text,HAMD-17 regression,TF-IDF + Ridge (q01_only),0,severity_regression,CCC,-0.05137371643116235,-0.1503952093450826,0.051344495012327546,25
cmdc_protocol_q01_only_hamd17_tfidf_ridge,CMDC,Text,HAMD-17 regression,TF-IDF + Ridge (q01_only),0,severity_regression,MAE,3.667141165996107,2.955650708514376,4.51926094255759,25
cmdc_protocol_q01_only_hamd17_tfidf_ridge,CMDC,Text,HAMD-17 regression,TF-IDF + Ridge (q01_only),0,severity_regression,RMSE,4.324117363363587,3.5259210862641557,5.102795447370624,25
cmdc_protocol_q01_only_hamd17_tfidf_ridge,CMDC,Text,HAMD-17 regression,TF-IDF + Ridge (q01_only),0,severity_regression,Spearman,-0.23475078451170522,-0.6501588531593288,0.2897789963654757,25
cmdc_protocol_q01_only_hamd17_tfidf_ridge,CMDC,Text,HAMD-17 regression,TF-IDF + Ridge (q01_only),1,severity_regression,CCC,-0.05137371643116235,-0.1503952093450826,0.051344495012327546,25
cmdc_protocol_q01_only_hamd17_tfidf_ridge,CMDC,Text,HAMD-17 regression,TF-IDF + Ridge (q01_only),1,severity_regression,MAE,3.667141165996107,2.955650708514376,4.51926094255759,25
cmdc_protocol_q01_only_hamd17_tfidf_ridge,CMDC,Text,HAMD-17 regression,TF-IDF + Ridge (q01_only),1,severity_regression,RMSE,4.324117363363587,3.5259210862641557,5.102795447370624,25
cmdc_protocol_q01_only_hamd17_tfidf_ridge,CMDC,Text,HAMD-17 regression,TF-IDF + Ridge (q01_only),1,severity_regression,Spearman,-0.23475078451170522,-0.6501588531593288,0.2897789963654757,25
cmdc_protocol_q01_only_hamd17_tfidf_ridge,CMDC,Text,HAMD-17 regression,TF-IDF + Ridge (q01_only),2,severity_regression,CCC,-0.05137371643116235,-0.1503952093450826,0.051344495012327546,25
cmdc_protocol_q01_only_hamd17_tfidf_ridge,CMDC,Text,HAMD-17 regression,TF-IDF + Ridge (q01_only),2,severity_regression,MAE,3.667141165996107,2.955650708514376,4.51926094255759,25
cmdc_protocol_q01_only_hamd17_tfidf_ridge,CMDC,Text,HAMD-17 regression,TF-IDF + Ridge (q01_only),2,severity_regression,RMSE,4.324117363363587,3.5259210862641557,5.102795447370624,25
cmdc_protocol_q01_only_hamd17_tfidf_ridge,CMDC,Text,HAMD-17 regression,TF-IDF + Ridge (q01_only),2,severity_regression,Spearman,-0.23475078451170522,-0.6501588531593288,0.2897789963654757,25
cmdc_protocol_q01_only_hamd17_tfidf_ridge,CMDC,Text,HAMD-17 regression,TF-IDF + Ridge (q01_only),3,severity_regression,CCC,-0.05137371643116235,-0.1503952093450826,0.051344495012327546,25
cmdc_protocol_q01_only_hamd17_tfidf_ridge,CMDC,Text,HAMD-17 regression,TF-IDF + Ridge (q01_only),3,severity_regression,MAE,3.667141165996107,2.955650708514376,4.51926094255759,25
cmdc_protocol_q01_only_hamd17_tfidf_ridge,CMDC,Text,HAMD-17 regression,TF-IDF + Ridge (q01_only),3,severity_regression,RMSE,4.324117363363587,3.5259210862641557,5.102795447370624,25
cmdc_protocol_q01_only_hamd17_tfidf_ridge,CMDC,Text,HAMD-17 regression,TF-IDF + Ridge (q01_only),3,severity_regression,Spearman,-0.23475078451170522,-0.6501588531593288,0.2897789963654757,25
cmdc_protocol_q01_only_hamd17_tfidf_ridge,CMDC,Text,HAMD-17 regression,TF-IDF + Ridge (q01_only),4,severity_regression,CCC,-0.05137371643116235,-0.1503952093450826,0.051344495012327546,25
cmdc_protocol_q01_only_hamd17_tfidf_ridge,CMDC,Text,HAMD-17 regression,TF-IDF + Ridge (q01_only),4,severity_regression,MAE,3.667141165996107,2.955650708514376,4.51926094255759,25
cmdc_protocol_q01_only_hamd17_tfidf_ridge,CMDC,Text,HAMD-17 regression,TF-IDF + Ridge (q01_only),4,severity_regression,RMSE,4.324117363363587,3.5259210862641557,5.102795447370624,25
cmdc_protocol_q01_only_hamd17_tfidf_ridge,CMDC,Text,HAMD-17 regression,TF-IDF + Ridge (q01_only),4,severity_regression,Spearman,-0.23475078451170522,-0.6501588531593288,0.2897789963654757,25
cmdc_protocol_q01_only_phq9_tfidf_ridge,CMDC,Text,PHQ-9 regression,TF-IDF + Ridge (q01_only),0,severity_regression,CCC,0.05104259461729299,0.03302535449418361,0.07673578846651219,77
cmdc_protocol_q01_only_phq9_tfidf_ridge,CMDC,Text,PHQ-9 regression,TF-IDF + Ridge (q01_only),0,severity_regression,MAE,6.411088255880319,5.656160689741122,7.074334388456344,77
cmdc_protocol_q01_only_phq9_tfidf_ridge,CMDC,Text,PHQ-9 regression,TF-IDF + Ridge (q01_only),0,severity_regression,RMSE,7.450556514583733,6.4992319357339445,8.200235581890064,77
cmdc_protocol_q01_only_phq9_tfidf_ridge,CMDC,Text,PHQ-9 regression,TF-IDF + Ridge (q01_only),0,severity_regression,Spearman,0.3417253674686225,0.16475555169840528,0.5243221654350685,77
cmdc_protocol_q01_only_phq9_tfidf_ridge,CMDC,Text,PHQ-9 regression,TF-IDF + Ridge (q01_only),1,severity_regression,CCC,0.05104259461729299,0.03302535449418361,0.07673578846651219,77
cmdc_protocol_q01_only_phq9_tfidf_ridge,CMDC,Text,PHQ-9 regression,TF-IDF + Ridge (q01_only),1,severity_regression,MAE,6.411088255880319,5.656160689741122,7.074334388456344,77
cmdc_protocol_q01_only_phq9_tfidf_ridge,CMDC,Text,PHQ-9 regression,TF-IDF + Ridge (q01_only),1,severity_regression,RMSE,7.450556514583733,6.4992319357339445,8.200235581890064,77
cmdc_protocol_q01_only_phq9_tfidf_ridge,CMDC,Text,PHQ-9 regression,TF-IDF + Ridge (q01_only),1,severity_regression,Spearman,0.3417253674686225,0.16475555169840528,0.5243221654350685,77
cmdc_protocol_q01_only_phq9_tfidf_ridge,CMDC,Text,PHQ-9 regression,TF-IDF + Ridge (q01_only),2,severity_regression,CCC,0.05104259461729299,0.03302535449418361,0.07673578846651219,77
cmdc_protocol_q01_only_phq9_tfidf_ridge,CMDC,Text,PHQ-9 regression,TF-IDF + Ridge (q01_only),2,severity_regression,MAE,6.411088255880319,5.656160689741122,7.074334388456344,77
cmdc_protocol_q01_only_phq9_tfidf_ridge,CMDC,Text,PHQ-9 regression,TF-IDF + Ridge (q01_only),2,severity_regression,RMSE,7.450556514583733,6.4992319357339445,8.200235581890064,77
cmdc_protocol_q01_only_phq9_tfidf_ridge,CMDC,Text,PHQ-9 regression,TF-IDF + Ridge (q01_only),2,severity_regression,Spearman,0.3417253674686225,0.16475555169840528,0.5243221654350685,77
cmdc_protocol_q01_only_phq9_tfidf_ridge,CMDC,Text,PHQ-9 regression,TF-IDF + Ridge (q01_only),3,severity_regression,CCC,0.05104259461729299,0.03302535449418361,0.07673578846651219,77
cmdc_protocol_q01_only_phq9_tfidf_ridge,CMDC,Text,PHQ-9 regression,TF-IDF + Ridge (q01_only),3,severity_regression,MAE,6.411088255880319,5.656160689741122,7.074334388456344,77
cmdc_protocol_q01_only_phq9_tfidf_ridge,CMDC,Text,PHQ-9 regression,TF-IDF + Ridge (q01_only),3,severity_regression,RMSE,7.450556514583733,6.4992319357339445,8.200235581890064,77
cmdc_protocol_q01_only_phq9_tfidf_ridge,CMDC,Text,PHQ-9 regression,TF-IDF + Ridge (q01_only),3,severity_regression,Spearman,0.3417253674686225,0.16475555169840528,0.5243221654350685,77
cmdc_protocol_q01_only_phq9_tfidf_ridge,CMDC,Text,PHQ-9 regression,TF-IDF + Ridge (q01_only),4,severity_regression,CCC,0.05104259461729299,0.03302535449418361,0.07673578846651219,77
cmdc_protocol_q01_only_phq9_tfidf_ridge,CMDC,Text,PHQ-9 regression,TF-IDF + Ridge (q01_only),4,severity_regression,MAE,6.411088255880319,5.656160689741122,7.074334388456344,77
cmdc_protocol_q01_only_phq9_tfidf_ridge,CMDC,Text,PHQ-9 regression,TF-IDF + Ridge (q01_only),4,severity_regression,RMSE,7.450556514583733,6.4992319357339445,8.200235581890064,77
cmdc_protocol_q01_only_phq9_tfidf_ridge,CMDC,Text,PHQ-9 regression,TF-IDF + Ridge (q01_only),4,severity_regression,Spearman,0.3417253674686225,0.16475555169840528,0.5243221654350685,77
cmdc_protocol_q01_q04_binary_tfidf_logistic,CMDC,Text,MDD classification,TF-IDF + Logistic (q01_q04),0,binary_classification,Macro-F1,0.7973684210526316,0.6942226255293406,0.8728823613493426,77
cmdc_protocol_q01_q04_binary_tfidf_logistic,CMDC,Text,MDD classification,TF-IDF + Logistic (q01_q04),0,binary_classification,Balanced Accuracy,0.7703846153846154,0.6749612573099415,0.8542410714285715,77
cmdc_protocol_q01_q04_binary_tfidf_logistic,CMDC,Text,MDD classification,TF-IDF + Logistic (q01_q04),0,binary_classification,AUROC,0.9792307692307692,0.9531641187548466,0.9969879015435962,77
cmdc_protocol_q01_q04_binary_tfidf_logistic,CMDC,Text,MDD classification,TF-IDF + Logistic (q01_q04),0,binary_classification,AUPRC,0.9580269178231705,0.880768496418358,0.9934850936100935,77
cmdc_protocol_q01_q04_binary_tfidf_logistic,CMDC,Text,MDD classification,TF-IDF + Logistic (q01_q04),0,binary_classification,ECE,0.28750223757059223,0.21570316251185717,0.3511620108599749,77
cmdc_protocol_q01_q04_binary_tfidf_logistic,CMDC,Text,MDD classification,TF-IDF + Logistic (q01_q04),0,binary_classification,Brier Score,0.20382105978046067,0.19566513793630352,0.21139134650566171,77
cmdc_protocol_q01_q04_binary_tfidf_logistic,CMDC,Text,MDD classification,TF-IDF + Logistic (q01_q04),1,binary_classification,Macro-F1,0.7973684210526316,0.6942226255293406,0.8728823613493426,77
cmdc_protocol_q01_q04_binary_tfidf_logistic,CMDC,Text,MDD classification,TF-IDF + Logistic (q01_q04),1,binary_classification,Balanced Accuracy,0.7703846153846154,0.6749612573099415,0.8542410714285715,77
cmdc_protocol_q01_q04_binary_tfidf_logistic,CMDC,Text,MDD classification,TF-IDF + Logistic (q01_q04),1,binary_classification,AUROC,0.9792307692307692,0.9531641187548466,0.9969879015435962,77
cmdc_protocol_q01_q04_binary_tfidf_logistic,CMDC,Text,MDD classification,TF-IDF + Logistic (q01_q04),1,binary_classification,AUPRC,0.9580269178231705,0.880768496418358,0.9934850936100935,77
cmdc_protocol_q01_q04_binary_tfidf_logistic,CMDC,Text,MDD classification,TF-IDF + Logistic (q01_q04),1,binary_classification,ECE,0.28750223757059223,0.21570316251185717,0.3511620108599749,77
cmdc_protocol_q01_q04_binary_tfidf_logistic,CMDC,Text,MDD classification,TF-IDF + Logistic (q01_q04),1,binary_classification,Brier Score,0.20382105978046067,0.19566513793630352,0.21139134650566171,77
cmdc_protocol_q01_q04_binary_tfidf_logistic,CMDC,Text,MDD classification,TF-IDF + Logistic (q01_q04),2,binary_classification,Macro-F1,0.7973684210526316,0.6942226255293406,0.8728823613493426,77
cmdc_protocol_q01_q04_binary_tfidf_logistic,CMDC,Text,MDD classification,TF-IDF + Logistic (q01_q04),2,binary_classification,Balanced Accuracy,0.7703846153846154,0.6749612573099415,0.8542410714285715,77
cmdc_protocol_q01_q04_binary_tfidf_logistic,CMDC,Text,MDD classification,TF-IDF + Logistic (q01_q04),2,binary_classification,AUROC,0.9792307692307692,0.9531641187548466,0.9969879015435962,77
cmdc_protocol_q01_q04_binary_tfidf_logistic,CMDC,Text,MDD classification,TF-IDF + Logistic (q01_q04),2,binary_classification,AUPRC,0.9580269178231705,0.880768496418358,0.9934850936100935,77
cmdc_protocol_q01_q04_binary_tfidf_logistic,CMDC,Text,MDD classification,TF-IDF + Logistic (q01_q04),2,binary_classification,ECE,0.28750223757059223,0.21570316251185717,0.3511620108599749,77
cmdc_protocol_q01_q04_binary_tfidf_logistic,CMDC,Text,MDD classification,TF-IDF + Logistic (q01_q04),2,binary_classification,Brier Score,0.20382105978046067,0.19566513793630352,0.21139134650566171,77
cmdc_protocol_q01_q04_binary_tfidf_logistic,CMDC,Text,MDD classification,TF-IDF + Logistic (q01_q04),3,binary_classification,Macro-F1,0.7973684210526316,0.6942226255293406,0.8728823613493426,77
cmdc_protocol_q01_q04_binary_tfidf_logistic,CMDC,Text,MDD classification,TF-IDF + Logistic (q01_q04),3,binary_classification,Balanced Accuracy,0.7703846153846154,0.6749612573099415,0.8542410714285715,77
cmdc_protocol_q01_q04_binary_tfidf_logistic,CMDC,Text,MDD classification,TF-IDF + Logistic (q01_q04),3,binary_classification,AUROC,0.9792307692307692,0.9531641187548466,0.9969879015435962,77
cmdc_protocol_q01_q04_binary_tfidf_logistic,CMDC,Text,MDD classification,TF-IDF + Logistic (q01_q04),3,binary_classification,AUPRC,0.9580269178231705,0.880768496418358,0.9934850936100935,77
cmdc_protocol_q01_q04_binary_tfidf_logistic,CMDC,Text,MDD classification,TF-IDF + Logistic (q01_q04),3,binary_classification,ECE,0.28750223757059223,0.21570316251185717,0.3511620108599749,77
cmdc_protocol_q01_q04_binary_tfidf_logistic,CMDC,Text,MDD classification,TF-IDF + Logistic (q01_q04),3,binary_classification,Brier Score,0.20382105978046067,0.19566513793630352,0.21139134650566171,77
cmdc_protocol_q01_q04_binary_tfidf_logistic,CMDC,Text,MDD classification,TF-IDF + Logistic (q01_q04),4,binary_classification,Macro-F1,0.7973684210526316,0.6942226255293406,0.8728823613493426,77
cmdc_protocol_q01_q04_binary_tfidf_logistic,CMDC,Text,MDD classification,TF-IDF + Logistic (q01_q04),4,binary_classification,Balanced Accuracy,0.7703846153846154,0.6749612573099415,0.8542410714285715,77
cmdc_protocol_q01_q04_binary_tfidf_logistic,CMDC,Text,MDD classification,TF-IDF + Logistic (q01_q04),4,binary_classification,AUROC,0.9792307692307692,0.9531641187548466,0.9969879015435962,77
cmdc_protocol_q01_q04_binary_tfidf_logistic,CMDC,Text,MDD classification,TF-IDF + Logistic (q01_q04),4,binary_classification,AUPRC,0.9580269178231705,0.880768496418358,0.9934850936100935,77
cmdc_protocol_q01_q04_binary_tfidf_logistic,CMDC,Text,MDD classification,TF-IDF + Logistic (q01_q04),4,binary_classification,ECE,0.28750223757059223,0.21570316251185717,0.3511620108599749,77
cmdc_protocol_q01_q04_binary_tfidf_logistic,CMDC,Text,MDD classification,TF-IDF + Logistic (q01_q04),4,binary_classification,Brier Score,0.20382105978046067,0.19566513793630352,0.21139134650566171,77
cmdc_protocol_q01_q04_hamd17_tfidf_ridge,CMDC,Text,HAMD-17 regression,TF-IDF + Ridge (q01_q04),0,severity_regression,CCC,-0.08612395982872476,-0.14748539946026484,-5.036094750057248e-05,25
cmdc_protocol_q01_q04_hamd17_tfidf_ridge,CMDC,Text,HAMD-17 regression,TF-IDF + Ridge (q01_q04),0,severity_regression,MAE,3.73074937460578,2.9918209258570636,4.616560192971869,25
cmdc_protocol_q01_q04_hamd17_tfidf_ridge,CMDC,Text,HAMD-17 regression,TF-IDF + Ridge (q01_q04),0,severity_regression,RMSE,4.388685208268757,3.5936922298837564,5.184645401159501,25
cmdc_protocol_q01_q04_hamd17_tfidf_ridge,CMDC,Text,HAMD-17 regression,TF-IDF + Ridge (q01_q04),0,severity_regression,Spearman,-0.43938551443144824,-0.735917674223189,0.0552190240392141,25
cmdc_protocol_q01_q04_hamd17_tfidf_ridge,CMDC,Text,HAMD-17 regression,TF-IDF + Ridge (q01_q04),1,severity_regression,CCC,-0.08612395982872476,-0.14748539946026484,-5.036094750057248e-05,25
cmdc_protocol_q01_q04_hamd17_tfidf_ridge,CMDC,Text,HAMD-17 regression,TF-IDF + Ridge (q01_q04),1,severity_regression,MAE,3.73074937460578,2.9918209258570636,4.616560192971869,25
cmdc_protocol_q01_q04_hamd17_tfidf_ridge,CMDC,Text,HAMD-17 regression,TF-IDF + Ridge (q01_q04),1,severity_regression,RMSE,4.388685208268757,3.5936922298837564,5.184645401159501,25
cmdc_protocol_q01_q04_hamd17_tfidf_ridge,CMDC,Text,HAMD-17 regression,TF-IDF + Ridge (q01_q04),1,severity_regression,Spearman,-0.43938551443144824,-0.735917674223189,0.0552190240392141,25
cmdc_protocol_q01_q04_hamd17_tfidf_ridge,CMDC,Text,HAMD-17 regression,TF-IDF + Ridge (q01_q04),2,severity_regression,CCC,-0.08612395982872476,-0.14748539946026484,-5.036094750057248e-05,25
cmdc_protocol_q01_q04_hamd17_tfidf_ridge,CMDC,Text,HAMD-17 regression,TF-IDF + Ridge (q01_q04),2,severity_regression,MAE,3.73074937460578,2.9918209258570636,4.616560192971869,25
cmdc_protocol_q01_q04_hamd17_tfidf_ridge,CMDC,Text,HAMD-17 regression,TF-IDF + Ridge (q01_q04),2,severity_regression,RMSE,4.388685208268757,3.5936922298837564,5.184645401159501,25
cmdc_protocol_q01_q04_hamd17_tfidf_ridge,CMDC,Text,HAMD-17 regression,TF-IDF + Ridge (q01_q04),2,severity_regression,Spearman,-0.43938551443144824,-0.735917674223189,0.0552190240392141,25
cmdc_protocol_q01_q04_hamd17_tfidf_ridge,CMDC,Text,HAMD-17 regression,TF-IDF + Ridge (q01_q04),3,severity_regression,CCC,-0.08612395982872476,-0.14748539946026484,-5.036094750057248e-05,25
cmdc_protocol_q01_q04_hamd17_tfidf_ridge,CMDC,Text,HAMD-17 regression,TF-IDF + Ridge (q01_q04),3,severity_regression,MAE,3.73074937460578,2.9918209258570636,4.616560192971869,25
cmdc_protocol_q01_q04_hamd17_tfidf_ridge,CMDC,Text,HAMD-17 regression,TF-IDF + Ridge (q01_q04),3,severity_regression,RMSE,4.388685208268757,3.5936922298837564,5.184645401159501,25
cmdc_protocol_q01_q04_hamd17_tfidf_ridge,CMDC,Text,HAMD-17 regression,TF-IDF + Ridge (q01_q04),3,severity_regression,Spearman,-0.43938551443144824,-0.735917674223189,0.0552190240392141,25
cmdc_protocol_q01_q04_hamd17_tfidf_ridge,CMDC,Text,HAMD-17 regression,TF-IDF + Ridge (q01_q04),4,severity_regression,CCC,-0.08612395982872476,-0.14748539946026484,-5.036094750057248e-05,25
cmdc_protocol_q01_q04_hamd17_tfidf_ridge,CMDC,Text,HAMD-17 regression,TF-IDF + Ridge (q01_q04),4,severity_regression,MAE,3.73074937460578,2.9918209258570636,4.616560192971869,25
cmdc_protocol_q01_q04_hamd17_tfidf_ridge,CMDC,Text,HAMD-17 regression,TF-IDF + Ridge (q01_q04),4,severity_regression,RMSE,4.388685208268757,3.5936922298837564,5.184645401159501,25
cmdc_protocol_q01_q04_hamd17_tfidf_ridge,CMDC,Text,HAMD-17 regression,TF-IDF + Ridge (q01_q04),4,severity_regression,Spearman,-0.43938551443144824,-0.735917674223189,0.0552190240392141,25
cmdc_protocol_q01_q04_phq9_tfidf_ridge,CMDC,Text,PHQ-9 regression,TF-IDF + Ridge (q01_q04),0,severity_regression,CCC,0.05980157010275682,0.04565250139532835,0.07494593345215418,77
cmdc_protocol_q01_q04_phq9_tfidf_ridge,CMDC,Text,PHQ-9 regression,TF-IDF + Ridge (q01_q04),0,severity_regression,MAE,6.409049507517683,5.6609313125332665,7.085233783178089,77
cmdc_protocol_q01_q04_phq9_tfidf_ridge,CMDC,Text,PHQ-9 regression,TF-IDF + Ridge (q01_q04),0,severity_regression,RMSE,7.408224813590561,6.509583066565525,8.170723621010211,77
cmdc_protocol_q01_q04_phq9_tfidf_ridge,CMDC,Text,PHQ-9 regression,TF-IDF + Ridge (q01_q04),0,severity_regression,Spearman,0.5839440905641671,0.3960999653556149,0.71825678180807,77
cmdc_protocol_q01_q04_phq9_tfidf_ridge,CMDC,Text,PHQ-9 regression,TF-IDF + Ridge (q01_q04),1,severity_regression,CCC,0.05980157010275682,0.04565250139532835,0.07494593345215418,77
cmdc_protocol_q01_q04_phq9_tfidf_ridge,CMDC,Text,PHQ-9 regression,TF-IDF + Ridge (q01_q04),1,severity_regression,MAE,6.409049507517683,5.6609313125332665,7.085233783178089,77
cmdc_protocol_q01_q04_phq9_tfidf_ridge,CMDC,Text,PHQ-9 regression,TF-IDF + Ridge (q01_q04),1,severity_regression,RMSE,7.408224813590561,6.509583066565525,8.170723621010211,77
cmdc_protocol_q01_q04_phq9_tfidf_ridge,CMDC,Text,PHQ-9 regression,TF-IDF + Ridge (q01_q04),1,severity_regression,Spearman,0.5839440905641671,0.3960999653556149,0.71825678180807,77
cmdc_protocol_q01_q04_phq9_tfidf_ridge,CMDC,Text,PHQ-9 regression,TF-IDF + Ridge (q01_q04),2,severity_regression,CCC,0.05980157010275682,0.04565250139532835,0.07494593345215418,77
cmdc_protocol_q01_q04_phq9_tfidf_ridge,CMDC,Text,PHQ-9 regression,TF-IDF + Ridge (q01_q04),2,severity_regression,MAE,6.409049507517683,5.6609313125332665,7.085233783178089,77
cmdc_protocol_q01_q04_phq9_tfidf_ridge,CMDC,Text,PHQ-9 regression,TF-IDF + Ridge (q01_q04),2,severity_regression,RMSE,7.408224813590561,6.509583066565525,8.170723621010211,77
cmdc_protocol_q01_q04_phq9_tfidf_ridge,CMDC,Text,PHQ-9 regression,TF-IDF + Ridge (q01_q04),2,severity_regression,Spearman,0.5839440905641671,0.3960999653556149,0.71825678180807,77
cmdc_protocol_q01_q04_phq9_tfidf_ridge,CMDC,Text,PHQ-9 regression,TF-IDF + Ridge (q01_q04),3,severity_regression,CCC,0.05980157010275682,0.04565250139532835,0.07494593345215418,77
cmdc_protocol_q01_q04_phq9_tfidf_ridge,CMDC,Text,PHQ-9 regression,TF-IDF + Ridge (q01_q04),3,severity_regression,MAE,6.409049507517683,5.6609313125332665,7.085233783178089,77
cmdc_protocol_q01_q04_phq9_tfidf_ridge,CMDC,Text,PHQ-9 regression,TF-IDF + Ridge (q01_q04),3,severity_regression,RMSE,7.408224813590561,6.509583066565525,8.170723621010211,77
cmdc_protocol_q01_q04_phq9_tfidf_ridge,CMDC,Text,PHQ-9 regression,TF-IDF + Ridge (q01_q04),3,severity_regression,Spearman,0.5839440905641671,0.3960999653556149,0.71825678180807,77
cmdc_protocol_q01_q04_phq9_tfidf_ridge,CMDC,Text,PHQ-9 regression,TF-IDF + Ridge (q01_q04),4,severity_regression,CCC,0.05980157010275682,0.04565250139532835,0.07494593345215418,77
cmdc_protocol_q01_q04_phq9_tfidf_ridge,CMDC,Text,PHQ-9 regression,TF-IDF + Ridge (q01_q04),4,severity_regression,MAE,6.409049507517683,5.6609313125332665,7.085233783178089,77
cmdc_protocol_q01_q04_phq9_tfidf_ridge,CMDC,Text,PHQ-9 regression,TF-IDF + Ridge (q01_q04),4,severity_regression,RMSE,7.408224813590561,6.509583066565525,8.170723621010211,77
cmdc_protocol_q01_q04_phq9_tfidf_ridge,CMDC,Text,PHQ-9 regression,TF-IDF + Ridge (q01_q04),4,severity_regression,Spearman,0.5839440905641671,0.3960999653556149,0.71825678180807,77
cmdc_protocol_q02_only_binary_tfidf_logistic,CMDC,Text,MDD classification,TF-IDF + Logistic (q02_only),0,binary_classification,Macro-F1,0.5707915273132664,0.46893591665705603,0.7019391316366904,77
cmdc_protocol_q02_only_binary_tfidf_logistic,CMDC,Text,MDD classification,TF-IDF + Logistic (q02_only),0,binary_classification,Balanced Accuracy,0.5726923076923077,0.48886502177068214,0.6911764705882353,77
cmdc_protocol_q02_only_binary_tfidf_logistic,CMDC,Text,MDD classification,TF-IDF + Logistic (q02_only),0,binary_classification,AUROC,0.6823076923076923,0.5726190735102219,0.8115384615384615,77
cmdc_protocol_q02_only_binary_tfidf_logistic,CMDC,Text,MDD classification,TF-IDF + Logistic (q02_only),0,binary_classification,AUPRC,0.4835748188394514,0.3237113240124454,0.6763549664244161,77
cmdc_protocol_q02_only_binary_tfidf_logistic,CMDC,Text,MDD classification,TF-IDF + Logistic (q02_only),0,binary_classification,ECE,0.1336151861762507,0.07102847976102357,0.23348871039014213,77
cmdc_protocol_q02_only_binary_tfidf_logistic,CMDC,Text,MDD classification,TF-IDF + Logistic (q02_only),0,binary_classification,Brier Score,0.225677706340366,0.21261062392451988,0.23671394640525148,77
cmdc_protocol_q02_only_binary_tfidf_logistic,CMDC,Text,MDD classification,TF-IDF + Logistic (q02_only),1,binary_classification,Macro-F1,0.5707915273132664,0.46893591665705603,0.7019391316366904,77
cmdc_protocol_q02_only_binary_tfidf_logistic,CMDC,Text,MDD classification,TF-IDF + Logistic (q02_only),1,binary_classification,Balanced Accuracy,0.5726923076923077,0.48886502177068214,0.6911764705882353,77
cmdc_protocol_q02_only_binary_tfidf_logistic,CMDC,Text,MDD classification,TF-IDF + Logistic (q02_only),1,binary_classification,AUROC,0.6823076923076923,0.5726190735102219,0.8115384615384615,77
cmdc_protocol_q02_only_binary_tfidf_logistic,CMDC,Text,MDD classification,TF-IDF + Logistic (q02_only),1,binary_classification,AUPRC,0.4835748188394514,0.3237113240124454,0.6763549664244161,77
cmdc_protocol_q02_only_binary_tfidf_logistic,CMDC,Text,MDD classification,TF-IDF + Logistic (q02_only),1,binary_classification,ECE,0.1336151861762507,0.07102847976102357,0.23348871039014213,77
cmdc_protocol_q02_only_binary_tfidf_logistic,CMDC,Text,MDD classification,TF-IDF + Logistic (q02_only),1,binary_classification,Brier Score,0.225677706340366,0.21261062392451988,0.23671394640525148,77
cmdc_protocol_q02_only_binary_tfidf_logistic,CMDC,Text,MDD classification,TF-IDF + Logistic (q02_only),2,binary_classification,Macro-F1,0.5707915273132664,0.46893591665705603,0.7019391316366904,77
cmdc_protocol_q02_only_binary_tfidf_logistic,CMDC,Text,MDD classification,TF-IDF + Logistic (q02_only),2,binary_classification,Balanced Accuracy,0.5726923076923077,0.48886502177068214,0.6911764705882353,77
cmdc_protocol_q02_only_binary_tfidf_logistic,CMDC,Text,MDD classification,TF-IDF + Logistic (q02_only),2,binary_classification,AUROC,0.6823076923076923,0.5726190735102219,0.8115384615384615,77
cmdc_protocol_q02_only_binary_tfidf_logistic,CMDC,Text,MDD classification,TF-IDF + Logistic (q02_only),2,binary_classification,AUPRC,0.4835748188394514,0.3237113240124454,0.6763549664244161,77
cmdc_protocol_q02_only_binary_tfidf_logistic,CMDC,Text,MDD classification,TF-IDF + Logistic (q02_only),2,binary_classification,ECE,0.1336151861762507,0.07102847976102357,0.23348871039014213,77
cmdc_protocol_q02_only_binary_tfidf_logistic,CMDC,Text,MDD classification,TF-IDF + Logistic (q02_only),2,binary_classification,Brier Score,0.225677706340366,0.21261062392451988,0.23671394640525148,77
cmdc_protocol_q02_only_binary_tfidf_logistic,CMDC,Text,MDD classification,TF-IDF + Logistic (q02_only),3,binary_classification,Macro-F1,0.5707915273132664,0.46893591665705603,0.7019391316366904,77
cmdc_protocol_q02_only_binary_tfidf_logistic,CMDC,Text,MDD classification,TF-IDF + Logistic (q02_only),3,binary_classification,Balanced Accuracy,0.5726923076923077,0.48886502177068214,0.6911764705882353,77
cmdc_protocol_q02_only_binary_tfidf_logistic,CMDC,Text,MDD classification,TF-IDF + Logistic (q02_only),3,binary_classification,AUROC,0.6823076923076923,0.5726190735102219,0.8115384615384615,77
cmdc_protocol_q02_only_binary_tfidf_logistic,CMDC,Text,MDD classification,TF-IDF + Logistic (q02_only),3,binary_classification,AUPRC,0.4835748188394514,0.3237113240124454,0.6763549664244161,77
cmdc_protocol_q02_only_binary_tfidf_logistic,CMDC,Text,MDD classification,TF-IDF + Logistic (q02_only),3,binary_classification,ECE,0.1336151861762507,0.07102847976102357,0.23348871039014213,77
cmdc_protocol_q02_only_binary_tfidf_logistic,CMDC,Text,MDD classification,TF-IDF + Logistic (q02_only),3,binary_classification,Brier Score,0.225677706340366,0.21261062392451988,0.23671394640525148,77
cmdc_protocol_q02_only_binary_tfidf_logistic,CMDC,Text,MDD classification,TF-IDF + Logistic (q02_only),4,binary_classification,Macro-F1,0.5707915273132664,0.46893591665705603,0.7019391316366904,77
cmdc_protocol_q02_only_binary_tfidf_logistic,CMDC,Text,MDD classification,TF-IDF + Logistic (q02_only),4,binary_classification,Balanced Accuracy,0.5726923076923077,0.48886502177068214,0.6911764705882353,77
cmdc_protocol_q02_only_binary_tfidf_logistic,CMDC,Text,MDD classification,TF-IDF + Logistic (q02_only),4,binary_classification,AUROC,0.6823076923076923,0.5726190735102219,0.8115384615384615,77
cmdc_protocol_q02_only_binary_tfidf_logistic,CMDC,Text,MDD classification,TF-IDF + Logistic (q02_only),4,binary_classification,AUPRC,0.4835748188394514,0.3237113240124454,0.6763549664244161,77
cmdc_protocol_q02_only_binary_tfidf_logistic,CMDC,Text,MDD classification,TF-IDF + Logistic (q02_only),4,binary_classification,ECE,0.1336151861762507,0.07102847976102357,0.23348871039014213,77
cmdc_protocol_q02_only_binary_tfidf_logistic,CMDC,Text,MDD classification,TF-IDF + Logistic (q02_only),4,binary_classification,Brier Score,0.225677706340366,0.21261062392451988,0.23671394640525148,77
cmdc_protocol_q02_only_hamd17_tfidf_ridge,CMDC,Text,HAMD-17 regression,TF-IDF + Ridge (q02_only),0,severity_regression,CCC,-0.09901871477926372,-0.176232689606186,-0.006711813039413021,25
cmdc_protocol_q02_only_hamd17_tfidf_ridge,CMDC,Text,HAMD-17 regression,TF-IDF + Ridge (q02_only),0,severity_regression,MAE,3.7715035005433832,3.03325416873812,4.61460037647442,25
cmdc_protocol_q02_only_hamd17_tfidf_ridge,CMDC,Text,HAMD-17 regression,TF-IDF + Ridge (q02_only),0,severity_regression,RMSE,4.420299979680491,3.610199248102003,5.216145097436712,25
cmdc_protocol_q02_only_hamd17_tfidf_ridge,CMDC,Text,HAMD-17 regression,TF-IDF + Ridge (q02_only),0,severity_regression,Spearman,-0.4610072972154211,-0.7607435393739096,-0.003974082118975585,25
cmdc_protocol_q02_only_hamd17_tfidf_ridge,CMDC,Text,HAMD-17 regression,TF-IDF + Ridge (q02_only),1,severity_regression,CCC,-0.09901871477926372,-0.176232689606186,-0.006711813039413021,25
cmdc_protocol_q02_only_hamd17_tfidf_ridge,CMDC,Text,HAMD-17 regression,TF-IDF + Ridge (q02_only),1,severity_regression,MAE,3.7715035005433832,3.03325416873812,4.61460037647442,25
cmdc_protocol_q02_only_hamd17_tfidf_ridge,CMDC,Text,HAMD-17 regression,TF-IDF + Ridge (q02_only),1,severity_regression,RMSE,4.420299979680491,3.610199248102003,5.216145097436712,25
cmdc_protocol_q02_only_hamd17_tfidf_ridge,CMDC,Text,HAMD-17 regression,TF-IDF + Ridge (q02_only),1,severity_regression,Spearman,-0.4610072972154211,-0.7607435393739096,-0.003974082118975585,25
cmdc_protocol_q02_only_hamd17_tfidf_ridge,CMDC,Text,HAMD-17 regression,TF-IDF + Ridge (q02_only),2,severity_regression,CCC,-0.09901871477926372,-0.176232689606186,-0.006711813039413021,25
cmdc_protocol_q02_only_hamd17_tfidf_ridge,CMDC,Text,HAMD-17 regression,TF-IDF + Ridge (q02_only),2,severity_regression,MAE,3.7715035005433832,3.03325416873812,4.61460037647442,25
cmdc_protocol_q02_only_hamd17_tfidf_ridge,CMDC,Text,HAMD-17 regression,TF-IDF + Ridge (q02_only),2,severity_regression,RMSE,4.420299979680491,3.610199248102003,5.216145097436712,25
cmdc_protocol_q02_only_hamd17_tfidf_ridge,CMDC,Text,HAMD-17 regression,TF-IDF + Ridge (q02_only),2,severity_regression,Spearman,-0.4610072972154211,-0.7607435393739096,-0.003974082118975585,25
cmdc_protocol_q02_only_hamd17_tfidf_ridge,CMDC,Text,HAMD-17 regression,TF-IDF + Ridge (q02_only),3,severity_regression,CCC,-0.09901871477926372,-0.176232689606186,-0.006711813039413021,25
cmdc_protocol_q02_only_hamd17_tfidf_ridge,CMDC,Text,HAMD-17 regression,TF-IDF + Ridge (q02_only),3,severity_regression,MAE,3.7715035005433832,3.03325416873812,4.61460037647442,25
cmdc_protocol_q02_only_hamd17_tfidf_ridge,CMDC,Text,HAMD-17 regression,TF-IDF + Ridge (q02_only),3,severity_regression,RMSE,4.420299979680491,3.610199248102003,5.216145097436712,25
cmdc_protocol_q02_only_hamd17_tfidf_ridge,CMDC,Text,HAMD-17 regression,TF-IDF + Ridge (q02_only),3,severity_regression,Spearman,-0.4610072972154211,-0.7607435393739096,-0.003974082118975585,25
cmdc_protocol_q02_only_hamd17_tfidf_ridge,CMDC,Text,HAMD-17 regression,TF-IDF + Ridge (q02_only),4,severity_regression,CCC,-0.09901871477926372,-0.176232689606186,-0.006711813039413021,25
cmdc_protocol_q02_only_hamd17_tfidf_ridge,CMDC,Text,HAMD-17 regression,TF-IDF + Ridge (q02_only),4,severity_regression,MAE,3.7715035005433832,3.03325416873812,4.61460037647442,25
cmdc_protocol_q02_only_hamd17_tfidf_ridge,CMDC,Text,HAMD-17 regression,TF-IDF + Ridge (q02_only),4,severity_regression,RMSE,4.420299979680491,3.610199248102003,5.216145097436712,25
cmdc_protocol_q02_only_hamd17_tfidf_ridge,CMDC,Text,HAMD-17 regression,TF-IDF + Ridge (q02_only),4,severity_regression,Spearman,-0.4610072972154211,-0.7607435393739096,-0.003974082118975585,25
cmdc_protocol_q02_only_phq9_tfidf_ridge,CMDC,Text,PHQ-9 regression,TF-IDF + Ridge (q02_only),0,severity_regression,CCC,0.015865473857744554,2.6649297171197474e-06,0.03339750527720993,77
cmdc_protocol_q02_only_phq9_tfidf_ridge,CMDC,Text,PHQ-9 regression,TF-IDF + Ridge (q02_only),0,severity_regression,MAE,6.55658626611044,5.778403815656822,7.257266448235293,77
cmdc_protocol_q02_only_phq9_tfidf_ridge,CMDC,Text,PHQ-9 regression,TF-IDF + Ridge (q02_only),0,severity_regression,RMSE,7.580323370783613,6.641426855993043,8.365203133230686,77
cmdc_protocol_q02_only_phq9_tfidf_ridge,CMDC,Text,PHQ-9 regression,TF-IDF + Ridge (q02_only),0,severity_regression,Spearman,0.14101201859436296,-0.05019953050831641,0.3328163454336954,77
cmdc_protocol_q02_only_phq9_tfidf_ridge,CMDC,Text,PHQ-9 regression,TF-IDF + Ridge (q02_only),1,severity_regression,CCC,0.015865473857744554,2.6649297171197474e-06,0.03339750527720993,77
cmdc_protocol_q02_only_phq9_tfidf_ridge,CMDC,Text,PHQ-9 regression,TF-IDF + Ridge (q02_only),1,severity_regression,MAE,6.55658626611044,5.778403815656822,7.257266448235293,77
cmdc_protocol_q02_only_phq9_tfidf_ridge,CMDC,Text,PHQ-9 regression,TF-IDF + Ridge (q02_only),1,severity_regression,RMSE,7.580323370783613,6.641426855993043,8.365203133230686,77
cmdc_protocol_q02_only_phq9_tfidf_ridge,CMDC,Text,PHQ-9 regression,TF-IDF + Ridge (q02_only),1,severity_regression,Spearman,0.14101201859436296,-0.05019953050831641,0.3328163454336954,77
cmdc_protocol_q02_only_phq9_tfidf_ridge,CMDC,Text,PHQ-9 regression,TF-IDF + Ridge (q02_only),2,severity_regression,CCC,0.015865473857744554,2.6649297171197474e-06,0.03339750527720993,77
cmdc_protocol_q02_only_phq9_tfidf_ridge,CMDC,Text,PHQ-9 regression,TF-IDF + Ridge (q02_only),2,severity_regression,MAE,6.55658626611044,5.778403815656822,7.257266448235293,77
cmdc_protocol_q02_only_phq9_tfidf_ridge,CMDC,Text,PHQ-9 regression,TF-IDF + Ridge (q02_only),2,severity_regression,RMSE,7.580323370783613,6.641426855993043,8.365203133230686,77
cmdc_protocol_q02_only_phq9_tfidf_ridge,CMDC,Text,PHQ-9 regression,TF-IDF + Ridge (q02_only),2,severity_regression,Spearman,0.14101201859436296,-0.05019953050831641,0.3328163454336954,77
cmdc_protocol_q02_only_phq9_tfidf_ridge,CMDC,Text,PHQ-9 regression,TF-IDF + Ridge (q02_only),3,severity_regression,CCC,0.015865473857744554,2.6649297171197474e-06,0.03339750527720993,77
cmdc_protocol_q02_only_phq9_tfidf_ridge,CMDC,Text,PHQ-9 regression,TF-IDF + Ridge (q02_only),3,severity_regression,MAE,6.55658626611044,5.778403815656822,7.257266448235293,77
cmdc_protocol_q02_only_phq9_tfidf_ridge,CMDC,Text,PHQ-9 regression,TF-IDF + Ridge (q02_only),3,severity_regression,RMSE,7.580323370783613,6.641426855993043,8.365203133230686,77
cmdc_protocol_q02_only_phq9_tfidf_ridge,CMDC,Text,PHQ-9 regression,TF-IDF + Ridge (q02_only),3,severity_regression,Spearman,0.14101201859436296,-0.05019953050831641,0.3328163454336954,77
cmdc_protocol_q02_only_phq9_tfidf_ridge,CMDC,Text,PHQ-9 regression,TF-IDF + Ridge (q02_only),4,severity_regression,CCC,0.015865473857744554,2.6649297171197474e-06,0.03339750527720993,77
cmdc_protocol_q02_only_phq9_tfidf_ridge,CMDC,Text,PHQ-9 regression,TF-IDF + Ridge (q02_only),4,severity_regression,MAE,6.55658626611044,5.778403815656822,7.257266448235293,77
cmdc_protocol_q02_only_phq9_tfidf_ridge,CMDC,Text,PHQ-9 regression,TF-IDF + Ridge (q02_only),4,severity_regression,RMSE,7.580323370783613,6.641426855993043,8.365203133230686,77
cmdc_protocol_q02_only_phq9_tfidf_ridge,CMDC,Text,PHQ-9 regression,TF-IDF + Ridge (q02_only),4,severity_regression,Spearman,0.14101201859436296,-0.05019953050831641,0.3328163454336954,77
cmdc_protocol_q03_only_binary_tfidf_logistic,CMDC,Text,MDD classification,TF-IDF + Logistic (q03_only),0,binary_classification,Macro-F1,0.817181092164904,0.7081382385730212,0.895546218487395,77
cmdc_protocol_q03_only_binary_tfidf_logistic,CMDC,Text,MDD classification,TF-IDF + Logistic (q03_only),0,binary_classification,Balanced Accuracy,0.7903846153846154,0.6937037037037037,0.8750972222222222,77
cmdc_protocol_q03_only_binary_tfidf_logistic,CMDC,Text,MDD classification,TF-IDF + Logistic (q03_only),0,binary_classification,AUROC,0.9769230769230769,0.9496136089923726,0.9975372725772824,77
cmdc_protocol_q03_only_binary_tfidf_logistic,CMDC,Text,MDD classification,TF-IDF + Logistic (q03_only),0,binary_classification,AUPRC,0.953782734792031,0.8957018358803223,0.9945467766305716,77
cmdc_protocol_q03_only_binary_tfidf_logistic,CMDC,Text,MDD classification,TF-IDF + Logistic (q03_only),0,binary_classification,ECE,0.3028937378585128,0.215912537249565,0.36422206892159936,77
cmdc_protocol_q03_only_binary_tfidf_logistic,CMDC,Text,MDD classification,TF-IDF + Logistic (q03_only),0,binary_classification,Brier Score,0.20516473297729804,0.19809336574695197,0.21295994820945666,77
cmdc_protocol_q03_only_binary_tfidf_logistic,CMDC,Text,MDD classification,TF-IDF + Logistic (q03_only),1,binary_classification,Macro-F1,0.817181092164904,0.7081382385730212,0.895546218487395,77
cmdc_protocol_q03_only_binary_tfidf_logistic,CMDC,Text,MDD classification,TF-IDF + Logistic (q03_only),1,binary_classification,Balanced Accuracy,0.7903846153846154,0.6937037037037037,0.8750972222222222,77
cmdc_protocol_q03_only_binary_tfidf_logistic,CMDC,Text,MDD classification,TF-IDF + Logistic (q03_only),1,binary_classification,AUROC,0.9769230769230769,0.9496136089923726,0.9975372725772824,77
cmdc_protocol_q03_only_binary_tfidf_logistic,CMDC,Text,MDD classification,TF-IDF + Logistic (q03_only),1,binary_classification,AUPRC,0.953782734792031,0.8957018358803223,0.9945467766305716,77
cmdc_protocol_q03_only_binary_tfidf_logistic,CMDC,Text,MDD classification,TF-IDF + Logistic (q03_only),1,binary_classification,ECE,0.3028937378585128,0.215912537249565,0.36422206892159936,77
cmdc_protocol_q03_only_binary_tfidf_logistic,CMDC,Text,MDD classification,TF-IDF + Logistic (q03_only),1,binary_classification,Brier Score,0.20516473297729804,0.19809336574695197,0.21295994820945666,77
cmdc_protocol_q03_only_binary_tfidf_logistic,CMDC,Text,MDD classification,TF-IDF + Logistic (q03_only),2,binary_classification,Macro-F1,0.817181092164904,0.7081382385730212,0.895546218487395,77
cmdc_protocol_q03_only_binary_tfidf_logistic,CMDC,Text,MDD classification,TF-IDF + Logistic (q03_only),2,binary_classification,Balanced Accuracy,0.7903846153846154,0.6937037037037037,0.8750972222222222,77
cmdc_protocol_q03_only_binary_tfidf_logistic,CMDC,Text,MDD classification,TF-IDF + Logistic (q03_only),2,binary_classification,AUROC,0.9769230769230769,0.9496136089923726,0.9975372725772824,77
cmdc_protocol_q03_only_binary_tfidf_logistic,CMDC,Text,MDD classification,TF-IDF + Logistic (q03_only),2,binary_classification,AUPRC,0.953782734792031,0.8957018358803223,0.9945467766305716,77
cmdc_protocol_q03_only_binary_tfidf_logistic,CMDC,Text,MDD classification,TF-IDF + Logistic (q03_only),2,binary_classification,ECE,0.3028937378585128,0.215912537249565,0.36422206892159936,77
cmdc_protocol_q03_only_binary_tfidf_logistic,CMDC,Text,MDD classification,TF-IDF + Logistic (q03_only),2,binary_classification,Brier Score,0.20516473297729804,0.19809336574695197,0.21295994820945666,77
cmdc_protocol_q03_only_binary_tfidf_logistic,CMDC,Text,MDD classification,TF-IDF + Logistic (q03_only),3,binary_classification,Macro-F1,0.817181092164904,0.7081382385730212,0.895546218487395,77
cmdc_protocol_q03_only_binary_tfidf_logistic,CMDC,Text,MDD classification,TF-IDF + Logistic (q03_only),3,binary_classification,Balanced Accuracy,0.7903846153846154,0.6937037037037037,0.8750972222222222,77
cmdc_protocol_q03_only_binary_tfidf_logistic,CMDC,Text,MDD classification,TF-IDF + Logistic (q03_only),3,binary_classification,AUROC,0.9769230769230769,0.9496136089923726,0.9975372725772824,77
cmdc_protocol_q03_only_binary_tfidf_logistic,CMDC,Text,MDD classification,TF-IDF + Logistic (q03_only),3,binary_classification,AUPRC,0.953782734792031,0.8957018358803223,0.9945467766305716,77
cmdc_protocol_q03_only_binary_tfidf_logistic,CMDC,Text,MDD classification,TF-IDF + Logistic (q03_only),3,binary_classification,ECE,0.3028937378585128,0.215912537249565,0.36422206892159936,77
cmdc_protocol_q03_only_binary_tfidf_logistic,CMDC,Text,MDD classification,TF-IDF + Logistic (q03_only),3,binary_classification,Brier Score,0.20516473297729804,0.19809336574695197,0.21295994820945666,77
cmdc_protocol_q03_only_binary_tfidf_logistic,CMDC,Text,MDD classification,TF-IDF + Logistic (q03_only),4,binary_classification,Macro-F1,0.817181092164904,0.7081382385730212,0.895546218487395,77
cmdc_protocol_q03_only_binary_tfidf_logistic,CMDC,Text,MDD classification,TF-IDF + Logistic (q03_only),4,binary_classification,Balanced Accuracy,0.7903846153846154,0.6937037037037037,0.8750972222222222,77
cmdc_protocol_q03_only_binary_tfidf_logistic,CMDC,Text,MDD classification,TF-IDF + Logistic (q03_only),4,binary_classification,AUROC,0.9769230769230769,0.9496136089923726,0.9975372725772824,77
cmdc_protocol_q03_only_binary_tfidf_logistic,CMDC,Text,MDD classification,TF-IDF + Logistic (q03_only),4,binary_classification,AUPRC,0.953782734792031,0.8957018358803223,0.9945467766305716,77
cmdc_protocol_q03_only_binary_tfidf_logistic,CMDC,Text,MDD classification,TF-IDF + Logistic (q03_only),4,binary_classification,ECE,0.3028937378585128,0.215912537249565,0.36422206892159936,77
cmdc_protocol_q03_only_binary_tfidf_logistic,CMDC,Text,MDD classification,TF-IDF + Logistic (q03_only),4,binary_classification,Brier Score,0.20516473297729804,0.19809336574695197,0.21295994820945666,77
cmdc_protocol_q03_only_hamd17_tfidf_ridge,CMDC,Text,HAMD-17 regression,TF-IDF + Ridge (q03_only),0,severity_regression,CCC,-0.08772966484374654,-0.14871869453801617,-0.0014989966835305159,25
cmdc_protocol_q03_only_hamd17_tfidf_ridge,CMDC,Text,HAMD-17 regression,TF-IDF + Ridge (q03_only),0,severity_regression,MAE,3.7295788728979966,2.983405575486966,4.6234335432302744,25
cmdc_protocol_q03_only_hamd17_tfidf_ridge,CMDC,Text,HAMD-17 regression,TF-IDF + Ridge (q03_only),0,severity_regression,RMSE,4.3925365749916825,3.5773428384832138,5.198003206206924,25
cmdc_protocol_q03_only_hamd17_tfidf_ridge,CMDC,Text,HAMD-17 regression,TF-IDF + Ridge (q03_only),0,severity_regression,Spearman,-0.43475227526345406,-0.7322776199617718,0.05705238140224516,25
cmdc_protocol_q03_only_hamd17_tfidf_ridge,CMDC,Text,HAMD-17 regression,TF-IDF + Ridge (q03_only),1,severity_regression,CCC,-0.08772966484374654,-0.14871869453801617,-0.0014989966835305159,25
cmdc_protocol_q03_only_hamd17_tfidf_ridge,CMDC,Text,HAMD-17 regression,TF-IDF + Ridge (q03_only),1,severity_regression,MAE,3.7295788728979966,2.983405575486966,4.6234335432302744,25
cmdc_protocol_q03_only_hamd17_tfidf_ridge,CMDC,Text,HAMD-17 regression,TF-IDF + Ridge (q03_only),1,severity_regression,RMSE,4.3925365749916825,3.5773428384832138,5.198003206206924,25
cmdc_protocol_q03_only_hamd17_tfidf_ridge,CMDC,Text,HAMD-17 regression,TF-IDF + Ridge (q03_only),1,severity_regression,Spearman,-0.43475227526345406,-0.7322776199617718,0.05705238140224516,25
cmdc_protocol_q03_only_hamd17_tfidf_ridge,CMDC,Text,HAMD-17 regression,TF-IDF + Ridge (q03_only),2,severity_regression,CCC,-0.08772966484374654,-0.14871869453801617,-0.0014989966835305159,25
cmdc_protocol_q03_only_hamd17_tfidf_ridge,CMDC,Text,HAMD-17 regression,TF-IDF + Ridge (q03_only),2,severity_regression,MAE,3.7295788728979966,2.983405575486966,4.6234335432302744,25
cmdc_protocol_q03_only_hamd17_tfidf_ridge,CMDC,Text,HAMD-17 regression,TF-IDF + Ridge (q03_only),2,severity_regression,RMSE,4.3925365749916825,3.5773428384832138,5.198003206206924,25
cmdc_protocol_q03_only_hamd17_tfidf_ridge,CMDC,Text,HAMD-17 regression,TF-IDF + Ridge (q03_only),2,severity_regression,Spearman,-0.43475227526345406,-0.7322776199617718,0.05705238140224516,25
cmdc_protocol_q03_only_hamd17_tfidf_ridge,CMDC,Text,HAMD-17 regression,TF-IDF + Ridge (q03_only),3,severity_regression,CCC,-0.08772966484374654,-0.14871869453801617,-0.0014989966835305159,25
cmdc_protocol_q03_only_hamd17_tfidf_ridge,CMDC,Text,HAMD-17 regression,TF-IDF + Ridge (q03_only),3,severity_regression,MAE,3.7295788728979966,2.983405575486966,4.6234335432302744,25
cmdc_protocol_q03_only_hamd17_tfidf_ridge,CMDC,Text,HAMD-17 regression,TF-IDF + Ridge (q03_only),3,severity_regression,RMSE,4.3925365749916825,3.5773428384832138,5.198003206206924,25
cmdc_protocol_q03_only_hamd17_tfidf_ridge,CMDC,Text,HAMD-17 regression,TF-IDF + Ridge (q03_only),3,severity_regression,Spearman,-0.43475227526345406,-0.7322776199617718,0.05705238140224516,25
cmdc_protocol_q03_only_hamd17_tfidf_ridge,CMDC,Text,HAMD-17 regression,TF-IDF + Ridge (q03_only),4,severity_regression,CCC,-0.08772966484374654,-0.14871869453801617,-0.0014989966835305159,25
cmdc_protocol_q03_only_hamd17_tfidf_ridge,CMDC,Text,HAMD-17 regression,TF-IDF + Ridge (q03_only),4,severity_regression,MAE,3.7295788728979966,2.983405575486966,4.6234335432302744,25
cmdc_protocol_q03_only_hamd17_tfidf_ridge,CMDC,Text,HAMD-17 regression,TF-IDF + Ridge (q03_only),4,severity_regression,RMSE,4.3925365749916825,3.5773428384832138,5.198003206206924,25
cmdc_protocol_q03_only_hamd17_tfidf_ridge,CMDC,Text,HAMD-17 regression,TF-IDF + Ridge (q03_only),4,severity_regression,Spearman,-0.43475227526345406,-0.7322776199617718,0.05705238140224516,25
cmdc_protocol_q03_only_phq9_tfidf_ridge,CMDC,Text,PHQ-9 regression,TF-IDF + Ridge (q03_only),0,severity_regression,CCC,0.06456333042000045,0.05171841885470184,0.08268462894546871,77
cmdc_protocol_q03_only_phq9_tfidf_ridge,CMDC,Text,PHQ-9 regression,TF-IDF + Ridge (q03_only),0,severity_regression,MAE,6.399496275041384,5.648907813745204,7.0575988388579045,77
cmdc_protocol_q03_only_phq9_tfidf_ridge,CMDC,Text,PHQ-9 regression,TF-IDF + Ridge (q03_only),0,severity_regression,RMSE,7.390315702562141,6.492989446581245,8.154035926069486,77
cmdc_protocol_q03_only_phq9_tfidf_ridge,CMDC,Text,PHQ-9 regression,TF-IDF + Ridge (q03_only),0,severity_regression,Spearman,0.6066691130578051,0.41098745863400316,0.7281959098571811,77
cmdc_protocol_q03_only_phq9_tfidf_ridge,CMDC,Text,PHQ-9 regression,TF-IDF + Ridge (q03_only),1,severity_regression,CCC,0.06456333042000045,0.05171841885470184,0.08268462894546871,77
cmdc_protocol_q03_only_phq9_tfidf_ridge,CMDC,Text,PHQ-9 regression,TF-IDF + Ridge (q03_only),1,severity_regression,MAE,6.399496275041384,5.648907813745204,7.0575988388579045,77
cmdc_protocol_q03_only_phq9_tfidf_ridge,CMDC,Text,PHQ-9 regression,TF-IDF + Ridge (q03_only),1,severity_regression,RMSE,7.390315702562141,6.492989446581245,8.154035926069486,77
cmdc_protocol_q03_only_phq9_tfidf_ridge,CMDC,Text,PHQ-9 regression,TF-IDF + Ridge (q03_only),1,severity_regression,Spearman,0.6066691130578051,0.41098745863400316,0.7281959098571811,77
cmdc_protocol_q03_only_phq9_tfidf_ridge,CMDC,Text,PHQ-9 regression,TF-IDF + Ridge (q03_only),2,severity_regression,CCC,0.06456333042000045,0.05171841885470184,0.08268462894546871,77
cmdc_protocol_q03_only_phq9_tfidf_ridge,CMDC,Text,PHQ-9 regression,TF-IDF + Ridge (q03_only),2,severity_regression,MAE,6.399496275041384,5.648907813745204,7.0575988388579045,77
cmdc_protocol_q03_only_phq9_tfidf_ridge,CMDC,Text,PHQ-9 regression,TF-IDF + Ridge (q03_only),2,severity_regression,RMSE,7.390315702562141,6.492989446581245,8.154035926069486,77
cmdc_protocol_q03_only_phq9_tfidf_ridge,CMDC,Text,PHQ-9 regression,TF-IDF + Ridge (q03_only),2,severity_regression,Spearman,0.6066691130578051,0.41098745863400316,0.7281959098571811,77
cmdc_protocol_q03_only_phq9_tfidf_ridge,CMDC,Text,PHQ-9 regression,TF-IDF + Ridge (q03_only),3,severity_regression,CCC,0.06456333042000045,0.05171841885470184,0.08268462894546871,77
cmdc_protocol_q03_only_phq9_tfidf_ridge,CMDC,Text,PHQ-9 regression,TF-IDF + Ridge (q03_only),3,severity_regression,MAE,6.399496275041384,5.648907813745204,7.0575988388579045,77
cmdc_protocol_q03_only_phq9_tfidf_ridge,CMDC,Text,PHQ-9 regression,TF-IDF + Ridge (q03_only),3,severity_regression,RMSE,7.390315702562141,6.492989446581245,8.154035926069486,77
cmdc_protocol_q03_only_phq9_tfidf_ridge,CMDC,Text,PHQ-9 regression,TF-IDF + Ridge (q03_only),3,severity_regression,Spearman,0.6066691130578051,0.41098745863400316,0.7281959098571811,77
cmdc_protocol_q03_only_phq9_tfidf_ridge,CMDC,Text,PHQ-9 regression,TF-IDF + Ridge (q03_only),4,severity_regression,CCC,0.06456333042000045,0.05171841885470184,0.08268462894546871,77
cmdc_protocol_q03_only_phq9_tfidf_ridge,CMDC,Text,PHQ-9 regression,TF-IDF + Ridge (q03_only),4,severity_regression,MAE,6.399496275041384,5.648907813745204,7.0575988388579045,77
cmdc_protocol_q03_only_phq9_tfidf_ridge,CMDC,Text,PHQ-9 regression,TF-IDF + Ridge (q03_only),4,severity_regression,RMSE,7.390315702562141,6.492989446581245,8.154035926069486,77
cmdc_protocol_q03_only_phq9_tfidf_ridge,CMDC,Text,PHQ-9 regression,TF-IDF + Ridge (q03_only),4,severity_regression,Spearman,0.6066691130578051,0.41098745863400316,0.7281959098571811,77
cmdc_protocol_q04_only_binary_tfidf_logistic,CMDC,Text,MDD classification,TF-IDF + Logistic (q04_only),0,binary_classification,Macro-F1,0.6487394957983194,0.5113852832512316,0.7507014893157782,77
cmdc_protocol_q04_only_binary_tfidf_logistic,CMDC,Text,MDD classification,TF-IDF + Logistic (q04_only),0,binary_classification,Balanced Accuracy,0.6407692307692308,0.5511949685534592,0.721924178895877,77
cmdc_protocol_q04_only_binary_tfidf_logistic,CMDC,Text,MDD classification,TF-IDF + Logistic (q04_only),0,binary_classification,AUROC,0.7438461538461538,0.6283776010404162,0.8413208801425079,77
cmdc_protocol_q04_only_binary_tfidf_logistic,CMDC,Text,MDD classification,TF-IDF + Logistic (q04_only),0,binary_classification,AUPRC,0.648504935325739,0.4669514366096099,0.7770062644355419,77
cmdc_protocol_q04_only_binary_tfidf_logistic,CMDC,Text,MDD classification,TF-IDF + Logistic (q04_only),0,binary_classification,ECE,0.18330491329101137,0.10495093669996794,0.2645471243316133,77
cmdc_protocol_q04_only_binary_tfidf_logistic,CMDC,Text,MDD classification,TF-IDF + Logistic (q04_only),0,binary_classification,Brier Score,0.2128483015665198,0.2015748213887097,0.22496644308733593,77
cmdc_protocol_q04_only_binary_tfidf_logistic,CMDC,Text,MDD classification,TF-IDF + Logistic (q04_only),1,binary_classification,Macro-F1,0.6487394957983194,0.5113852832512316,0.7507014893157782,77
cmdc_protocol_q04_only_binary_tfidf_logistic,CMDC,Text,MDD classification,TF-IDF + Logistic (q04_only),1,binary_classification,Balanced Accuracy,0.6407692307692308,0.5511949685534592,0.721924178895877,77
cmdc_protocol_q04_only_binary_tfidf_logistic,CMDC,Text,MDD classification,TF-IDF + Logistic (q04_only),1,binary_classification,AUROC,0.7438461538461538,0.6283776010404162,0.8413208801425079,77
cmdc_protocol_q04_only_binary_tfidf_logistic,CMDC,Text,MDD classification,TF-IDF + Logistic (q04_only),1,binary_classification,AUPRC,0.648504935325739,0.4669514366096099,0.7770062644355419,77
cmdc_protocol_q04_only_binary_tfidf_logistic,CMDC,Text,MDD classification,TF-IDF + Logistic (q04_only),1,binary_classification,ECE,0.18330491329101137,0.10495093669996794,0.2645471243316133,77
cmdc_protocol_q04_only_binary_tfidf_logistic,CMDC,Text,MDD classification,TF-IDF + Logistic (q04_only),1,binary_classification,Brier Score,0.2128483015665198,0.2015748213887097,0.22496644308733593,77
cmdc_protocol_q04_only_binary_tfidf_logistic,CMDC,Text,MDD classification,TF-IDF + Logistic (q04_only),2,binary_classification,Macro-F1,0.6487394957983194,0.5113852832512316,0.7507014893157782,77
cmdc_protocol_q04_only_binary_tfidf_logistic,CMDC,Text,MDD classification,TF-IDF + Logistic (q04_only),2,binary_classification,Balanced Accuracy,0.6407692307692308,0.5511949685534592,0.721924178895877,77
cmdc_protocol_q04_only_binary_tfidf_logistic,CMDC,Text,MDD classification,TF-IDF + Logistic (q04_only),2,binary_classification,AUROC,0.7438461538461538,0.6283776010404162,0.8413208801425079,77
cmdc_protocol_q04_only_binary_tfidf_logistic,CMDC,Text,MDD classification,TF-IDF + Logistic (q04_only),2,binary_classification,AUPRC,0.648504935325739,0.4669514366096099,0.7770062644355419,77
cmdc_protocol_q04_only_binary_tfidf_logistic,CMDC,Text,MDD classification,TF-IDF + Logistic (q04_only),2,binary_classification,ECE,0.18330491329101137,0.10495093669996794,0.2645471243316133,77
cmdc_protocol_q04_only_binary_tfidf_logistic,CMDC,Text,MDD classification,TF-IDF + Logistic (q04_only),2,binary_classification,Brier Score,0.2128483015665198,0.2015748213887097,0.22496644308733593,77
cmdc_protocol_q04_only_binary_tfidf_logistic,CMDC,Text,MDD classification,TF-IDF + Logistic (q04_only),3,binary_classification,Macro-F1,0.6487394957983194,0.5113852832512316,0.7507014893157782,77
cmdc_protocol_q04_only_binary_tfidf_logistic,CMDC,Text,MDD classification,TF-IDF + Logistic (q04_only),3,binary_classification,Balanced Accuracy,0.6407692307692308,0.5511949685534592,0.721924178895877,77
cmdc_protocol_q04_only_binary_tfidf_logistic,CMDC,Text,MDD classification,TF-IDF + Logistic (q04_only),3,binary_classification,AUROC,0.7438461538461538,0.6283776010404162,0.8413208801425079,77
cmdc_protocol_q04_only_binary_tfidf_logistic,CMDC,Text,MDD classification,TF-IDF + Logistic (q04_only),3,binary_classification,AUPRC,0.648504935325739,0.4669514366096099,0.7770062644355419,77
cmdc_protocol_q04_only_binary_tfidf_logistic,CMDC,Text,MDD classification,TF-IDF + Logistic (q04_only),3,binary_classification,ECE,0.18330491329101137,0.10495093669996794,0.2645471243316133,77
cmdc_protocol_q04_only_binary_tfidf_logistic,CMDC,Text,MDD classification,TF-IDF + Logistic (q04_only),3,binary_classification,Brier Score,0.2128483015665198,0.2015748213887097,0.22496644308733593,77
cmdc_protocol_q04_only_binary_tfidf_logistic,CMDC,Text,MDD classification,TF-IDF + Logistic (q04_only),4,binary_classification,Macro-F1,0.6487394957983194,0.5113852832512316,0.7507014893157782,77
cmdc_protocol_q04_only_binary_tfidf_logistic,CMDC,Text,MDD classification,TF-IDF + Logistic (q04_only),4,binary_classification,Balanced Accuracy,0.6407692307692308,0.5511949685534592,0.721924178895877,77
cmdc_protocol_q04_only_binary_tfidf_logistic,CMDC,Text,MDD classification,TF-IDF + Logistic (q04_only),4,binary_classification,AUROC,0.7438461538461538,0.6283776010404162,0.8413208801425079,77
cmdc_protocol_q04_only_binary_tfidf_logistic,CMDC,Text,MDD classification,TF-IDF + Logistic (q04_only),4,binary_classification,AUPRC,0.648504935325739,0.4669514366096099,0.7770062644355419,77
cmdc_protocol_q04_only_binary_tfidf_logistic,CMDC,Text,MDD classification,TF-IDF + Logistic (q04_only),4,binary_classification,ECE,0.18330491329101137,0.10495093669996794,0.2645471243316133,77
cmdc_protocol_q04_only_binary_tfidf_logistic,CMDC,Text,MDD classification,TF-IDF + Logistic (q04_only),4,binary_classification,Brier Score,0.2128483015665198,0.2015748213887097,0.22496644308733593,77
cmdc_protocol_q04_only_hamd17_tfidf_ridge,CMDC,Text,HAMD-17 regression,TF-IDF + Ridge (q04_only),0,severity_regression,CCC,-0.10832398956954843,-0.17115043027454846,-0.02036668018229429,25
cmdc_protocol_q04_only_hamd17_tfidf_ridge,CMDC,Text,HAMD-17 regression,TF-IDF + Ridge (q04_only),0,severity_regression,MAE,3.7713650294515055,3.0334401555825674,4.652758913523639,25
cmdc_protocol_q04_only_hamd17_tfidf_ridge,CMDC,Text,HAMD-17 regression,TF-IDF + Ridge (q04_only),0,severity_regression,RMSE,4.438112377237132,3.625190631499927,5.239744689939687,25
cmdc_protocol_q04_only_hamd17_tfidf_ridge,CMDC,Text,HAMD-17 regression,TF-IDF + Ridge (q04_only),0,severity_regression,Spearman,-0.50965630847936,-0.772864671369679,-0.05669887748467383,25
cmdc_protocol_q04_only_hamd17_tfidf_ridge,CMDC,Text,HAMD-17 regression,TF-IDF + Ridge (q04_only),1,severity_regression,CCC,-0.10832398956954843,-0.17115043027454846,-0.02036668018229429,25
cmdc_protocol_q04_only_hamd17_tfidf_ridge,CMDC,Text,HAMD-17 regression,TF-IDF + Ridge (q04_only),1,severity_regression,MAE,3.7713650294515055,3.0334401555825674,4.652758913523639,25
cmdc_protocol_q04_only_hamd17_tfidf_ridge,CMDC,Text,HAMD-17 regression,TF-IDF + Ridge (q04_only),1,severity_regression,RMSE,4.438112377237132,3.625190631499927,5.239744689939687,25
cmdc_protocol_q04_only_hamd17_tfidf_ridge,CMDC,Text,HAMD-17 regression,TF-IDF + Ridge (q04_only),1,severity_regression,Spearman,-0.50965630847936,-0.772864671369679,-0.05669887748467383,25
cmdc_protocol_q04_only_hamd17_tfidf_ridge,CMDC,Text,HAMD-17 regression,TF-IDF + Ridge (q04_only),2,severity_regression,CCC,-0.10832398956954843,-0.17115043027454846,-0.02036668018229429,25
cmdc_protocol_q04_only_hamd17_tfidf_ridge,CMDC,Text,HAMD-17 regression,TF-IDF + Ridge (q04_only),2,severity_regression,MAE,3.7713650294515055,3.0334401555825674,4.652758913523639,25
cmdc_protocol_q04_only_hamd17_tfidf_ridge,CMDC,Text,HAMD-17 regression,TF-IDF + Ridge (q04_only),2,severity_regression,RMSE,4.438112377237132,3.625190631499927,5.239744689939687,25
cmdc_protocol_q04_only_hamd17_tfidf_ridge,CMDC,Text,HAMD-17 regression,TF-IDF + Ridge (q04_only),2,severity_regression,Spearman,-0.50965630847936,-0.772864671369679,-0.05669887748467383,25
cmdc_protocol_q04_only_hamd17_tfidf_ridge,CMDC,Text,HAMD-17 regression,TF-IDF + Ridge (q04_only),3,severity_regression,CCC,-0.10832398956954843,-0.17115043027454846,-0.02036668018229429,25
cmdc_protocol_q04_only_hamd17_tfidf_ridge,CMDC,Text,HAMD-17 regression,TF-IDF + Ridge (q04_only),3,severity_regression,MAE,3.7713650294515055,3.0334401555825674,4.652758913523639,25
cmdc_protocol_q04_only_hamd17_tfidf_ridge,CMDC,Text,HAMD-17 regression,TF-IDF + Ridge (q04_only),3,severity_regression,RMSE,4.438112377237132,3.625190631499927,5.239744689939687,25
cmdc_protocol_q04_only_hamd17_tfidf_ridge,CMDC,Text,HAMD-17 regression,TF-IDF + Ridge (q04_only),3,severity_regression,Spearman,-0.50965630847936,-0.772864671369679,-0.05669887748467383,25
cmdc_protocol_q04_only_hamd17_tfidf_ridge,CMDC,Text,HAMD-17 regression,TF-IDF + Ridge (q04_only),4,severity_regression,CCC,-0.10832398956954843,-0.17115043027454846,-0.02036668018229429,25
cmdc_protocol_q04_only_hamd17_tfidf_ridge,CMDC,Text,HAMD-17 regression,TF-IDF + Ridge (q04_only),4,severity_regression,MAE,3.7713650294515055,3.0334401555825674,4.652758913523639,25
cmdc_protocol_q04_only_hamd17_tfidf_ridge,CMDC,Text,HAMD-17 regression,TF-IDF + Ridge (q04_only),4,severity_regression,RMSE,4.438112377237132,3.625190631499927,5.239744689939687,25
cmdc_protocol_q04_only_hamd17_tfidf_ridge,CMDC,Text,HAMD-17 regression,TF-IDF + Ridge (q04_only),4,severity_regression,Spearman,-0.50965630847936,-0.772864671369679,-0.05669887748467383,25
cmdc_protocol_q04_only_phq9_tfidf_ridge,CMDC,Text,PHQ-9 regression,TF-IDF + Ridge (q04_only),0,severity_regression,CCC,0.050160885065404774,0.0171626985474364,0.08513996394571542,77
cmdc_protocol_q04_only_phq9_tfidf_ridge,CMDC,Text,PHQ-9 regression,TF-IDF + Ridge (q04_only),0,severity_regression,MAE,6.434007801360557,5.660099398965933,7.1102003822478075,77
cmdc_protocol_q04_only_phq9_tfidf_ridge,CMDC,Text,PHQ-9 regression,TF-IDF + Ridge (q04_only),0,severity_regression,RMSE,7.4553896308467795,6.535021582037528,8.215873480124928,77
cmdc_protocol_q04_only_phq9_tfidf_ridge,CMDC,Text,PHQ-9 regression,TF-IDF + Ridge (q04_only),0,severity_regression,Spearman,0.22998625920504748,-0.013125506823475862,0.44795126119190537,77
cmdc_protocol_q04_only_phq9_tfidf_ridge,CMDC,Text,PHQ-9 regression,TF-IDF + Ridge (q04_only),1,severity_regression,CCC,0.050160885065404774,0.0171626985474364,0.08513996394571542,77
cmdc_protocol_q04_only_phq9_tfidf_ridge,CMDC,Text,PHQ-9 regression,TF-IDF + Ridge (q04_only),1,severity_regression,MAE,6.434007801360557,5.660099398965933,7.1102003822478075,77
cmdc_protocol_q04_only_phq9_tfidf_ridge,CMDC,Text,PHQ-9 regression,TF-IDF + Ridge (q04_only),1,severity_regression,RMSE,7.4553896308467795,6.535021582037528,8.215873480124928,77
cmdc_protocol_q04_only_phq9_tfidf_ridge,CMDC,Text,PHQ-9 regression,TF-IDF + Ridge (q04_only),1,severity_regression,Spearman,0.22998625920504748,-0.013125506823475862,0.44795126119190537,77
cmdc_protocol_q04_only_phq9_tfidf_ridge,CMDC,Text,PHQ-9 regression,TF-IDF + Ridge (q04_only),2,severity_regression,CCC,0.050160885065404774,0.0171626985474364,0.08513996394571542,77
cmdc_protocol_q04_only_phq9_tfidf_ridge,CMDC,Text,PHQ-9 regression,TF-IDF + Ridge (q04_only),2,severity_regression,MAE,6.434007801360557,5.660099398965933,7.1102003822478075,77
cmdc_protocol_q04_only_phq9_tfidf_ridge,CMDC,Text,PHQ-9 regression,TF-IDF + Ridge (q04_only),2,severity_regression,RMSE,7.4553896308467795,6.535021582037528,8.215873480124928,77
cmdc_protocol_q04_only_phq9_tfidf_ridge,CMDC,Text,PHQ-9 regression,TF-IDF + Ridge (q04_only),2,severity_regression,Spearman,0.22998625920504748,-0.013125506823475862,0.44795126119190537,77
cmdc_protocol_q04_only_phq9_tfidf_ridge,CMDC,Text,PHQ-9 regression,TF-IDF + Ridge (q04_only),3,severity_regression,CCC,0.050160885065404774,0.0171626985474364,0.08513996394571542,77
cmdc_protocol_q04_only_phq9_tfidf_ridge,CMDC,Text,PHQ-9 regression,TF-IDF + Ridge (q04_only),3,severity_regression,MAE,6.434007801360557,5.660099398965933,7.1102003822478075,77
cmdc_protocol_q04_only_phq9_tfidf_ridge,CMDC,Text,PHQ-9 regression,TF-IDF + Ridge (q04_only),3,severity_regression,RMSE,7.4553896308467795,6.535021582037528,8.215873480124928,77
cmdc_protocol_q04_only_phq9_tfidf_ridge,CMDC,Text,PHQ-9 regression,TF-IDF + Ridge (q04_only),3,severity_regression,Spearman,0.22998625920504748,-0.013125506823475862,0.44795126119190537,77
cmdc_protocol_q04_only_phq9_tfidf_ridge,CMDC,Text,PHQ-9 regression,TF-IDF + Ridge (q04_only),4,severity_regression,CCC,0.050160885065404774,0.0171626985474364,0.08513996394571542,77
cmdc_protocol_q04_only_phq9_tfidf_ridge,CMDC,Text,PHQ-9 regression,TF-IDF + Ridge (q04_only),4,severity_regression,MAE,6.434007801360557,5.660099398965933,7.1102003822478075,77
cmdc_protocol_q04_only_phq9_tfidf_ridge,CMDC,Text,PHQ-9 regression,TF-IDF + Ridge (q04_only),4,severity_regression,RMSE,7.4553896308467795,6.535021582037528,8.215873480124928,77
cmdc_protocol_q04_only_phq9_tfidf_ridge,CMDC,Text,PHQ-9 regression,TF-IDF + Ridge (q04_only),4,severity_regression,Spearman,0.22998625920504748,-0.013125506823475862,0.44795126119190537,77
cmdc_protocol_q05_only_binary_tfidf_logistic,CMDC,Text,MDD classification,TF-IDF + Logistic (q05_only),0,binary_classification,Macro-F1,0.6622807017543859,0.5282168601066238,0.7688877848436673,77
cmdc_protocol_q05_only_binary_tfidf_logistic,CMDC,Text,MDD classification,TF-IDF + Logistic (q05_only),0,binary_classification,Balanced Accuracy,0.6519230769230769,0.5447931790683604,0.7501167385057471,77
cmdc_protocol_q05_only_binary_tfidf_logistic,CMDC,Text,MDD classification,TF-IDF + Logistic (q05_only),0,binary_classification,AUROC,0.73,0.59449679943101,0.8376681669394436,77
cmdc_protocol_q05_only_binary_tfidf_logistic,CMDC,Text,MDD classification,TF-IDF + Logistic (q05_only),0,binary_classification,AUPRC,0.5331756996119471,0.3416403939529486,0.7398357315973669,77
cmdc_protocol_q05_only_binary_tfidf_logistic,CMDC,Text,MDD classification,TF-IDF + Logistic (q05_only),0,binary_classification,ECE,0.1971581727093457,0.10134583052870659,0.29424410357781905,77
cmdc_protocol_q05_only_binary_tfidf_logistic,CMDC,Text,MDD classification,TF-IDF + Logistic (q05_only),0,binary_classification,Brier Score,0.2205631864283407,0.20617763584444285,0.23542637548130613,77
cmdc_protocol_q05_only_binary_tfidf_logistic,CMDC,Text,MDD classification,TF-IDF + Logistic (q05_only),1,binary_classification,Macro-F1,0.6622807017543859,0.5282168601066238,0.7688877848436673,77
cmdc_protocol_q05_only_binary_tfidf_logistic,CMDC,Text,MDD classification,TF-IDF + Logistic (q05_only),1,binary_classification,Balanced Accuracy,0.6519230769230769,0.5447931790683604,0.7501167385057471,77
cmdc_protocol_q05_only_binary_tfidf_logistic,CMDC,Text,MDD classification,TF-IDF + Logistic (q05_only),1,binary_classification,AUROC,0.73,0.59449679943101,0.8376681669394436,77
cmdc_protocol_q05_only_binary_tfidf_logistic,CMDC,Text,MDD classification,TF-IDF + Logistic (q05_only),1,binary_classification,AUPRC,0.5331756996119471,0.3416403939529486,0.7398357315973669,77
cmdc_protocol_q05_only_binary_tfidf_logistic,CMDC,Text,MDD classification,TF-IDF + Logistic (q05_only),1,binary_classification,ECE,0.1971581727093457,0.10134583052870659,0.29424410357781905,77
cmdc_protocol_q05_only_binary_tfidf_logistic,CMDC,Text,MDD classification,TF-IDF + Logistic (q05_only),1,binary_classification,Brier Score,0.2205631864283407,0.20617763584444285,0.23542637548130613,77
cmdc_protocol_q05_only_binary_tfidf_logistic,CMDC,Text,MDD classification,TF-IDF + Logistic (q05_only),2,binary_classification,Macro-F1,0.6622807017543859,0.5282168601066238,0.7688877848436673,77
cmdc_protocol_q05_only_binary_tfidf_logistic,CMDC,Text,MDD classification,TF-IDF + Logistic (q05_only),2,binary_classification,Balanced Accuracy,0.6519230769230769,0.5447931790683604,0.7501167385057471,77
cmdc_protocol_q05_only_binary_tfidf_logistic,CMDC,Text,MDD classification,TF-IDF + Logistic (q05_only),2,binary_classification,AUROC,0.73,0.59449679943101,0.8376681669394436,77
cmdc_protocol_q05_only_binary_tfidf_logistic,CMDC,Text,MDD classification,TF-IDF + Logistic (q05_only),2,binary_classification,AUPRC,0.5331756996119471,0.3416403939529486,0.7398357315973669,77
cmdc_protocol_q05_only_binary_tfidf_logistic,CMDC,Text,MDD classification,TF-IDF + Logistic (q05_only),2,binary_classification,ECE,0.1971581727093457,0.10134583052870659,0.29424410357781905,77
cmdc_protocol_q05_only_binary_tfidf_logistic,CMDC,Text,MDD classification,TF-IDF + Logistic (q05_only),2,binary_classification,Brier Score,0.2205631864283407,0.20617763584444285,0.23542637548130613,77
cmdc_protocol_q05_only_binary_tfidf_logistic,CMDC,Text,MDD classification,TF-IDF + Logistic (q05_only),3,binary_classification,Macro-F1,0.6622807017543859,0.5282168601066238,0.7688877848436673,77
cmdc_protocol_q05_only_binary_tfidf_logistic,CMDC,Text,MDD classification,TF-IDF + Logistic (q05_only),3,binary_classification,Balanced Accuracy,0.6519230769230769,0.5447931790683604,0.7501167385057471,77
cmdc_protocol_q05_only_binary_tfidf_logistic,CMDC,Text,MDD classification,TF-IDF + Logistic (q05_only),3,binary_classification,AUROC,0.73,0.59449679943101,0.8376681669394436,77
cmdc_protocol_q05_only_binary_tfidf_logistic,CMDC,Text,MDD classification,TF-IDF + Logistic (q05_only),3,binary_classification,AUPRC,0.5331756996119471,0.3416403939529486,0.7398357315973669,77
cmdc_protocol_q05_only_binary_tfidf_logistic,CMDC,Text,MDD classification,TF-IDF + Logistic (q05_only),3,binary_classification,ECE,0.1971581727093457,0.10134583052870659,0.29424410357781905,77
cmdc_protocol_q05_only_binary_tfidf_logistic,CMDC,Text,MDD classification,TF-IDF + Logistic (q05_only),3,binary_classification,Brier Score,0.2205631864283407,0.20617763584444285,0.23542637548130613,77
cmdc_protocol_q05_only_binary_tfidf_logistic,CMDC,Text,MDD classification,TF-IDF + Logistic (q05_only),4,binary_classification,Macro-F1,0.6622807017543859,0.5282168601066238,0.7688877848436673,77
cmdc_protocol_q05_only_binary_tfidf_logistic,CMDC,Text,MDD classification,TF-IDF + Logistic (q05_only),4,binary_classification,Balanced Accuracy,0.6519230769230769,0.5447931790683604,0.7501167385057471,77
cmdc_protocol_q05_only_binary_tfidf_logistic,CMDC,Text,MDD classification,TF-IDF + Logistic (q05_only),4,binary_classification,AUROC,0.73,0.59449679943101,0.8376681669394436,77
cmdc_protocol_q05_only_binary_tfidf_logistic,CMDC,Text,MDD classification,TF-IDF + Logistic (q05_only),4,binary_classification,AUPRC,0.5331756996119471,0.3416403939529486,0.7398357315973669,77
cmdc_protocol_q05_only_binary_tfidf_logistic,CMDC,Text,MDD classification,TF-IDF + Logistic (q05_only),4,binary_classification,ECE,0.1971581727093457,0.10134583052870659,0.29424410357781905,77
cmdc_protocol_q05_only_binary_tfidf_logistic,CMDC,Text,MDD classification,TF-IDF + Logistic (q05_only),4,binary_classification,Brier Score,0.2205631864283407,0.20617763584444285,0.23542637548130613,77
cmdc_protocol_q05_only_hamd17_tfidf_ridge,CMDC,Text,HAMD-17 regression,TF-IDF + Ridge (q05_only),0,severity_regression,CCC,-0.06340015991413363,-0.13417598803427924,0.004700252717117074,25
cmdc_protocol_q05_only_hamd17_tfidf_ridge,CMDC,Text,HAMD-17 regression,TF-IDF + Ridge (q05_only),0,severity_regression,MAE,3.6846970533751415,2.9534839693846693,4.503606674526111,25
cmdc_protocol_q05_only_hamd17_tfidf_ridge,CMDC,Text,HAMD-17 regression,TF-IDF + Ridge (q05_only),0,severity_regression,RMSE,4.339096311392019,3.525093048577427,5.064946706839852,25
cmdc_protocol_q05_only_hamd17_tfidf_ridge,CMDC,Text,HAMD-17 regression,TF-IDF + Ridge (q05_only),0,severity_regression,Spearman,-0.32471284502359227,-0.6753918852480997,0.1014116766288532,25
cmdc_protocol_q05_only_hamd17_tfidf_ridge,CMDC,Text,HAMD-17 regression,TF-IDF + Ridge (q05_only),1,severity_regression,CCC,-0.06340015991413363,-0.13417598803427924,0.004700252717117074,25
cmdc_protocol_q05_only_hamd17_tfidf_ridge,CMDC,Text,HAMD-17 regression,TF-IDF + Ridge (q05_only),1,severity_regression,MAE,3.6846970533751415,2.9534839693846693,4.503606674526111,25
cmdc_protocol_q05_only_hamd17_tfidf_ridge,CMDC,Text,HAMD-17 regression,TF-IDF + Ridge (q05_only),1,severity_regression,RMSE,4.339096311392019,3.525093048577427,5.064946706839852,25
cmdc_protocol_q05_only_hamd17_tfidf_ridge,CMDC,Text,HAMD-17 regression,TF-IDF + Ridge (q05_only),1,severity_regression,Spearman,-0.32471284502359227,-0.6753918852480997,0.1014116766288532,25
cmdc_protocol_q05_only_hamd17_tfidf_ridge,CMDC,Text,HAMD-17 regression,TF-IDF + Ridge (q05_only),2,severity_regression,CCC,-0.06340015991413363,-0.13417598803427924,0.004700252717117074,25
cmdc_protocol_q05_only_hamd17_tfidf_ridge,CMDC,Text,HAMD-17 regression,TF-IDF + Ridge (q05_only),2,severity_regression,MAE,3.6846970533751415,2.9534839693846693,4.503606674526111,25
cmdc_protocol_q05_only_hamd17_tfidf_ridge,CMDC,Text,HAMD-17 regression,TF-IDF + Ridge (q05_only),2,severity_regression,RMSE,4.339096311392019,3.525093048577427,5.064946706839852,25
cmdc_protocol_q05_only_hamd17_tfidf_ridge,CMDC,Text,HAMD-17 regression,TF-IDF + Ridge (q05_only),2,severity_regression,Spearman,-0.32471284502359227,-0.6753918852480997,0.1014116766288532,25
cmdc_protocol_q05_only_hamd17_tfidf_ridge,CMDC,Text,HAMD-17 regression,TF-IDF + Ridge (q05_only),3,severity_regression,CCC,-0.06340015991413363,-0.13417598803427924,0.004700252717117074,25
cmdc_protocol_q05_only_hamd17_tfidf_ridge,CMDC,Text,HAMD-17 regression,TF-IDF + Ridge (q05_only),3,severity_regression,MAE,3.6846970533751415,2.9534839693846693,4.503606674526111,25
cmdc_protocol_q05_only_hamd17_tfidf_ridge,CMDC,Text,HAMD-17 regression,TF-IDF + Ridge (q05_only),3,severity_regression,RMSE,4.339096311392019,3.525093048577427,5.064946706839852,25
cmdc_protocol_q05_only_hamd17_tfidf_ridge,CMDC,Text,HAMD-17 regression,TF-IDF + Ridge (q05_only),3,severity_regression,Spearman,-0.32471284502359227,-0.6753918852480997,0.1014116766288532,25
cmdc_protocol_q05_only_hamd17_tfidf_ridge,CMDC,Text,HAMD-17 regression,TF-IDF + Ridge (q05_only),4,severity_regression,CCC,-0.06340015991413363,-0.13417598803427924,0.004700252717117074,25
cmdc_protocol_q05_only_hamd17_tfidf_ridge,CMDC,Text,HAMD-17 regression,TF-IDF + Ridge (q05_only),4,severity_regression,MAE,3.6846970533751415,2.9534839693846693,4.503606674526111,25
cmdc_protocol_q05_only_hamd17_tfidf_ridge,CMDC,Text,HAMD-17 regression,TF-IDF + Ridge (q05_only),4,severity_regression,RMSE,4.339096311392019,3.525093048577427,5.064946706839852,25
cmdc_protocol_q05_only_hamd17_tfidf_ridge,CMDC,Text,HAMD-17 regression,TF-IDF + Ridge (q05_only),4,severity_regression,Spearman,-0.32471284502359227,-0.6753918852480997,0.1014116766288532,25
cmdc_protocol_q05_only_phq9_tfidf_ridge,CMDC,Text,PHQ-9 regression,TF-IDF + Ridge (q05_only),0,severity_regression,CCC,0.04143853200536426,0.023694755629709345,0.0605389023917165,77
cmdc_protocol_q05_only_phq9_tfidf_ridge,CMDC,Text,PHQ-9 regression,TF-IDF + Ridge (q05_only),0,severity_regression,MAE,6.464764514275906,5.690501092328112,7.1490949503180135,77
cmdc_protocol_q05_only_phq9_tfidf_ridge,CMDC,Text,PHQ-9 regression,TF-IDF + Ridge (q05_only),0,severity_regression,RMSE,7.481658529698875,6.568815015802533,8.260152677073574,77
cmdc_protocol_q05_only_phq9_tfidf_ridge,CMDC,Text,PHQ-9 regression,TF-IDF + Ridge (q05_only),0,severity_regression,Spearman,0.38836003796991064,0.19526700635514807,0.611596354005836,77
cmdc_protocol_q05_only_phq9_tfidf_ridge,CMDC,Text,PHQ-9 regression,TF-IDF + Ridge (q05_only),1,severity_regression,CCC,0.04143853200536426,0.023694755629709345,0.0605389023917165,77
cmdc_protocol_q05_only_phq9_tfidf_ridge,CMDC,Text,PHQ-9 regression,TF-IDF + Ridge (q05_only),1,severity_regression,MAE,6.464764514275906,5.690501092328112,7.1490949503180135,77
cmdc_protocol_q05_only_phq9_tfidf_ridge,CMDC,Text,PHQ-9 regression,TF-IDF + Ridge (q05_only),1,severity_regression,RMSE,7.481658529698875,6.568815015802533,8.260152677073574,77
cmdc_protocol_q05_only_phq9_tfidf_ridge,CMDC,Text,PHQ-9 regression,TF-IDF + Ridge (q05_only),1,severity_regression,Spearman,0.38836003796991064,0.19526700635514807,0.611596354005836,77
cmdc_protocol_q05_only_phq9_tfidf_ridge,CMDC,Text,PHQ-9 regression,TF-IDF + Ridge (q05_only),2,severity_regression,CCC,0.04143853200536426,0.023694755629709345,0.0605389023917165,77
cmdc_protocol_q05_only_phq9_tfidf_ridge,CMDC,Text,PHQ-9 regression,TF-IDF + Ridge (q05_only),2,severity_regression,MAE,6.464764514275906,5.690501092328112,7.1490949503180135,77
cmdc_protocol_q05_only_phq9_tfidf_ridge,CMDC,Text,PHQ-9 regression,TF-IDF + Ridge (q05_only),2,severity_regression,RMSE,7.481658529698875,6.568815015802533,8.260152677073574,77
cmdc_protocol_q05_only_phq9_tfidf_ridge,CMDC,Text,PHQ-9 regression,TF-IDF + Ridge (q05_only),2,severity_regression,Spearman,0.38836003796991064,0.19526700635514807,0.611596354005836,77
cmdc_protocol_q05_only_phq9_tfidf_ridge,CMDC,Text,PHQ-9 regression,TF-IDF + Ridge (q05_only),3,severity_regression,CCC,0.04143853200536426,0.023694755629709345,0.0605389023917165,77
cmdc_protocol_q05_only_phq9_tfidf_ridge,CMDC,Text,PHQ-9 regression,TF-IDF + Ridge (q05_only),3,severity_regression,MAE,6.464764514275906,5.690501092328112,7.1490949503180135,77
cmdc_protocol_q05_only_phq9_tfidf_ridge,CMDC,Text,PHQ-9 regression,TF-IDF + Ridge (q05_only),3,severity_regression,RMSE,7.481658529698875,6.568815015802533,8.260152677073574,77
cmdc_protocol_q05_only_phq9_tfidf_ridge,CMDC,Text,PHQ-9 regression,TF-IDF + Ridge (q05_only),3,severity_regression,Spearman,0.38836003796991064,0.19526700635514807,0.611596354005836,77
cmdc_protocol_q05_only_phq9_tfidf_ridge,CMDC,Text,PHQ-9 regression,TF-IDF + Ridge (q05_only),4,severity_regression,CCC,0.04143853200536426,0.023694755629709345,0.0605389023917165,77
cmdc_protocol_q05_only_phq9_tfidf_ridge,CMDC,Text,PHQ-9 regression,TF-IDF + Ridge (q05_only),4,severity_regression,MAE,6.464764514275906,5.690501092328112,7.1490949503180135,77
cmdc_protocol_q05_only_phq9_tfidf_ridge,CMDC,Text,PHQ-9 regression,TF-IDF + Ridge (q05_only),4,severity_regression,RMSE,7.481658529698875,6.568815015802533,8.260152677073574,77
cmdc_protocol_q05_only_phq9_tfidf_ridge,CMDC,Text,PHQ-9 regression,TF-IDF + Ridge (q05_only),4,severity_regression,Spearman,0.38836003796991064,0.19526700635514807,0.611596354005836,77
cmdc_protocol_q05_q08_binary_tfidf_logistic,CMDC,Text,MDD classification,TF-IDF + Logistic (q05_q08),0,binary_classification,Macro-F1,0.7205081669691469,0.5938759119927041,0.8353975340136054,77
cmdc_protocol_q05_q08_binary_tfidf_logistic,CMDC,Text,MDD classification,TF-IDF + Logistic (q05_q08),0,binary_classification,Balanced Accuracy,0.7007692307692308,0.5957767722473605,0.8095453296703297,77
cmdc_protocol_q05_q08_binary_tfidf_logistic,CMDC,Text,MDD classification,TF-IDF + Logistic (q05_q08),0,binary_classification,AUROC,0.9392307692307692,0.8716493055555555,0.9821428571428571,77
cmdc_protocol_q05_q08_binary_tfidf_logistic,CMDC,Text,MDD classification,TF-IDF + Logistic (q05_q08),0,binary_classification,AUPRC,0.8520109732128848,0.6851738996334191,0.9650637368149562,77
cmdc_protocol_q05_q08_binary_tfidf_logistic,CMDC,Text,MDD classification,TF-IDF + Logistic (q05_q08),0,binary_classification,ECE,0.23719026846290656,0.14933878153453542,0.31294854540766026,77
cmdc_protocol_q05_q08_binary_tfidf_logistic,CMDC,Text,MDD classification,TF-IDF + Logistic (q05_q08),0,binary_classification,Brier Score,0.20917876492908485,0.20006611563113674,0.21958541582084262,77
cmdc_protocol_q05_q08_binary_tfidf_logistic,CMDC,Text,MDD classification,TF-IDF + Logistic (q05_q08),1,binary_classification,Macro-F1,0.7205081669691469,0.5938759119927041,0.8353975340136054,77
cmdc_protocol_q05_q08_binary_tfidf_logistic,CMDC,Text,MDD classification,TF-IDF + Logistic (q05_q08),1,binary_classification,Balanced Accuracy,0.7007692307692308,0.5957767722473605,0.8095453296703297,77
cmdc_protocol_q05_q08_binary_tfidf_logistic,CMDC,Text,MDD classification,TF-IDF + Logistic (q05_q08),1,binary_classification,AUROC,0.9392307692307692,0.8716493055555555,0.9821428571428571,77
cmdc_protocol_q05_q08_binary_tfidf_logistic,CMDC,Text,MDD classification,TF-IDF + Logistic (q05_q08),1,binary_classification,AUPRC,0.8520109732128848,0.6851738996334191,0.9650637368149562,77
cmdc_protocol_q05_q08_binary_tfidf_logistic,CMDC,Text,MDD classification,TF-IDF + Logistic (q05_q08),1,binary_classification,ECE,0.23719026846290656,0.14933878153453542,0.31294854540766026,77
cmdc_protocol_q05_q08_binary_tfidf_logistic,CMDC,Text,MDD classification,TF-IDF + Logistic (q05_q08),1,binary_classification,Brier Score,0.20917876492908485,0.20006611563113674,0.21958541582084262,77
cmdc_protocol_q05_q08_binary_tfidf_logistic,CMDC,Text,MDD classification,TF-IDF + Logistic (q05_q08),2,binary_classification,Macro-F1,0.7205081669691469,0.5938759119927041,0.8353975340136054,77
cmdc_protocol_q05_q08_binary_tfidf_logistic,CMDC,Text,MDD classification,TF-IDF + Logistic (q05_q08),2,binary_classification,Balanced Accuracy,0.7007692307692308,0.5957767722473605,0.8095453296703297,77
cmdc_protocol_q05_q08_binary_tfidf_logistic,CMDC,Text,MDD classification,TF-IDF + Logistic (q05_q08),2,binary_classification,AUROC,0.9392307692307692,0.8716493055555555,0.9821428571428571,77
cmdc_protocol_q05_q08_binary_tfidf_logistic,CMDC,Text,MDD classification,TF-IDF + Logistic (q05_q08),2,binary_classification,AUPRC,0.8520109732128848,0.6851738996334191,0.9650637368149562,77
cmdc_protocol_q05_q08_binary_tfidf_logistic,CMDC,Text,MDD classification,TF-IDF + Logistic (q05_q08),2,binary_classification,ECE,0.23719026846290656,0.14933878153453542,0.31294854540766026,77
cmdc_protocol_q05_q08_binary_tfidf_logistic,CMDC,Text,MDD classification,TF-IDF + Logistic (q05_q08),2,binary_classification,Brier Score,0.20917876492908485,0.20006611563113674,0.21958541582084262,77
cmdc_protocol_q05_q08_binary_tfidf_logistic,CMDC,Text,MDD classification,TF-IDF + Logistic (q05_q08),3,binary_classification,Macro-F1,0.7205081669691469,0.5938759119927041,0.8353975340136054,77
cmdc_protocol_q05_q08_binary_tfidf_logistic,CMDC,Text,MDD classification,TF-IDF + Logistic (q05_q08),3,binary_classification,Balanced Accuracy,0.7007692307692308,0.5957767722473605,0.8095453296703297,77
cmdc_protocol_q05_q08_binary_tfidf_logistic,CMDC,Text,MDD classification,TF-IDF + Logistic (q05_q08),3,binary_classification,AUROC,0.9392307692307692,0.8716493055555555,0.9821428571428571,77
cmdc_protocol_q05_q08_binary_tfidf_logistic,CMDC,Text,MDD classification,TF-IDF + Logistic (q05_q08),3,binary_classification,AUPRC,0.8520109732128848,0.6851738996334191,0.9650637368149562,77
cmdc_protocol_q05_q08_binary_tfidf_logistic,CMDC,Text,MDD classification,TF-IDF + Logistic (q05_q08),3,binary_classification,ECE,0.23719026846290656,0.14933878153453542,0.31294854540766026,77
cmdc_protocol_q05_q08_binary_tfidf_logistic,CMDC,Text,MDD classification,TF-IDF + Logistic (q05_q08),3,binary_classification,Brier Score,0.20917876492908485,0.20006611563113674,0.21958541582084262,77
cmdc_protocol_q05_q08_binary_tfidf_logistic,CMDC,Text,MDD classification,TF-IDF + Logistic (q05_q08),4,binary_classification,Macro-F1,0.7205081669691469,0.5938759119927041,0.8353975340136054,77
cmdc_protocol_q05_q08_binary_tfidf_logistic,CMDC,Text,MDD classification,TF-IDF + Logistic (q05_q08),4,binary_classification,Balanced Accuracy,0.7007692307692308,0.5957767722473605,0.8095453296703297,77
cmdc_protocol_q05_q08_binary_tfidf_logistic,CMDC,Text,MDD classification,TF-IDF + Logistic (q05_q08),4,binary_classification,AUROC,0.9392307692307692,0.8716493055555555,0.9821428571428571,77
cmdc_protocol_q05_q08_binary_tfidf_logistic,CMDC,Text,MDD classification,TF-IDF + Logistic (q05_q08),4,binary_classification,AUPRC,0.8520109732128848,0.6851738996334191,0.9650637368149562,77
cmdc_protocol_q05_q08_binary_tfidf_logistic,CMDC,Text,MDD classification,TF-IDF + Logistic (q05_q08),4,binary_classification,ECE,0.23719026846290656,0.14933878153453542,0.31294854540766026,77
cmdc_protocol_q05_q08_binary_tfidf_logistic,CMDC,Text,MDD classification,TF-IDF + Logistic (q05_q08),4,binary_classification,Brier Score,0.20917876492908485,0.20006611563113674,0.21958541582084262,77
cmdc_protocol_q05_q08_hamd17_tfidf_ridge,CMDC,Text,HAMD-17 regression,TF-IDF + Ridge (q05_q08),0,severity_regression,CCC,-0.0867947933662764,-0.14501104009191365,-0.016711893299018673,25
cmdc_protocol_q05_q08_hamd17_tfidf_ridge,CMDC,Text,HAMD-17 regression,TF-IDF + Ridge (q05_q08),0,severity_regression,MAE,3.725563173270039,2.9944309952746644,4.569711828957845,25
cmdc_protocol_q05_q08_hamd17_tfidf_ridge,CMDC,Text,HAMD-17 regression,TF-IDF + Ridge (q05_q08),0,severity_regression,RMSE,4.386073676046407,3.564800671431303,5.165359252960743,25
cmdc_protocol_q05_q08_hamd17_tfidf_ridge,CMDC,Text,HAMD-17 regression,TF-IDF + Ridge (q05_q08),0,severity_regression,Spearman,-0.41660542185547683,-0.6916955680108772,0.011514034259586697,25
cmdc_protocol_q05_q08_hamd17_tfidf_ridge,CMDC,Text,HAMD-17 regression,TF-IDF + Ridge (q05_q08),1,severity_regression,CCC,-0.0867947933662764,-0.14501104009191365,-0.016711893299018673,25
cmdc_protocol_q05_q08_hamd17_tfidf_ridge,CMDC,Text,HAMD-17 regression,TF-IDF + Ridge (q05_q08),1,severity_regression,MAE,3.725563173270039,2.9944309952746644,4.569711828957845,25
cmdc_protocol_q05_q08_hamd17_tfidf_ridge,CMDC,Text,HAMD-17 regression,TF-IDF + Ridge (q05_q08),1,severity_regression,RMSE,4.386073676046407,3.564800671431303,5.165359252960743,25
cmdc_protocol_q05_q08_hamd17_tfidf_ridge,CMDC,Text,HAMD-17 regression,TF-IDF + Ridge (q05_q08),1,severity_regression,Spearman,-0.41660542185547683,-0.6916955680108772,0.011514034259586697,25
cmdc_protocol_q05_q08_hamd17_tfidf_ridge,CMDC,Text,HAMD-17 regression,TF-IDF + Ridge (q05_q08),2,severity_regression,CCC,-0.0867947933662764,-0.14501104009191365,-0.016711893299018673,25
cmdc_protocol_q05_q08_hamd17_tfidf_ridge,CMDC,Text,HAMD-17 regression,TF-IDF + Ridge (q05_q08),2,severity_regression,MAE,3.725563173270039,2.9944309952746644,4.569711828957845,25
cmdc_protocol_q05_q08_hamd17_tfidf_ridge,CMDC,Text,HAMD-17 regression,TF-IDF + Ridge (q05_q08),2,severity_regression,RMSE,4.386073676046407,3.564800671431303,5.165359252960743,25
cmdc_protocol_q05_q08_hamd17_tfidf_ridge,CMDC,Text,HAMD-17 regression,TF-IDF + Ridge (q05_q08),2,severity_regression,Spearman,-0.41660542185547683,-0.6916955680108772,0.011514034259586697,25
cmdc_protocol_q05_q08_hamd17_tfidf_ridge,CMDC,Text,HAMD-17 regression,TF-IDF + Ridge (q05_q08),3,severity_regression,CCC,-0.0867947933662764,-0.14501104009191365,-0.016711893299018673,25
cmdc_protocol_q05_q08_hamd17_tfidf_ridge,CMDC,Text,HAMD-17 regression,TF-IDF + Ridge (q05_q08),3,severity_regression,MAE,3.725563173270039,2.9944309952746644,4.569711828957845,25
cmdc_protocol_q05_q08_hamd17_tfidf_ridge,CMDC,Text,HAMD-17 regression,TF-IDF + Ridge (q05_q08),3,severity_regression,RMSE,4.386073676046407,3.564800671431303,5.165359252960743,25
cmdc_protocol_q05_q08_hamd17_tfidf_ridge,CMDC,Text,HAMD-17 regression,TF-IDF + Ridge (q05_q08),3,severity_regression,Spearman,-0.41660542185547683,-0.6916955680108772,0.011514034259586697,25
cmdc_protocol_q05_q08_hamd17_tfidf_ridge,CMDC,Text,HAMD-17 regression,TF-IDF + Ridge (q05_q08),4,severity_regression,CCC,-0.0867947933662764,-0.14501104009191365,-0.016711893299018673,25
cmdc_protocol_q05_q08_hamd17_tfidf_ridge,CMDC,Text,HAMD-17 regression,TF-IDF + Ridge (q05_q08),4,severity_regression,MAE,3.725563173270039,2.9944309952746644,4.569711828957845,25
cmdc_protocol_q05_q08_hamd17_tfidf_ridge,CMDC,Text,HAMD-17 regression,TF-IDF + Ridge (q05_q08),4,severity_regression,RMSE,4.386073676046407,3.564800671431303,5.165359252960743,25
cmdc_protocol_q05_q08_hamd17_tfidf_ridge,CMDC,Text,HAMD-17 regression,TF-IDF + Ridge (q05_q08),4,severity_regression,Spearman,-0.41660542185547683,-0.6916955680108772,0.011514034259586697,25
cmdc_protocol_q05_q08_phq9_tfidf_ridge,CMDC,Text,PHQ-9 regression,TF-IDF + Ridge (q05_q08),0,severity_regression,CCC,0.03973668361179306,0.024948699721128315,0.05489707200539988,77
cmdc_protocol_q05_q08_phq9_tfidf_ridge,CMDC,Text,PHQ-9 regression,TF-IDF + Ridge (q05_q08),0,severity_regression,MAE,6.453469450582232,5.703307987432164,7.151025849745829,77
cmdc_protocol_q05_q08_phq9_tfidf_ridge,CMDC,Text,PHQ-9 regression,TF-IDF + Ridge (q05_q08),0,severity_regression,RMSE,7.485496493812478,6.556205110602653,8.277028010289438,77
cmdc_protocol_q05_q08_phq9_tfidf_ridge,CMDC,Text,PHQ-9 regression,TF-IDF + Ridge (q05_q08),0,severity_regression,Spearman,0.4572763293006803,0.27972620648735697,0.6118560474913204,77
cmdc_protocol_q05_q08_phq9_tfidf_ridge,CMDC,Text,PHQ-9 regression,TF-IDF + Ridge (q05_q08),1,severity_regression,CCC,0.03973668361179306,0.024948699721128315,0.05489707200539988,77
cmdc_protocol_q05_q08_phq9_tfidf_ridge,CMDC,Text,PHQ-9 regression,TF-IDF + Ridge (q05_q08),1,severity_regression,MAE,6.453469450582232,5.703307987432164,7.151025849745829,77
cmdc_protocol_q05_q08_phq9_tfidf_ridge,CMDC,Text,PHQ-9 regression,TF-IDF + Ridge (q05_q08),1,severity_regression,RMSE,7.485496493812478,6.556205110602653,8.277028010289438,77
cmdc_protocol_q05_q08_phq9_tfidf_ridge,CMDC,Text,PHQ-9 regression,TF-IDF + Ridge (q05_q08),1,severity_regression,Spearman,0.4572763293006803,0.27972620648735697,0.6118560474913204,77
cmdc_protocol_q05_q08_phq9_tfidf_ridge,CMDC,Text,PHQ-9 regression,TF-IDF + Ridge (q05_q08),2,severity_regression,CCC,0.03973668361179306,0.024948699721128315,0.05489707200539988,77
cmdc_protocol_q05_q08_phq9_tfidf_ridge,CMDC,Text,PHQ-9 regression,TF-IDF + Ridge (q05_q08),2,severity_regression,MAE,6.453469450582232,5.703307987432164,7.151025849745829,77
cmdc_protocol_q05_q08_phq9_tfidf_ridge,CMDC,Text,PHQ-9 regression,TF-IDF + Ridge (q05_q08),2,severity_regression,RMSE,7.485496493812478,6.556205110602653,8.277028010289438,77
cmdc_protocol_q05_q08_phq9_tfidf_ridge,CMDC,Text,PHQ-9 regression,TF-IDF + Ridge (q05_q08),2,severity_regression,Spearman,0.4572763293006803,0.27972620648735697,0.6118560474913204,77
cmdc_protocol_q05_q08_phq9_tfidf_ridge,CMDC,Text,PHQ-9 regression,TF-IDF + Ridge (q05_q08),3,severity_regression,CCC,0.03973668361179306,0.024948699721128315,0.05489707200539988,77
cmdc_protocol_q05_q08_phq9_tfidf_ridge,CMDC,Text,PHQ-9 regression,TF-IDF + Ridge (q05_q08),3,severity_regression,MAE,6.453469450582232,5.703307987432164,7.151025849745829,77
cmdc_protocol_q05_q08_phq9_tfidf_ridge,CMDC,Text,PHQ-9 regression,TF-IDF + Ridge (q05_q08),3,severity_regression,RMSE,7.485496493812478,6.556205110602653,8.277028010289438,77
cmdc_protocol_q05_q08_phq9_tfidf_ridge,CMDC,Text,PHQ-9 regression,TF-IDF + Ridge (q05_q08),3,severity_regression,Spearman,0.4572763293006803,0.27972620648735697,0.6118560474913204,77
cmdc_protocol_q05_q08_phq9_tfidf_ridge,CMDC,Text,PHQ-9 regression,TF-IDF + Ridge (q05_q08),4,severity_regression,CCC,0.03973668361179306,0.024948699721128315,0.05489707200539988,77
cmdc_protocol_q05_q08_phq9_tfidf_ridge,CMDC,Text,PHQ-9 regression,TF-IDF + Ridge (q05_q08),4,severity_regression,MAE,6.453469450582232,5.703307987432164,7.151025849745829,77
cmdc_protocol_q05_q08_phq9_tfidf_ridge,CMDC,Text,PHQ-9 regression,TF-IDF + Ridge (q05_q08),4,severity_regression,RMSE,7.485496493812478,6.556205110602653,8.277028010289438,77
cmdc_protocol_q05_q08_phq9_tfidf_ridge,CMDC,Text,PHQ-9 regression,TF-IDF + Ridge (q05_q08),4,severity_regression,Spearman,0.4572763293006803,0.27972620648735697,0.6118560474913204,77
cmdc_protocol_q06_only_binary_tfidf_logistic,CMDC,Text,MDD classification,TF-IDF + Logistic (q06_only),0,binary_classification,Macro-F1,0.5266393442622951,0.4268805563604753,0.6419384411932902,77
cmdc_protocol_q06_only_binary_tfidf_logistic,CMDC,Text,MDD classification,TF-IDF + Logistic (q06_only),0,binary_classification,Balanced Accuracy,0.5511538461538461,0.485350082541245,0.6270867281303603,77
cmdc_protocol_q06_only_binary_tfidf_logistic,CMDC,Text,MDD classification,TF-IDF + Logistic (q06_only),0,binary_classification,AUROC,0.7184615384615385,0.5745855830254807,0.8390288111821618,77
cmdc_protocol_q06_only_binary_tfidf_logistic,CMDC,Text,MDD classification,TF-IDF + Logistic (q06_only),0,binary_classification,AUPRC,0.5388419291137546,0.35451542878683096,0.7371230148623518,77
cmdc_protocol_q06_only_binary_tfidf_logistic,CMDC,Text,MDD classification,TF-IDF + Logistic (q06_only),0,binary_classification,ECE,0.1407754131464977,0.0606670013789823,0.2463922377190552,77
cmdc_protocol_q06_only_binary_tfidf_logistic,CMDC,Text,MDD classification,TF-IDF + Logistic (q06_only),0,binary_classification,Brier Score,0.22691284100840614,0.21606415362004278,0.24045235934957035,77
cmdc_protocol_q06_only_binary_tfidf_logistic,CMDC,Text,MDD classification,TF-IDF + Logistic (q06_only),1,binary_classification,Macro-F1,0.5266393442622951,0.4268805563604753,0.6419384411932902,77
cmdc_protocol_q06_only_binary_tfidf_logistic,CMDC,Text,MDD classification,TF-IDF + Logistic (q06_only),1,binary_classification,Balanced Accuracy,0.5511538461538461,0.485350082541245,0.6270867281303603,77
cmdc_protocol_q06_only_binary_tfidf_logistic,CMDC,Text,MDD classification,TF-IDF + Logistic (q06_only),1,binary_classification,AUROC,0.7184615384615385,0.5745855830254807,0.8390288111821618,77
cmdc_protocol_q06_only_binary_tfidf_logistic,CMDC,Text,MDD classification,TF-IDF + Logistic (q06_only),1,binary_classification,AUPRC,0.5388419291137546,0.35451542878683096,0.7371230148623518,77
cmdc_protocol_q06_only_binary_tfidf_logistic,CMDC,Text,MDD classification,TF-IDF + Logistic (q06_only),1,binary_classification,ECE,0.1407754131464977,0.0606670013789823,0.2463922377190552,77
cmdc_protocol_q06_only_binary_tfidf_logistic,CMDC,Text,MDD classification,TF-IDF + Logistic (q06_only),1,binary_classification,Brier Score,0.22691284100840614,0.21606415362004278,0.24045235934957035,77
cmdc_protocol_q06_only_binary_tfidf_logistic,CMDC,Text,MDD classification,TF-IDF + Logistic (q06_only),2,binary_classification,Macro-F1,0.5266393442622951,0.4268805563604753,0.6419384411932902,77
cmdc_protocol_q06_only_binary_tfidf_logistic,CMDC,Text,MDD classification,TF-IDF + Logistic (q06_only),2,binary_classification,Balanced Accuracy,0.5511538461538461,0.485350082541245,0.6270867281303603,77
cmdc_protocol_q06_only_binary_tfidf_logistic,CMDC,Text,MDD classification,TF-IDF + Logistic (q06_only),2,binary_classification,AUROC,0.7184615384615385,0.5745855830254807,0.8390288111821618,77
cmdc_protocol_q06_only_binary_tfidf_logistic,CMDC,Text,MDD classification,TF-IDF + Logistic (q06_only),2,binary_classification,AUPRC,0.5388419291137546,0.35451542878683096,0.7371230148623518,77
cmdc_protocol_q06_only_binary_tfidf_logistic,CMDC,Text,MDD classification,TF-IDF + Logistic (q06_only),2,binary_classification,ECE,0.1407754131464977,0.0606670013789823,0.2463922377190552,77
cmdc_protocol_q06_only_binary_tfidf_logistic,CMDC,Text,MDD classification,TF-IDF + Logistic (q06_only),2,binary_classification,Brier Score,0.22691284100840614,0.21606415362004278,0.24045235934957035,77
cmdc_protocol_q06_only_binary_tfidf_logistic,CMDC,Text,MDD classification,TF-IDF + Logistic (q06_only),3,binary_classification,Macro-F1,0.5266393442622951,0.4268805563604753,0.6419384411932902,77
cmdc_protocol_q06_only_binary_tfidf_logistic,CMDC,Text,MDD classification,TF-IDF + Logistic (q06_only),3,binary_classification,Balanced Accuracy,0.5511538461538461,0.485350082541245,0.6270867281303603,77
cmdc_protocol_q06_only_binary_tfidf_logistic,CMDC,Text,MDD classification,TF-IDF + Logistic (q06_only),3,binary_classification,AUROC,0.7184615384615385,0.5745855830254807,0.8390288111821618,77
cmdc_protocol_q06_only_binary_tfidf_logistic,CMDC,Text,MDD classification,TF-IDF + Logistic (q06_only),3,binary_classification,AUPRC,0.5388419291137546,0.35451542878683096,0.7371230148623518,77
cmdc_protocol_q06_only_binary_tfidf_logistic,CMDC,Text,MDD classification,TF-IDF + Logistic (q06_only),3,binary_classification,ECE,0.1407754131464977,0.0606670013789823,0.2463922377190552,77
cmdc_protocol_q06_only_binary_tfidf_logistic,CMDC,Text,MDD classification,TF-IDF + Logistic (q06_only),3,binary_classification,Brier Score,0.22691284100840614,0.21606415362004278,0.24045235934957035,77
cmdc_protocol_q06_only_binary_tfidf_logistic,CMDC,Text,MDD classification,TF-IDF + Logistic (q06_only),4,binary_classification,Macro-F1,0.5266393442622951,0.4268805563604753,0.6419384411932902,77
cmdc_protocol_q06_only_binary_tfidf_logistic,CMDC,Text,MDD classification,TF-IDF + Logistic (q06_only),4,binary_classification,Balanced Accuracy,0.5511538461538461,0.485350082541245,0.6270867281303603,77
cmdc_protocol_q06_only_binary_tfidf_logistic,CMDC,Text,MDD classification,TF-IDF + Logistic (q06_only),4,binary_classification,AUROC,0.7184615384615385,0.5745855830254807,0.8390288111821618,77
cmdc_protocol_q06_only_binary_tfidf_logistic,CMDC,Text,MDD classification,TF-IDF + Logistic (q06_only),4,binary_classification,AUPRC,0.5388419291137546,0.35451542878683096,0.7371230148623518,77
cmdc_protocol_q06_only_binary_tfidf_logistic,CMDC,Text,MDD classification,TF-IDF + Logistic (q06_only),4,binary_classification,ECE,0.1407754131464977,0.0606670013789823,0.2463922377190552,77
cmdc_protocol_q06_only_binary_tfidf_logistic,CMDC,Text,MDD classification,TF-IDF + Logistic (q06_only),4,binary_classification,Brier Score,0.22691284100840614,0.21606415362004278,0.24045235934957035,77
cmdc_protocol_q06_only_hamd17_tfidf_ridge,CMDC,Text,HAMD-17 regression,TF-IDF + Ridge (q06_only),0,severity_regression,CCC,-0.08930653309710954,-0.15044438753477243,-0.006841388627425182,25
cmdc_protocol_q06_only_hamd17_tfidf_ridge,CMDC,Text,HAMD-17 regression,TF-IDF + Ridge (q06_only),0,severity_regression,MAE,3.7380766429153516,3.0007165811869263,4.627121358345292,25
cmdc_protocol_q06_only_hamd17_tfidf_ridge,CMDC,Text,HAMD-17 regression,TF-IDF + Ridge (q06_only),0,severity_regression,RMSE,4.394014503851806,3.579788593591947,5.181828279968505,25
cmdc_protocol_q06_only_hamd17_tfidf_ridge,CMDC,Text,HAMD-17 regression,TF-IDF + Ridge (q06_only),0,severity_regression,Spearman,-0.43166344915145793,-0.7612669512847763,0.05873266067898885,25
cmdc_protocol_q06_only_hamd17_tfidf_ridge,CMDC,Text,HAMD-17 regression,TF-IDF + Ridge (q06_only),1,severity_regression,CCC,-0.08930653309710954,-0.15044438753477243,-0.006841388627425182,25
cmdc_protocol_q06_only_hamd17_tfidf_ridge,CMDC,Text,HAMD-17 regression,TF-IDF + Ridge (q06_only),1,severity_regression,MAE,3.7380766429153516,3.0007165811869263,4.627121358345292,25
cmdc_protocol_q06_only_hamd17_tfidf_ridge,CMDC,Text,HAMD-17 regression,TF-IDF + Ridge (q06_only),1,severity_regression,RMSE,4.394014503851806,3.579788593591947,5.181828279968505,25
cmdc_protocol_q06_only_hamd17_tfidf_ridge,CMDC,Text,HAMD-17 regression,TF-IDF + Ridge (q06_only),1,severity_regression,Spearman,-0.43166344915145793,-0.7612669512847763,0.05873266067898885,25
cmdc_protocol_q06_only_hamd17_tfidf_ridge,CMDC,Text,HAMD-17 regression,TF-IDF + Ridge (q06_only),2,severity_regression,CCC,-0.08930653309710954,-0.15044438753477243,-0.006841388627425182,25
cmdc_protocol_q06_only_hamd17_tfidf_ridge,CMDC,Text,HAMD-17 regression,TF-IDF + Ridge (q06_only),2,severity_regression,MAE,3.7380766429153516,3.0007165811869263,4.627121358345292,25
cmdc_protocol_q06_only_hamd17_tfidf_ridge,CMDC,Text,HAMD-17 regression,TF-IDF + Ridge (q06_only),2,severity_regression,RMSE,4.394014503851806,3.579788593591947,5.181828279968505,25
cmdc_protocol_q06_only_hamd17_tfidf_ridge,CMDC,Text,HAMD-17 regression,TF-IDF + Ridge (q06_only),2,severity_regression,Spearman,-0.43166344915145793,-0.7612669512847763,0.05873266067898885,25
cmdc_protocol_q06_only_hamd17_tfidf_ridge,CMDC,Text,HAMD-17 regression,TF-IDF + Ridge (q06_only),3,severity_regression,CCC,-0.08930653309710954,-0.15044438753477243,-0.006841388627425182,25
cmdc_protocol_q06_only_hamd17_tfidf_ridge,CMDC,Text,HAMD-17 regression,TF-IDF + Ridge (q06_only),3,severity_regression,MAE,3.7380766429153516,3.0007165811869263,4.627121358345292,25
cmdc_protocol_q06_only_hamd17_tfidf_ridge,CMDC,Text,HAMD-17 regression,TF-IDF + Ridge (q06_only),3,severity_regression,RMSE,4.394014503851806,3.579788593591947,5.181828279968505,25
cmdc_protocol_q06_only_hamd17_tfidf_ridge,CMDC,Text,HAMD-17 regression,TF-IDF + Ridge (q06_only),3,severity_regression,Spearman,-0.43166344915145793,-0.7612669512847763,0.05873266067898885,25
cmdc_protocol_q06_only_hamd17_tfidf_ridge,CMDC,Text,HAMD-17 regression,TF-IDF + Ridge (q06_only),4,severity_regression,CCC,-0.08930653309710954,-0.15044438753477243,-0.006841388627425182,25
cmdc_protocol_q06_only_hamd17_tfidf_ridge,CMDC,Text,HAMD-17 regression,TF-IDF + Ridge (q06_only),4,severity_regression,MAE,3.7380766429153516,3.0007165811869263,4.627121358345292,25
cmdc_protocol_q06_only_hamd17_tfidf_ridge,CMDC,Text,HAMD-17 regression,TF-IDF + Ridge (q06_only),4,severity_regression,RMSE,4.394014503851806,3.579788593591947,5.181828279968505,25
cmdc_protocol_q06_only_hamd17_tfidf_ridge,CMDC,Text,HAMD-17 regression,TF-IDF + Ridge (q06_only),4,severity_regression,Spearman,-0.43166344915145793,-0.7612669512847763,0.05873266067898885,25
cmdc_protocol_q06_only_phq9_tfidf_ridge,CMDC,Text,PHQ-9 regression,TF-IDF + Ridge (q06_only),0,severity_regression,CCC,0.019859584088959475,0.005174499901791635,0.03368828427126515,77
cmdc_protocol_q06_only_phq9_tfidf_ridge,CMDC,Text,PHQ-9 regression,TF-IDF + Ridge (q06_only),0,severity_regression,MAE,6.529538342645033,5.769701655314571,7.19243082560009,77
cmdc_protocol_q06_only_phq9_tfidf_ridge,CMDC,Text,PHQ-9 regression,TF-IDF + Ridge (q06_only),0,severity_regression,RMSE,7.562443572061654,6.643253861265839,8.353792776194625,77
cmdc_protocol_q06_only_phq9_tfidf_ridge,CMDC,Text,PHQ-9 regression,TF-IDF + Ridge (q06_only),0,severity_regression,Spearman,0.2895282088479343,0.09341692896244155,0.4943891072310747,77
cmdc_protocol_q06_only_phq9_tfidf_ridge,CMDC,Text,PHQ-9 regression,TF-IDF + Ridge (q06_only),1,severity_regression,CCC,0.019859584088959475,0.005174499901791635,0.03368828427126515,77
cmdc_protocol_q06_only_phq9_tfidf_ridge,CMDC,Text,PHQ-9 regression,TF-IDF + Ridge (q06_only),1,severity_regression,MAE,6.529538342645033,5.769701655314571,7.19243082560009,77
cmdc_protocol_q06_only_phq9_tfidf_ridge,CMDC,Text,PHQ-9 regression,TF-IDF + Ridge (q06_only),1,severity_regression,RMSE,7.562443572061654,6.643253861265839,8.353792776194625,77
cmdc_protocol_q06_only_phq9_tfidf_ridge,CMDC,Text,PHQ-9 regression,TF-IDF + Ridge (q06_only),1,severity_regression,Spearman,0.2895282088479343,0.09341692896244155,0.4943891072310747,77
cmdc_protocol_q06_only_phq9_tfidf_ridge,CMDC,Text,PHQ-9 regression,TF-IDF + Ridge (q06_only),2,severity_regression,CCC,0.019859584088959475,0.005174499901791635,0.03368828427126515,77
cmdc_protocol_q06_only_phq9_tfidf_ridge,CMDC,Text,PHQ-9 regression,TF-IDF + Ridge (q06_only),2,severity_regression,MAE,6.529538342645033,5.769701655314571,7.19243082560009,77
cmdc_protocol_q06_only_phq9_tfidf_ridge,CMDC,Text,PHQ-9 regression,TF-IDF + Ridge (q06_only),2,severity_regression,RMSE,7.562443572061654,6.643253861265839,8.353792776194625,77
cmdc_protocol_q06_only_phq9_tfidf_ridge,CMDC,Text,PHQ-9 regression,TF-IDF + Ridge (q06_only),2,severity_regression,Spearman,0.2895282088479343,0.09341692896244155,0.4943891072310747,77
cmdc_protocol_q06_only_phq9_tfidf_ridge,CMDC,Text,PHQ-9 regression,TF-IDF + Ridge (q06_only),3,severity_regression,CCC,0.019859584088959475,0.005174499901791635,0.03368828427126515,77
cmdc_protocol_q06_only_phq9_tfidf_ridge,CMDC,Text,PHQ-9 regression,TF-IDF + Ridge (q06_only),3,severity_regression,MAE,6.529538342645033,5.769701655314571,7.19243082560009,77
cmdc_protocol_q06_only_phq9_tfidf_ridge,CMDC,Text,PHQ-9 regression,TF-IDF + Ridge (q06_only),3,severity_regression,RMSE,7.562443572061654,6.643253861265839,8.353792776194625,77
cmdc_protocol_q06_only_phq9_tfidf_ridge,CMDC,Text,PHQ-9 regression,TF-IDF + Ridge (q06_only),3,severity_regression,Spearman,0.2895282088479343,0.09341692896244155,0.4943891072310747,77
cmdc_protocol_q06_only_phq9_tfidf_ridge,CMDC,Text,PHQ-9 regression,TF-IDF + Ridge (q06_only),4,severity_regression,CCC,0.019859584088959475,0.005174499901791635,0.03368828427126515,77
cmdc_protocol_q06_only_phq9_tfidf_ridge,CMDC,Text,PHQ-9 regression,TF-IDF + Ridge (q06_only),4,severity_regression,MAE,6.529538342645033,5.769701655314571,7.19243082560009,77
cmdc_protocol_q06_only_phq9_tfidf_ridge,CMDC,Text,PHQ-9 regression,TF-IDF + Ridge (q06_only),4,severity_regression,RMSE,7.562443572061654,6.643253861265839,8.353792776194625,77
cmdc_protocol_q06_only_phq9_tfidf_ridge,CMDC,Text,PHQ-9 regression,TF-IDF + Ridge (q06_only),4,severity_regression,Spearman,0.2895282088479343,0.09341692896244155,0.4943891072310747,77
cmdc_protocol_q07_only_binary_tfidf_logistic,CMDC,Text,MDD classification,TF-IDF + Logistic (q07_only),0,binary_classification,Macro-F1,0.6857142857142857,0.5630504061878835,0.8088275862068965,77
cmdc_protocol_q07_only_binary_tfidf_logistic,CMDC,Text,MDD classification,TF-IDF + Logistic (q07_only),0,binary_classification,Balanced Accuracy,0.6703846153846154,0.582909604519774,0.767893294323379,77
cmdc_protocol_q07_only_binary_tfidf_logistic,CMDC,Text,MDD classification,TF-IDF + Logistic (q07_only),0,binary_classification,AUROC,0.8653846153846154,0.7899545656028369,0.9388381642512077,77
cmdc_protocol_q07_only_binary_tfidf_logistic,CMDC,Text,MDD classification,TF-IDF + Logistic (q07_only),0,binary_classification,AUPRC,0.7716740593594511,0.6219984815094126,0.8966932826187621,77
cmdc_protocol_q07_only_binary_tfidf_logistic,CMDC,Text,MDD classification,TF-IDF + Logistic (q07_only),0,binary_classification,ECE,0.22188272368623102,0.13244555058251445,0.3006148277899926,77
cmdc_protocol_q07_only_binary_tfidf_logistic,CMDC,Text,MDD classification,TF-IDF + Logistic (q07_only),0,binary_classification,Brier Score,0.21141390630512757,0.20134140054400643,0.22095411331127335,77
cmdc_protocol_q07_only_binary_tfidf_logistic,CMDC,Text,MDD classification,TF-IDF + Logistic (q07_only),1,binary_classification,Macro-F1,0.6857142857142857,0.5630504061878835,0.8088275862068965,77
cmdc_protocol_q07_only_binary_tfidf_logistic,CMDC,Text,MDD classification,TF-IDF + Logistic (q07_only),1,binary_classification,Balanced Accuracy,0.6703846153846154,0.582909604519774,0.767893294323379,77
cmdc_protocol_q07_only_binary_tfidf_logistic,CMDC,Text,MDD classification,TF-IDF + Logistic (q07_only),1,binary_classification,AUROC,0.8653846153846154,0.7899545656028369,0.9388381642512077,77
cmdc_protocol_q07_only_binary_tfidf_logistic,CMDC,Text,MDD classification,TF-IDF + Logistic (q07_only),1,binary_classification,AUPRC,0.7716740593594511,0.6219984815094126,0.8966932826187621,77
cmdc_protocol_q07_only_binary_tfidf_logistic,CMDC,Text,MDD classification,TF-IDF + Logistic (q07_only),1,binary_classification,ECE,0.22188272368623102,0.13244555058251445,0.3006148277899926,77
cmdc_protocol_q07_only_binary_tfidf_logistic,CMDC,Text,MDD classification,TF-IDF + Logistic (q07_only),1,binary_classification,Brier Score,0.21141390630512757,0.20134140054400643,0.22095411331127335,77
cmdc_protocol_q07_only_binary_tfidf_logistic,CMDC,Text,MDD classification,TF-IDF + Logistic (q07_only),2,binary_classification,Macro-F1,0.6857142857142857,0.5630504061878835,0.8088275862068965,77
cmdc_protocol_q07_only_binary_tfidf_logistic,CMDC,Text,MDD classification,TF-IDF + Logistic (q07_only),2,binary_classification,Balanced Accuracy,0.6703846153846154,0.582909604519774,0.767893294323379,77
cmdc_protocol_q07_only_binary_tfidf_logistic,CMDC,Text,MDD classification,TF-IDF + Logistic (q07_only),2,binary_classification,AUROC,0.8653846153846154,0.7899545656028369,0.9388381642512077,77
cmdc_protocol_q07_only_binary_tfidf_logistic,CMDC,Text,MDD classification,TF-IDF + Logistic (q07_only),2,binary_classification,AUPRC,0.7716740593594511,0.6219984815094126,0.8966932826187621,77
cmdc_protocol_q07_only_binary_tfidf_logistic,CMDC,Text,MDD classification,TF-IDF + Logistic (q07_only),2,binary_classification,ECE,0.22188272368623102,0.13244555058251445,0.3006148277899926,77
cmdc_protocol_q07_only_binary_tfidf_logistic,CMDC,Text,MDD classification,TF-IDF + Logistic (q07_only),2,binary_classification,Brier Score,0.21141390630512757,0.20134140054400643,0.22095411331127335,77
cmdc_protocol_q07_only_binary_tfidf_logistic,CMDC,Text,MDD classification,TF-IDF + Logistic (q07_only),3,binary_classification,Macro-F1,0.6857142857142857,0.5630504061878835,0.8088275862068965,77
cmdc_protocol_q07_only_binary_tfidf_logistic,CMDC,Text,MDD classification,TF-IDF + Logistic (q07_only),3,binary_classification,Balanced Accuracy,0.6703846153846154,0.582909604519774,0.767893294323379,77
cmdc_protocol_q07_only_binary_tfidf_logistic,CMDC,Text,MDD classification,TF-IDF + Logistic (q07_only),3,binary_classification,AUROC,0.8653846153846154,0.7899545656028369,0.9388381642512077,77
cmdc_protocol_q07_only_binary_tfidf_logistic,CMDC,Text,MDD classification,TF-IDF + Logistic (q07_only),3,binary_classification,AUPRC,0.7716740593594511,0.6219984815094126,0.8966932826187621,77
cmdc_protocol_q07_only_binary_tfidf_logistic,CMDC,Text,MDD classification,TF-IDF + Logistic (q07_only),3,binary_classification,ECE,0.22188272368623102,0.13244555058251445,0.3006148277899926,77
cmdc_protocol_q07_only_binary_tfidf_logistic,CMDC,Text,MDD classification,TF-IDF + Logistic (q07_only),3,binary_classification,Brier Score,0.21141390630512757,0.20134140054400643,0.22095411331127335,77
cmdc_protocol_q07_only_binary_tfidf_logistic,CMDC,Text,MDD classification,TF-IDF + Logistic (q07_only),4,binary_classification,Macro-F1,0.6857142857142857,0.5630504061878835,0.8088275862068965,77
cmdc_protocol_q07_only_binary_tfidf_logistic,CMDC,Text,MDD classification,TF-IDF + Logistic (q07_only),4,binary_classification,Balanced Accuracy,0.6703846153846154,0.582909604519774,0.767893294323379,77
cmdc_protocol_q07_only_binary_tfidf_logistic,CMDC,Text,MDD classification,TF-IDF + Logistic (q07_only),4,binary_classification,AUROC,0.8653846153846154,0.7899545656028369,0.9388381642512077,77
cmdc_protocol_q07_only_binary_tfidf_logistic,CMDC,Text,MDD classification,TF-IDF + Logistic (q07_only),4,binary_classification,AUPRC,0.7716740593594511,0.6219984815094126,0.8966932826187621,77
cmdc_protocol_q07_only_binary_tfidf_logistic,CMDC,Text,MDD classification,TF-IDF + Logistic (q07_only),4,binary_classification,ECE,0.22188272368623102,0.13244555058251445,0.3006148277899926,77
cmdc_protocol_q07_only_binary_tfidf_logistic,CMDC,Text,MDD classification,TF-IDF + Logistic (q07_only),4,binary_classification,Brier Score,0.21141390630512757,0.20134140054400643,0.22095411331127335,77
cmdc_protocol_q07_only_hamd17_tfidf_ridge,CMDC,Text,HAMD-17 regression,TF-IDF + Ridge (q07_only),0,severity_regression,CCC,-0.09251174237556635,-0.1638484495886842,-0.02514861574550089,25
cmdc_protocol_q07_only_hamd17_tfidf_ridge,CMDC,Text,HAMD-17 regression,TF-IDF + Ridge (q07_only),0,severity_regression,MAE,3.7331652569519513,2.98578007831397,4.630499005626326,25
cmdc_protocol_q07_only_hamd17_tfidf_ridge,CMDC,Text,HAMD-17 regression,TF-IDF + Ridge (q07_only),0,severity_regression,RMSE,4.402797815358669,3.582592666173317,5.174368176093213,25
cmdc_protocol_q07_only_hamd17_tfidf_ridge,CMDC,Text,HAMD-17 regression,TF-IDF + Ridge (q07_only),0,severity_regression,Spearman,-0.4378411013754502,-0.7604822946357218,-0.04376061692796915,25
cmdc_protocol_q07_only_hamd17_tfidf_ridge,CMDC,Text,HAMD-17 regression,TF-IDF + Ridge (q07_only),1,severity_regression,CCC,-0.09251174237556635,-0.1638484495886842,-0.02514861574550089,25
cmdc_protocol_q07_only_hamd17_tfidf_ridge,CMDC,Text,HAMD-17 regression,TF-IDF + Ridge (q07_only),1,severity_regression,MAE,3.7331652569519513,2.98578007831397,4.630499005626326,25
cmdc_protocol_q07_only_hamd17_tfidf_ridge,CMDC,Text,HAMD-17 regression,TF-IDF + Ridge (q07_only),1,severity_regression,RMSE,4.402797815358669,3.582592666173317,5.174368176093213,25
cmdc_protocol_q07_only_hamd17_tfidf_ridge,CMDC,Text,HAMD-17 regression,TF-IDF + Ridge (q07_only),1,severity_regression,Spearman,-0.4378411013754502,-0.7604822946357218,-0.04376061692796915,25
cmdc_protocol_q07_only_hamd17_tfidf_ridge,CMDC,Text,HAMD-17 regression,TF-IDF + Ridge (q07_only),2,severity_regression,CCC,-0.09251174237556635,-0.1638484495886842,-0.02514861574550089,25
cmdc_protocol_q07_only_hamd17_tfidf_ridge,CMDC,Text,HAMD-17 regression,TF-IDF + Ridge (q07_only),2,severity_regression,MAE,3.7331652569519513,2.98578007831397,4.630499005626326,25
cmdc_protocol_q07_only_hamd17_tfidf_ridge,CMDC,Text,HAMD-17 regression,TF-IDF + Ridge (q07_only),2,severity_regression,RMSE,4.402797815358669,3.582592666173317,5.174368176093213,25
cmdc_protocol_q07_only_hamd17_tfidf_ridge,CMDC,Text,HAMD-17 regression,TF-IDF + Ridge (q07_only),2,severity_regression,Spearman,-0.4378411013754502,-0.7604822946357218,-0.04376061692796915,25
cmdc_protocol_q07_only_hamd17_tfidf_ridge,CMDC,Text,HAMD-17 regression,TF-IDF + Ridge (q07_only),3,severity_regression,CCC,-0.09251174237556635,-0.1638484495886842,-0.02514861574550089,25
cmdc_protocol_q07_only_hamd17_tfidf_ridge,CMDC,Text,HAMD-17 regression,TF-IDF + Ridge (q07_only),3,severity_regression,MAE,3.7331652569519513,2.98578007831397,4.630499005626326,25
cmdc_protocol_q07_only_hamd17_tfidf_ridge,CMDC,Text,HAMD-17 regression,TF-IDF + Ridge (q07_only),3,severity_regression,RMSE,4.402797815358669,3.582592666173317,5.174368176093213,25
cmdc_protocol_q07_only_hamd17_tfidf_ridge,CMDC,Text,HAMD-17 regression,TF-IDF + Ridge (q07_only),3,severity_regression,Spearman,-0.4378411013754502,-0.7604822946357218,-0.04376061692796915,25
cmdc_protocol_q07_only_hamd17_tfidf_ridge,CMDC,Text,HAMD-17 regression,TF-IDF + Ridge (q07_only),4,severity_regression,CCC,-0.09251174237556635,-0.1638484495886842,-0.02514861574550089,25
cmdc_protocol_q07_only_hamd17_tfidf_ridge,CMDC,Text,HAMD-17 regression,TF-IDF + Ridge (q07_only),4,severity_regression,MAE,3.7331652569519513,2.98578007831397,4.630499005626326,25
cmdc_protocol_q07_only_hamd17_tfidf_ridge,CMDC,Text,HAMD-17 regression,TF-IDF + Ridge (q07_only),4,severity_regression,RMSE,4.402797815358669,3.582592666173317,5.174368176093213,25
cmdc_protocol_q07_only_hamd17_tfidf_ridge,CMDC,Text,HAMD-17 regression,TF-IDF + Ridge (q07_only),4,severity_regression,Spearman,-0.4378411013754502,-0.7604822946357218,-0.04376061692796915,25
cmdc_protocol_q07_only_phq9_tfidf_ridge,CMDC,Text,PHQ-9 regression,TF-IDF + Ridge (q07_only),0,severity_regression,CCC,0.039108893892620504,0.023803212785659632,0.05406271499103411,77
cmdc_protocol_q07_only_phq9_tfidf_ridge,CMDC,Text,PHQ-9 regression,TF-IDF + Ridge (q07_only),0,severity_regression,MAE,6.482246156131449,5.74034827336191,7.182259073652294,77
cmdc_protocol_q07_only_phq9_tfidf_ridge,CMDC,Text,PHQ-9 regression,TF-IDF + Ridge (q07_only),0,severity_regression,RMSE,7.489105159908733,6.583499633408837,8.234270569249992,77
cmdc_protocol_q07_only_phq9_tfidf_ridge,CMDC,Text,PHQ-9 regression,TF-IDF + Ridge (q07_only),0,severity_regression,Spearman,0.42865422323768204,0.22972774723459233,0.6015532452623676,77
cmdc_protocol_q07_only_phq9_tfidf_ridge,CMDC,Text,PHQ-9 regression,TF-IDF + Ridge (q07_only),1,severity_regression,CCC,0.039108893892620504,0.023803212785659632,0.05406271499103411,77
cmdc_protocol_q07_only_phq9_tfidf_ridge,CMDC,Text,PHQ-9 regression,TF-IDF + Ridge (q07_only),1,severity_regression,MAE,6.482246156131449,5.74034827336191,7.182259073652294,77
cmdc_protocol_q07_only_phq9_tfidf_ridge,CMDC,Text,PHQ-9 regression,TF-IDF + Ridge (q07_only),1,severity_regression,RMSE,7.489105159908733,6.583499633408837,8.234270569249992,77
cmdc_protocol_q07_only_phq9_tfidf_ridge,CMDC,Text,PHQ-9 regression,TF-IDF + Ridge (q07_only),1,severity_regression,Spearman,0.42865422323768204,0.22972774723459233,0.6015532452623676,77
cmdc_protocol_q07_only_phq9_tfidf_ridge,CMDC,Text,PHQ-9 regression,TF-IDF + Ridge (q07_only),2,severity_regression,CCC,0.039108893892620504,0.023803212785659632,0.05406271499103411,77
cmdc_protocol_q07_only_phq9_tfidf_ridge,CMDC,Text,PHQ-9 regression,TF-IDF + Ridge (q07_only),2,severity_regression,MAE,6.482246156131449,5.74034827336191,7.182259073652294,77
cmdc_protocol_q07_only_phq9_tfidf_ridge,CMDC,Text,PHQ-9 regression,TF-IDF + Ridge (q07_only),2,severity_regression,RMSE,7.489105159908733,6.583499633408837,8.234270569249992,77
cmdc_protocol_q07_only_phq9_tfidf_ridge,CMDC,Text,PHQ-9 regression,TF-IDF + Ridge (q07_only),2,severity_regression,Spearman,0.42865422323768204,0.22972774723459233,0.6015532452623676,77
cmdc_protocol_q07_only_phq9_tfidf_ridge,CMDC,Text,PHQ-9 regression,TF-IDF + Ridge (q07_only),3,severity_regression,CCC,0.039108893892620504,0.023803212785659632,0.05406271499103411,77
cmdc_protocol_q07_only_phq9_tfidf_ridge,CMDC,Text,PHQ-9 regression,TF-IDF + Ridge (q07_only),3,severity_regression,MAE,6.482246156131449,5.74034827336191,7.182259073652294,77
cmdc_protocol_q07_only_phq9_tfidf_ridge,CMDC,Text,PHQ-9 regression,TF-IDF + Ridge (q07_only),3,severity_regression,RMSE,7.489105159908733,6.583499633408837,8.234270569249992,77
cmdc_protocol_q07_only_phq9_tfidf_ridge,CMDC,Text,PHQ-9 regression,TF-IDF + Ridge (q07_only),3,severity_regression,Spearman,0.42865422323768204,0.22972774723459233,0.6015532452623676,77
cmdc_protocol_q07_only_phq9_tfidf_ridge,CMDC,Text,PHQ-9 regression,TF-IDF + Ridge (q07_only),4,severity_regression,CCC,0.039108893892620504,0.023803212785659632,0.05406271499103411,77
cmdc_protocol_q07_only_phq9_tfidf_ridge,CMDC,Text,PHQ-9 regression,TF-IDF + Ridge (q07_only),4,severity_regression,MAE,6.482246156131449,5.74034827336191,7.182259073652294,77
cmdc_protocol_q07_only_phq9_tfidf_ridge,CMDC,Text,PHQ-9 regression,TF-IDF + Ridge (q07_only),4,severity_regression,RMSE,7.489105159908733,6.583499633408837,8.234270569249992,77
cmdc_protocol_q07_only_phq9_tfidf_ridge,CMDC,Text,PHQ-9 regression,TF-IDF + Ridge (q07_only),4,severity_regression,Spearman,0.42865422323768204,0.22972774723459233,0.6015532452623676,77
cmdc_protocol_q08_only_binary_tfidf_logistic,CMDC,Text,MDD classification,TF-IDF + Logistic (q08_only),0,binary_classification,Macro-F1,0.8140096618357489,0.7210144927536233,0.8988307416267943,77
cmdc_protocol_q08_only_binary_tfidf_logistic,CMDC,Text,MDD classification,TF-IDF + Logistic (q08_only),0,binary_classification,Balanced Accuracy,0.8015384615384615,0.7126351809954752,0.8904881239935587,77
cmdc_protocol_q08_only_binary_tfidf_logistic,CMDC,Text,MDD classification,TF-IDF + Logistic (q08_only),0,binary_classification,AUROC,0.9,0.8214242581090407,0.9553000186636804,77
cmdc_protocol_q08_only_binary_tfidf_logistic,CMDC,Text,MDD classification,TF-IDF + Logistic (q08_only),0,binary_classification,AUPRC,0.7574044805776134,0.578119126171797,0.9180471887216972,77
cmdc_protocol_q08_only_binary_tfidf_logistic,CMDC,Text,MDD classification,TF-IDF + Logistic (q08_only),0,binary_classification,ECE,0.25464644639956013,0.18325097342008156,0.32886481973822834,77
cmdc_protocol_q08_only_binary_tfidf_logistic,CMDC,Text,MDD classification,TF-IDF + Logistic (q08_only),0,binary_classification,Brier Score,0.1897613783547591,0.1757721891663696,0.2040639651331161,77
cmdc_protocol_q08_only_binary_tfidf_logistic,CMDC,Text,MDD classification,TF-IDF + Logistic (q08_only),1,binary_classification,Macro-F1,0.8140096618357489,0.7210144927536233,0.8988307416267943,77
cmdc_protocol_q08_only_binary_tfidf_logistic,CMDC,Text,MDD classification,TF-IDF + Logistic (q08_only),1,binary_classification,Balanced Accuracy,0.8015384615384615,0.7126351809954752,0.8904881239935587,77
cmdc_protocol_q08_only_binary_tfidf_logistic,CMDC,Text,MDD classification,TF-IDF + Logistic (q08_only),1,binary_classification,AUROC,0.9,0.8214242581090407,0.9553000186636804,77
cmdc_protocol_q08_only_binary_tfidf_logistic,CMDC,Text,MDD classification,TF-IDF + Logistic (q08_only),1,binary_classification,AUPRC,0.7574044805776134,0.578119126171797,0.9180471887216972,77
cmdc_protocol_q08_only_binary_tfidf_logistic,CMDC,Text,MDD classification,TF-IDF + Logistic (q08_only),1,binary_classification,ECE,0.25464644639956013,0.18325097342008156,0.32886481973822834,77
cmdc_protocol_q08_only_binary_tfidf_logistic,CMDC,Text,MDD classification,TF-IDF + Logistic (q08_only),1,binary_classification,Brier Score,0.1897613783547591,0.1757721891663696,0.2040639651331161,77
cmdc_protocol_q08_only_binary_tfidf_logistic,CMDC,Text,MDD classification,TF-IDF + Logistic (q08_only),2,binary_classification,Macro-F1,0.8140096618357489,0.7210144927536233,0.8988307416267943,77
cmdc_protocol_q08_only_binary_tfidf_logistic,CMDC,Text,MDD classification,TF-IDF + Logistic (q08_only),2,binary_classification,Balanced Accuracy,0.8015384615384615,0.7126351809954752,0.8904881239935587,77
cmdc_protocol_q08_only_binary_tfidf_logistic,CMDC,Text,MDD classification,TF-IDF + Logistic (q08_only),2,binary_classification,AUROC,0.9,0.8214242581090407,0.9553000186636804,77
cmdc_protocol_q08_only_binary_tfidf_logistic,CMDC,Text,MDD classification,TF-IDF + Logistic (q08_only),2,binary_classification,AUPRC,0.7574044805776134,0.578119126171797,0.9180471887216972,77
cmdc_protocol_q08_only_binary_tfidf_logistic,CMDC,Text,MDD classification,TF-IDF + Logistic (q08_only),2,binary_classification,ECE,0.25464644639956013,0.18325097342008156,0.32886481973822834,77
cmdc_protocol_q08_only_binary_tfidf_logistic,CMDC,Text,MDD classification,TF-IDF + Logistic (q08_only),2,binary_classification,Brier Score,0.1897613783547591,0.1757721891663696,0.2040639651331161,77
cmdc_protocol_q08_only_binary_tfidf_logistic,CMDC,Text,MDD classification,TF-IDF + Logistic (q08_only),3,binary_classification,Macro-F1,0.8140096618357489,0.7210144927536233,0.8988307416267943,77
cmdc_protocol_q08_only_binary_tfidf_logistic,CMDC,Text,MDD classification,TF-IDF + Logistic (q08_only),3,binary_classification,Balanced Accuracy,0.8015384615384615,0.7126351809954752,0.8904881239935587,77
cmdc_protocol_q08_only_binary_tfidf_logistic,CMDC,Text,MDD classification,TF-IDF + Logistic (q08_only),3,binary_classification,AUROC,0.9,0.8214242581090407,0.9553000186636804,77
cmdc_protocol_q08_only_binary_tfidf_logistic,CMDC,Text,MDD classification,TF-IDF + Logistic (q08_only),3,binary_classification,AUPRC,0.7574044805776134,0.578119126171797,0.9180471887216972,77
cmdc_protocol_q08_only_binary_tfidf_logistic,CMDC,Text,MDD classification,TF-IDF + Logistic (q08_only),3,binary_classification,ECE,0.25464644639956013,0.18325097342008156,0.32886481973822834,77
cmdc_protocol_q08_only_binary_tfidf_logistic,CMDC,Text,MDD classification,TF-IDF + Logistic (q08_only),3,binary_classification,Brier Score,0.1897613783547591,0.1757721891663696,0.2040639651331161,77
cmdc_protocol_q08_only_binary_tfidf_logistic,CMDC,Text,MDD classification,TF-IDF + Logistic (q08_only),4,binary_classification,Macro-F1,0.8140096618357489,0.7210144927536233,0.8988307416267943,77
cmdc_protocol_q08_only_binary_tfidf_logistic,CMDC,Text,MDD classification,TF-IDF + Logistic (q08_only),4,binary_classification,Balanced Accuracy,0.8015384615384615,0.7126351809954752,0.8904881239935587,77
cmdc_protocol_q08_only_binary_tfidf_logistic,CMDC,Text,MDD classification,TF-IDF + Logistic (q08_only),4,binary_classification,AUROC,0.9,0.8214242581090407,0.9553000186636804,77
cmdc_protocol_q08_only_binary_tfidf_logistic,CMDC,Text,MDD classification,TF-IDF + Logistic (q08_only),4,binary_classification,AUPRC,0.7574044805776134,0.578119126171797,0.9180471887216972,77
cmdc_protocol_q08_only_binary_tfidf_logistic,CMDC,Text,MDD classification,TF-IDF + Logistic (q08_only),4,binary_classification,ECE,0.25464644639956013,0.18325097342008156,0.32886481973822834,77
cmdc_protocol_q08_only_binary_tfidf_logistic,CMDC,Text,MDD classification,TF-IDF + Logistic (q08_only),4,binary_classification,Brier Score,0.1897613783547591,0.1757721891663696,0.2040639651331161,77
cmdc_protocol_q08_only_hamd17_tfidf_ridge,CMDC,Text,HAMD-17 regression,TF-IDF + Ridge (q08_only),0,severity_regression,CCC,-0.06710206380541024,-0.12570372169202373,0.00646544254315232,25
cmdc_protocol_q08_only_hamd17_tfidf_ridge,CMDC,Text,HAMD-17 regression,TF-IDF + Ridge (q08_only),0,severity_regression,MAE,3.6596447988627774,2.9046807390409937,4.590882097772955,25
cmdc_protocol_q08_only_hamd17_tfidf_ridge,CMDC,Text,HAMD-17 regression,TF-IDF + Ridge (q08_only),0,severity_regression,RMSE,4.349709024103042,3.5144205524776426,5.1723593048212875,25
cmdc_protocol_q08_only_hamd17_tfidf_ridge,CMDC,Text,HAMD-17 regression,TF-IDF + Ridge (q08_only),0,severity_regression,Spearman,-0.35289838329555684,-0.6351466873063373,0.08138084577803152,25
cmdc_protocol_q08_only_hamd17_tfidf_ridge,CMDC,Text,HAMD-17 regression,TF-IDF + Ridge (q08_only),1,severity_regression,CCC,-0.06710206380541024,-0.12570372169202373,0.00646544254315232,25
cmdc_protocol_q08_only_hamd17_tfidf_ridge,CMDC,Text,HAMD-17 regression,TF-IDF + Ridge (q08_only),1,severity_regression,MAE,3.6596447988627774,2.9046807390409937,4.590882097772955,25
cmdc_protocol_q08_only_hamd17_tfidf_ridge,CMDC,Text,HAMD-17 regression,TF-IDF + Ridge (q08_only),1,severity_regression,RMSE,4.349709024103042,3.5144205524776426,5.1723593048212875,25
cmdc_protocol_q08_only_hamd17_tfidf_ridge,CMDC,Text,HAMD-17 regression,TF-IDF + Ridge (q08_only),1,severity_regression,Spearman,-0.35289838329555684,-0.6351466873063373,0.08138084577803152,25
cmdc_protocol_q08_only_hamd17_tfidf_ridge,CMDC,Text,HAMD-17 regression,TF-IDF + Ridge (q08_only),2,severity_regression,CCC,-0.06710206380541024,-0.12570372169202373,0.00646544254315232,25
cmdc_protocol_q08_only_hamd17_tfidf_ridge,CMDC,Text,HAMD-17 regression,TF-IDF + Ridge (q08_only),2,severity_regression,MAE,3.6596447988627774,2.9046807390409937,4.590882097772955,25
cmdc_protocol_q08_only_hamd17_tfidf_ridge,CMDC,Text,HAMD-17 regression,TF-IDF + Ridge (q08_only),2,severity_regression,RMSE,4.349709024103042,3.5144205524776426,5.1723593048212875,25
cmdc_protocol_q08_only_hamd17_tfidf_ridge,CMDC,Text,HAMD-17 regression,TF-IDF + Ridge (q08_only),2,severity_regression,Spearman,-0.35289838329555684,-0.6351466873063373,0.08138084577803152,25
cmdc_protocol_q08_only_hamd17_tfidf_ridge,CMDC,Text,HAMD-17 regression,TF-IDF + Ridge (q08_only),3,severity_regression,CCC,-0.06710206380541024,-0.12570372169202373,0.00646544254315232,25
cmdc_protocol_q08_only_hamd17_tfidf_ridge,CMDC,Text,HAMD-17 regression,TF-IDF + Ridge (q08_only),3,severity_regression,MAE,3.6596447988627774,2.9046807390409937,4.590882097772955,25
cmdc_protocol_q08_only_hamd17_tfidf_ridge,CMDC,Text,HAMD-17 regression,TF-IDF + Ridge (q08_only),3,severity_regression,RMSE,4.349709024103042,3.5144205524776426,5.1723593048212875,25
cmdc_protocol_q08_only_hamd17_tfidf_ridge,CMDC,Text,HAMD-17 regression,TF-IDF + Ridge (q08_only),3,severity_regression,Spearman,-0.35289838329555684,-0.6351466873063373,0.08138084577803152,25
cmdc_protocol_q08_only_hamd17_tfidf_ridge,CMDC,Text,HAMD-17 regression,TF-IDF + Ridge (q08_only),4,severity_regression,CCC,-0.06710206380541024,-0.12570372169202373,0.00646544254315232,25
cmdc_protocol_q08_only_hamd17_tfidf_ridge,CMDC,Text,HAMD-17 regression,TF-IDF + Ridge (q08_only),4,severity_regression,MAE,3.6596447988627774,2.9046807390409937,4.590882097772955,25
cmdc_protocol_q08_only_hamd17_tfidf_ridge,CMDC,Text,HAMD-17 regression,TF-IDF + Ridge (q08_only),4,severity_regression,RMSE,4.349709024103042,3.5144205524776426,5.1723593048212875,25
cmdc_protocol_q08_only_hamd17_tfidf_ridge,CMDC,Text,HAMD-17 regression,TF-IDF + Ridge (q08_only),4,severity_regression,Spearman,-0.35289838329555684,-0.6351466873063373,0.08138084577803152,25
cmdc_protocol_q08_only_phq9_tfidf_ridge,CMDC,Text,PHQ-9 regression,TF-IDF + Ridge (q08_only),0,severity_regression,CCC,0.09844129677219368,0.0655366407045719,0.13320116478550043,77
cmdc_protocol_q08_only_phq9_tfidf_ridge,CMDC,Text,PHQ-9 regression,TF-IDF + Ridge (q08_only),0,severity_regression,MAE,6.273073192575261,5.496132814465559,6.92129584792273,77
cmdc_protocol_q08_only_phq9_tfidf_ridge,CMDC,Text,PHQ-9 regression,TF-IDF + Ridge (q08_only),0,severity_regression,RMSE,7.279054561030377,6.328139096796827,8.089128774040724,77
cmdc_protocol_q08_only_phq9_tfidf_ridge,CMDC,Text,PHQ-9 regression,TF-IDF + Ridge (q08_only),0,severity_regression,Spearman,0.5557735629726964,0.3742771118753835,0.6972339189602382,77
cmdc_protocol_q08_only_phq9_tfidf_ridge,CMDC,Text,PHQ-9 regression,TF-IDF + Ridge (q08_only),1,severity_regression,CCC,0.09844129677219368,0.0655366407045719,0.13320116478550043,77
cmdc_protocol_q08_only_phq9_tfidf_ridge,CMDC,Text,PHQ-9 regression,TF-IDF + Ridge (q08_only),1,severity_regression,MAE,6.273073192575261,5.496132814465559,6.92129584792273,77
cmdc_protocol_q08_only_phq9_tfidf_ridge,CMDC,Text,PHQ-9 regression,TF-IDF + Ridge (q08_only),1,severity_regression,RMSE,7.279054561030377,6.328139096796827,8.089128774040724,77
cmdc_protocol_q08_only_phq9_tfidf_ridge,CMDC,Text,PHQ-9 regression,TF-IDF + Ridge (q08_only),1,severity_regression,Spearman,0.5557735629726964,0.3742771118753835,0.6972339189602382,77
cmdc_protocol_q08_only_phq9_tfidf_ridge,CMDC,Text,PHQ-9 regression,TF-IDF + Ridge (q08_only),2,severity_regression,CCC,0.09844129677219368,0.0655366407045719,0.13320116478550043,77
cmdc_protocol_q08_only_phq9_tfidf_ridge,CMDC,Text,PHQ-9 regression,TF-IDF + Ridge (q08_only),2,severity_regression,MAE,6.273073192575261,5.496132814465559,6.92129584792273,77
cmdc_protocol_q08_only_phq9_tfidf_ridge,CMDC,Text,PHQ-9 regression,TF-IDF + Ridge (q08_only),2,severity_regression,RMSE,7.279054561030377,6.328139096796827,8.089128774040724,77
cmdc_protocol_q08_only_phq9_tfidf_ridge,CMDC,Text,PHQ-9 regression,TF-IDF + Ridge (q08_only),2,severity_regression,Spearman,0.5557735629726964,0.3742771118753835,0.6972339189602382,77
cmdc_protocol_q08_only_phq9_tfidf_ridge,CMDC,Text,PHQ-9 regression,TF-IDF + Ridge (q08_only),3,severity_regression,CCC,0.09844129677219368,0.0655366407045719,0.13320116478550043,77
cmdc_protocol_q08_only_phq9_tfidf_ridge,CMDC,Text,PHQ-9 regression,TF-IDF + Ridge (q08_only),3,severity_regression,MAE,6.273073192575261,5.496132814465559,6.92129584792273,77
cmdc_protocol_q08_only_phq9_tfidf_ridge,CMDC,Text,PHQ-9 regression,TF-IDF + Ridge (q08_only),3,severity_regression,RMSE,7.279054561030377,6.328139096796827,8.089128774040724,77
cmdc_protocol_q08_only_phq9_tfidf_ridge,CMDC,Text,PHQ-9 regression,TF-IDF + Ridge (q08_only),3,severity_regression,Spearman,0.5557735629726964,0.3742771118753835,0.6972339189602382,77
cmdc_protocol_q08_only_phq9_tfidf_ridge,CMDC,Text,PHQ-9 regression,TF-IDF + Ridge (q08_only),4,severity_regression,CCC,0.09844129677219368,0.0655366407045719,0.13320116478550043,77
cmdc_protocol_q08_only_phq9_tfidf_ridge,CMDC,Text,PHQ-9 regression,TF-IDF + Ridge (q08_only),4,severity_regression,MAE,6.273073192575261,5.496132814465559,6.92129584792273,77
cmdc_protocol_q08_only_phq9_tfidf_ridge,CMDC,Text,PHQ-9 regression,TF-IDF + Ridge (q08_only),4,severity_regression,RMSE,7.279054561030377,6.328139096796827,8.089128774040724,77
cmdc_protocol_q08_only_phq9_tfidf_ridge,CMDC,Text,PHQ-9 regression,TF-IDF + Ridge (q08_only),4,severity_regression,Spearman,0.5557735629726964,0.3742771118753835,0.6972339189602382,77
cmdc_protocol_q09_only_binary_tfidf_logistic,CMDC,Text,MDD classification,TF-IDF + Logistic (q09_only),0,binary_classification,Macro-F1,0.6842218864666523,0.573163525217647,0.7940198483496879,77
cmdc_protocol_q09_only_binary_tfidf_logistic,CMDC,Text,MDD classification,TF-IDF + Logistic (q09_only),0,binary_classification,Balanced Accuracy,0.671923076923077,0.5781469404186795,0.7774093614718615,77
cmdc_protocol_q09_only_binary_tfidf_logistic,CMDC,Text,MDD classification,TF-IDF + Logistic (q09_only),0,binary_classification,AUROC,0.8253846153846154,0.7420554564377044,0.9139529384756658,77
cmdc_protocol_q09_only_binary_tfidf_logistic,CMDC,Text,MDD classification,TF-IDF + Logistic (q09_only),0,binary_classification,AUPRC,0.6743193824899418,0.480376712093895,0.8475546466926266,77
cmdc_protocol_q09_only_binary_tfidf_logistic,CMDC,Text,MDD classification,TF-IDF + Logistic (q09_only),0,binary_classification,ECE,0.2098931741377596,0.11662170477407098,0.3061499586382665,77
cmdc_protocol_q09_only_binary_tfidf_logistic,CMDC,Text,MDD classification,TF-IDF + Logistic (q09_only),0,binary_classification,Brier Score,0.2214118112231921,0.21251588457249582,0.22928017786620658,77
cmdc_protocol_q09_only_binary_tfidf_logistic,CMDC,Text,MDD classification,TF-IDF + Logistic (q09_only),1,binary_classification,Macro-F1,0.6842218864666523,0.573163525217647,0.7940198483496879,77
cmdc_protocol_q09_only_binary_tfidf_logistic,CMDC,Text,MDD classification,TF-IDF + Logistic (q09_only),1,binary_classification,Balanced Accuracy,0.671923076923077,0.5781469404186795,0.7774093614718615,77
cmdc_protocol_q09_only_binary_tfidf_logistic,CMDC,Text,MDD classification,TF-IDF + Logistic (q09_only),1,binary_classification,AUROC,0.8253846153846154,0.7420554564377044,0.9139529384756658,77
cmdc_protocol_q09_only_binary_tfidf_logistic,CMDC,Text,MDD classification,TF-IDF + Logistic (q09_only),1,binary_classification,AUPRC,0.6743193824899418,0.480376712093895,0.8475546466926266,77
cmdc_protocol_q09_only_binary_tfidf_logistic,CMDC,Text,MDD classification,TF-IDF + Logistic (q09_only),1,binary_classification,ECE,0.2098931741377596,0.11662170477407098,0.3061499586382665,77
cmdc_protocol_q09_only_binary_tfidf_logistic,CMDC,Text,MDD classification,TF-IDF + Logistic (q09_only),1,binary_classification,Brier Score,0.2214118112231921,0.21251588457249582,0.22928017786620658,77
cmdc_protocol_q09_only_binary_tfidf_logistic,CMDC,Text,MDD classification,TF-IDF + Logistic (q09_only),2,binary_classification,Macro-F1,0.6842218864666523,0.573163525217647,0.7940198483496879,77
cmdc_protocol_q09_only_binary_tfidf_logistic,CMDC,Text,MDD classification,TF-IDF + Logistic (q09_only),2,binary_classification,Balanced Accuracy,0.671923076923077,0.5781469404186795,0.7774093614718615,77
cmdc_protocol_q09_only_binary_tfidf_logistic,CMDC,Text,MDD classification,TF-IDF + Logistic (q09_only),2,binary_classification,AUROC,0.8253846153846154,0.7420554564377044,0.9139529384756658,77
cmdc_protocol_q09_only_binary_tfidf_logistic,CMDC,Text,MDD classification,TF-IDF + Logistic (q09_only),2,binary_classification,AUPRC,0.6743193824899418,0.480376712093895,0.8475546466926266,77
cmdc_protocol_q09_only_binary_tfidf_logistic,CMDC,Text,MDD classification,TF-IDF + Logistic (q09_only),2,binary_classification,ECE,0.2098931741377596,0.11662170477407098,0.3061499586382665,77
cmdc_protocol_q09_only_binary_tfidf_logistic,CMDC,Text,MDD classification,TF-IDF + Logistic (q09_only),2,binary_classification,Brier Score,0.2214118112231921,0.21251588457249582,0.22928017786620658,77
cmdc_protocol_q09_only_binary_tfidf_logistic,CMDC,Text,MDD classification,TF-IDF + Logistic (q09_only),3,binary_classification,Macro-F1,0.6842218864666523,0.573163525217647,0.7940198483496879,77
cmdc_protocol_q09_only_binary_tfidf_logistic,CMDC,Text,MDD classification,TF-IDF + Logistic (q09_only),3,binary_classification,Balanced Accuracy,0.671923076923077,0.5781469404186795,0.7774093614718615,77
cmdc_protocol_q09_only_binary_tfidf_logistic,CMDC,Text,MDD classification,TF-IDF + Logistic (q09_only),3,binary_classification,AUROC,0.8253846153846154,0.7420554564377044,0.9139529384756658,77
cmdc_protocol_q09_only_binary_tfidf_logistic,CMDC,Text,MDD classification,TF-IDF + Logistic (q09_only),3,binary_classification,AUPRC,0.6743193824899418,0.480376712093895,0.8475546466926266,77
cmdc_protocol_q09_only_binary_tfidf_logistic,CMDC,Text,MDD classification,TF-IDF + Logistic (q09_only),3,binary_classification,ECE,0.2098931741377596,0.11662170477407098,0.3061499586382665,77
cmdc_protocol_q09_only_binary_tfidf_logistic,CMDC,Text,MDD classification,TF-IDF + Logistic (q09_only),3,binary_classification,Brier Score,0.2214118112231921,0.21251588457249582,0.22928017786620658,77
cmdc_protocol_q09_only_binary_tfidf_logistic,CMDC,Text,MDD classification,TF-IDF + Logistic (q09_only),4,binary_classification,Macro-F1,0.6842218864666523,0.573163525217647,0.7940198483496879,77
cmdc_protocol_q09_only_binary_tfidf_logistic,CMDC,Text,MDD classification,TF-IDF + Logistic (q09_only),4,binary_classification,Balanced Accuracy,0.671923076923077,0.5781469404186795,0.7774093614718615,77
cmdc_protocol_q09_only_binary_tfidf_logistic,CMDC,Text,MDD classification,TF-IDF + Logistic (q09_only),4,binary_classification,AUROC,0.8253846153846154,0.7420554564377044,0.9139529384756658,77
cmdc_protocol_q09_only_binary_tfidf_logistic,CMDC,Text,MDD classification,TF-IDF + Logistic (q09_only),4,binary_classification,AUPRC,0.6743193824899418,0.480376712093895,0.8475546466926266,77
cmdc_protocol_q09_only_binary_tfidf_logistic,CMDC,Text,MDD classification,TF-IDF + Logistic (q09_only),4,binary_classification,ECE,0.2098931741377596,0.11662170477407098,0.3061499586382665,77
cmdc_protocol_q09_only_binary_tfidf_logistic,CMDC,Text,MDD classification,TF-IDF + Logistic (q09_only),4,binary_classification,Brier Score,0.2214118112231921,0.21251588457249582,0.22928017786620658,77
cmdc_protocol_q09_only_hamd17_tfidf_ridge,CMDC,Text,HAMD-17 regression,TF-IDF + Ridge (q09_only),0,severity_regression,CCC,-0.08136859860703016,-0.1505600746406617,-0.000331406141718748,25
cmdc_protocol_q09_only_hamd17_tfidf_ridge,CMDC,Text,HAMD-17 regression,TF-IDF + Ridge (q09_only),0,severity_regression,MAE,3.714365465821046,2.9925870686633305,4.57006724864089,25
cmdc_protocol_q09_only_hamd17_tfidf_ridge,CMDC,Text,HAMD-17 regression,TF-IDF + Ridge (q09_only),0,severity_regression,RMSE,4.380462901785912,3.590271616455838,5.157551892899765,25
cmdc_protocol_q09_only_hamd17_tfidf_ridge,CMDC,Text,HAMD-17 regression,TF-IDF + Ridge (q09_only),0,severity_regression,Spearman,-0.3474929375995636,-0.6825278271322741,0.13579434066074997,25
cmdc_protocol_q09_only_hamd17_tfidf_ridge,CMDC,Text,HAMD-17 regression,TF-IDF + Ridge (q09_only),1,severity_regression,CCC,-0.08136859860703016,-0.1505600746406617,-0.000331406141718748,25
cmdc_protocol_q09_only_hamd17_tfidf_ridge,CMDC,Text,HAMD-17 regression,TF-IDF + Ridge (q09_only),1,severity_regression,MAE,3.714365465821046,2.9925870686633305,4.57006724864089,25
cmdc_protocol_q09_only_hamd17_tfidf_ridge,CMDC,Text,HAMD-17 regression,TF-IDF + Ridge (q09_only),1,severity_regression,RMSE,4.380462901785912,3.590271616455838,5.157551892899765,25
cmdc_protocol_q09_only_hamd17_tfidf_ridge,CMDC,Text,HAMD-17 regression,TF-IDF + Ridge (q09_only),1,severity_regression,Spearman,-0.3474929375995636,-0.6825278271322741,0.13579434066074997,25
cmdc_protocol_q09_only_hamd17_tfidf_ridge,CMDC,Text,HAMD-17 regression,TF-IDF + Ridge (q09_only),2,severity_regression,CCC,-0.08136859860703016,-0.1505600746406617,-0.000331406141718748,25
cmdc_protocol_q09_only_hamd17_tfidf_ridge,CMDC,Text,HAMD-17 regression,TF-IDF + Ridge (q09_only),2,severity_regression,MAE,3.714365465821046,2.9925870686633305,4.57006724864089,25
cmdc_protocol_q09_only_hamd17_tfidf_ridge,CMDC,Text,HAMD-17 regression,TF-IDF + Ridge (q09_only),2,severity_regression,RMSE,4.380462901785912,3.590271616455838,5.157551892899765,25
cmdc_protocol_q09_only_hamd17_tfidf_ridge,CMDC,Text,HAMD-17 regression,TF-IDF + Ridge (q09_only),2,severity_regression,Spearman,-0.3474929375995636,-0.6825278271322741,0.13579434066074997,25
cmdc_protocol_q09_only_hamd17_tfidf_ridge,CMDC,Text,HAMD-17 regression,TF-IDF + Ridge (q09_only),3,severity_regression,CCC,-0.08136859860703016,-0.1505600746406617,-0.000331406141718748,25
cmdc_protocol_q09_only_hamd17_tfidf_ridge,CMDC,Text,HAMD-17 regression,TF-IDF + Ridge (q09_only),3,severity_regression,MAE,3.714365465821046,2.9925870686633305,4.57006724864089,25
cmdc_protocol_q09_only_hamd17_tfidf_ridge,CMDC,Text,HAMD-17 regression,TF-IDF + Ridge (q09_only),3,severity_regression,RMSE,4.380462901785912,3.590271616455838,5.157551892899765,25
cmdc_protocol_q09_only_hamd17_tfidf_ridge,CMDC,Text,HAMD-17 regression,TF-IDF + Ridge (q09_only),3,severity_regression,Spearman,-0.3474929375995636,-0.6825278271322741,0.13579434066074997,25
cmdc_protocol_q09_only_hamd17_tfidf_ridge,CMDC,Text,HAMD-17 regression,TF-IDF + Ridge (q09_only),4,severity_regression,CCC,-0.08136859860703016,-0.1505600746406617,-0.000331406141718748,25
cmdc_protocol_q09_only_hamd17_tfidf_ridge,CMDC,Text,HAMD-17 regression,TF-IDF + Ridge (q09_only),4,severity_regression,MAE,3.714365465821046,2.9925870686633305,4.57006724864089,25
cmdc_protocol_q09_only_hamd17_tfidf_ridge,CMDC,Text,HAMD-17 regression,TF-IDF + Ridge (q09_only),4,severity_regression,RMSE,4.380462901785912,3.590271616455838,5.157551892899765,25
cmdc_protocol_q09_only_hamd17_tfidf_ridge,CMDC,Text,HAMD-17 regression,TF-IDF + Ridge (q09_only),4,severity_regression,Spearman,-0.3474929375995636,-0.6825278271322741,0.13579434066074997,25
cmdc_protocol_q09_only_phq9_tfidf_ridge,CMDC,Text,PHQ-9 regression,TF-IDF + Ridge (q09_only),0,severity_regression,CCC,0.021084933679350052,0.008220207363785785,0.03968129002151014,77
cmdc_protocol_q09_only_phq9_tfidf_ridge,CMDC,Text,PHQ-9 regression,TF-IDF + Ridge (q09_only),0,severity_regression,MAE,6.5541783589021705,5.79270631540954,7.187924656131468,77
cmdc_protocol_q09_only_phq9_tfidf_ridge,CMDC,Text,PHQ-9 regression,TF-IDF + Ridge (q09_only),0,severity_regression,RMSE,7.557121737474225,6.608625546058809,8.334889265058651,77
cmdc_protocol_q09_only_phq9_tfidf_ridge,CMDC,Text,PHQ-9 regression,TF-IDF + Ridge (q09_only),0,severity_regression,Spearman,0.23196523544791836,0.010334195662412374,0.4606749609249361,77
cmdc_protocol_q09_only_phq9_tfidf_ridge,CMDC,Text,PHQ-9 regression,TF-IDF + Ridge (q09_only),1,severity_regression,CCC,0.021084933679350052,0.008220207363785785,0.03968129002151014,77
cmdc_protocol_q09_only_phq9_tfidf_ridge,CMDC,Text,PHQ-9 regression,TF-IDF + Ridge (q09_only),1,severity_regression,MAE,6.5541783589021705,5.79270631540954,7.187924656131468,77
cmdc_protocol_q09_only_phq9_tfidf_ridge,CMDC,Text,PHQ-9 regression,TF-IDF + Ridge (q09_only),1,severity_regression,RMSE,7.557121737474225,6.608625546058809,8.334889265058651,77
cmdc_protocol_q09_only_phq9_tfidf_ridge,CMDC,Text,PHQ-9 regression,TF-IDF + Ridge (q09_only),1,severity_regression,Spearman,0.23196523544791836,0.010334195662412374,0.4606749609249361,77
cmdc_protocol_q09_only_phq9_tfidf_ridge,CMDC,Text,PHQ-9 regression,TF-IDF + Ridge (q09_only),2,severity_regression,CCC,0.021084933679350052,0.008220207363785785,0.03968129002151014,77
cmdc_protocol_q09_only_phq9_tfidf_ridge,CMDC,Text,PHQ-9 regression,TF-IDF + Ridge (q09_only),2,severity_regression,MAE,6.5541783589021705,5.79270631540954,7.187924656131468,77
cmdc_protocol_q09_only_phq9_tfidf_ridge,CMDC,Text,PHQ-9 regression,TF-IDF + Ridge (q09_only),2,severity_regression,RMSE,7.557121737474225,6.608625546058809,8.334889265058651,77
cmdc_protocol_q09_only_phq9_tfidf_ridge,CMDC,Text,PHQ-9 regression,TF-IDF + Ridge (q09_only),2,severity_regression,Spearman,0.23196523544791836,0.010334195662412374,0.4606749609249361,77
cmdc_protocol_q09_only_phq9_tfidf_ridge,CMDC,Text,PHQ-9 regression,TF-IDF + Ridge (q09_only),3,severity_regression,CCC,0.021084933679350052,0.008220207363785785,0.03968129002151014,77
cmdc_protocol_q09_only_phq9_tfidf_ridge,CMDC,Text,PHQ-9 regression,TF-IDF + Ridge (q09_only),3,severity_regression,MAE,6.5541783589021705,5.79270631540954,7.187924656131468,77
cmdc_protocol_q09_only_phq9_tfidf_ridge,CMDC,Text,PHQ-9 regression,TF-IDF + Ridge (q09_only),3,severity_regression,RMSE,7.557121737474225,6.608625546058809,8.334889265058651,77
cmdc_protocol_q09_only_phq9_tfidf_ridge,CMDC,Text,PHQ-9 regression,TF-IDF + Ridge (q09_only),3,severity_regression,Spearman,0.23196523544791836,0.010334195662412374,0.4606749609249361,77
cmdc_protocol_q09_only_phq9_tfidf_ridge,CMDC,Text,PHQ-9 regression,TF-IDF + Ridge (q09_only),4,severity_regression,CCC,0.021084933679350052,0.008220207363785785,0.03968129002151014,77
cmdc_protocol_q09_only_phq9_tfidf_ridge,CMDC,Text,PHQ-9 regression,TF-IDF + Ridge (q09_only),4,severity_regression,MAE,6.5541783589021705,5.79270631540954,7.187924656131468,77
cmdc_protocol_q09_only_phq9_tfidf_ridge,CMDC,Text,PHQ-9 regression,TF-IDF + Ridge (q09_only),4,severity_regression,RMSE,7.557121737474225,6.608625546058809,8.334889265058651,77
cmdc_protocol_q09_only_phq9_tfidf_ridge,CMDC,Text,PHQ-9 regression,TF-IDF + Ridge (q09_only),4,severity_regression,Spearman,0.23196523544791836,0.010334195662412374,0.4606749609249361,77
cmdc_protocol_q09_q12_binary_tfidf_logistic,CMDC,Text,MDD classification,TF-IDF + Logistic (q09_q12),0,binary_classification,Macro-F1,0.7226890756302522,0.6071026053864168,0.8364571135831382,77
cmdc_protocol_q09_q12_binary_tfidf_logistic,CMDC,Text,MDD classification,TF-IDF + Logistic (q09_q12),0,binary_classification,Balanced Accuracy,0.7,0.6153409090909091,0.8030934343434343,77
cmdc_protocol_q09_q12_binary_tfidf_logistic,CMDC,Text,MDD classification,TF-IDF + Logistic (q09_q12),0,binary_classification,AUROC,0.9176923076923077,0.8165451388888889,0.9894889082209656,77
cmdc_protocol_q09_q12_binary_tfidf_logistic,CMDC,Text,MDD classification,TF-IDF + Logistic (q09_q12),0,binary_classification,AUPRC,0.9186239842029316,0.8002699637374829,0.9800071738606221,77
cmdc_protocol_q09_q12_binary_tfidf_logistic,CMDC,Text,MDD classification,TF-IDF + Logistic (q09_q12),0,binary_classification,ECE,0.26229819973613305,0.16452633842245207,0.3389167086783879,77
cmdc_protocol_q09_q12_binary_tfidf_logistic,CMDC,Text,MDD classification,TF-IDF + Logistic (q09_q12),0,binary_classification,Brier Score,0.21895982948998455,0.21039053151586737,0.2282159887853643,77
cmdc_protocol_q09_q12_binary_tfidf_logistic,CMDC,Text,MDD classification,TF-IDF + Logistic (q09_q12),1,binary_classification,Macro-F1,0.7226890756302522,0.6071026053864168,0.8364571135831382,77
cmdc_protocol_q09_q12_binary_tfidf_logistic,CMDC,Text,MDD classification,TF-IDF + Logistic (q09_q12),1,binary_classification,Balanced Accuracy,0.7,0.6153409090909091,0.8030934343434343,77
cmdc_protocol_q09_q12_binary_tfidf_logistic,CMDC,Text,MDD classification,TF-IDF + Logistic (q09_q12),1,binary_classification,AUROC,0.9176923076923077,0.8165451388888889,0.9894889082209656,77
cmdc_protocol_q09_q12_binary_tfidf_logistic,CMDC,Text,MDD classification,TF-IDF + Logistic (q09_q12),1,binary_classification,AUPRC,0.9186239842029316,0.8002699637374829,0.9800071738606221,77
cmdc_protocol_q09_q12_binary_tfidf_logistic,CMDC,Text,MDD classification,TF-IDF + Logistic (q09_q12),1,binary_classification,ECE,0.26229819973613305,0.16452633842245207,0.3389167086783879,77
cmdc_protocol_q09_q12_binary_tfidf_logistic,CMDC,Text,MDD classification,TF-IDF + Logistic (q09_q12),1,binary_classification,Brier Score,0.21895982948998455,0.21039053151586737,0.2282159887853643,77
cmdc_protocol_q09_q12_binary_tfidf_logistic,CMDC,Text,MDD classification,TF-IDF + Logistic (q09_q12),2,binary_classification,Macro-F1,0.7226890756302522,0.6071026053864168,0.8364571135831382,77
cmdc_protocol_q09_q12_binary_tfidf_logistic,CMDC,Text,MDD classification,TF-IDF + Logistic (q09_q12),2,binary_classification,Balanced Accuracy,0.7,0.6153409090909091,0.8030934343434343,77
cmdc_protocol_q09_q12_binary_tfidf_logistic,CMDC,Text,MDD classification,TF-IDF + Logistic (q09_q12),2,binary_classification,AUROC,0.9176923076923077,0.8165451388888889,0.9894889082209656,77
cmdc_protocol_q09_q12_binary_tfidf_logistic,CMDC,Text,MDD classification,TF-IDF + Logistic (q09_q12),2,binary_classification,AUPRC,0.9186239842029316,0.8002699637374829,0.9800071738606221,77
cmdc_protocol_q09_q12_binary_tfidf_logistic,CMDC,Text,MDD classification,TF-IDF + Logistic (q09_q12),2,binary_classification,ECE,0.26229819973613305,0.16452633842245207,0.3389167086783879,77
cmdc_protocol_q09_q12_binary_tfidf_logistic,CMDC,Text,MDD classification,TF-IDF + Logistic (q09_q12),2,binary_classification,Brier Score,0.21895982948998455,0.21039053151586737,0.2282159887853643,77
cmdc_protocol_q09_q12_binary_tfidf_logistic,CMDC,Text,MDD classification,TF-IDF + Logistic (q09_q12),3,binary_classification,Macro-F1,0.7226890756302522,0.6071026053864168,0.8364571135831382,77
cmdc_protocol_q09_q12_binary_tfidf_logistic,CMDC,Text,MDD classification,TF-IDF + Logistic (q09_q12),3,binary_classification,Balanced Accuracy,0.7,0.6153409090909091,0.8030934343434343,77
cmdc_protocol_q09_q12_binary_tfidf_logistic,CMDC,Text,MDD classification,TF-IDF + Logistic (q09_q12),3,binary_classification,AUROC,0.9176923076923077,0.8165451388888889,0.9894889082209656,77
cmdc_protocol_q09_q12_binary_tfidf_logistic,CMDC,Text,MDD classification,TF-IDF + Logistic (q09_q12),3,binary_classification,AUPRC,0.9186239842029316,0.8002699637374829,0.9800071738606221,77
cmdc_protocol_q09_q12_binary_tfidf_logistic,CMDC,Text,MDD classification,TF-IDF + Logistic (q09_q12),3,binary_classification,ECE,0.26229819973613305,0.16452633842245207,0.3389167086783879,77
cmdc_protocol_q09_q12_binary_tfidf_logistic,CMDC,Text,MDD classification,TF-IDF + Logistic (q09_q12),3,binary_classification,Brier Score,0.21895982948998455,0.21039053151586737,0.2282159887853643,77
cmdc_protocol_q09_q12_binary_tfidf_logistic,CMDC,Text,MDD classification,TF-IDF + Logistic (q09_q12),4,binary_classification,Macro-F1,0.7226890756302522,0.6071026053864168,0.8364571135831382,77
cmdc_protocol_q09_q12_binary_tfidf_logistic,CMDC,Text,MDD classification,TF-IDF + Logistic (q09_q12),4,binary_classification,Balanced Accuracy,0.7,0.6153409090909091,0.8030934343434343,77
cmdc_protocol_q09_q12_binary_tfidf_logistic,CMDC,Text,MDD classification,TF-IDF + Logistic (q09_q12),4,binary_classification,AUROC,0.9176923076923077,0.8165451388888889,0.9894889082209656,77
cmdc_protocol_q09_q12_binary_tfidf_logistic,CMDC,Text,MDD classification,TF-IDF + Logistic (q09_q12),4,binary_classification,AUPRC,0.9186239842029316,0.8002699637374829,0.9800071738606221,77
cmdc_protocol_q09_q12_binary_tfidf_logistic,CMDC,Text,MDD classification,TF-IDF + Logistic (q09_q12),4,binary_classification,ECE,0.26229819973613305,0.16452633842245207,0.3389167086783879,77
cmdc_protocol_q09_q12_binary_tfidf_logistic,CMDC,Text,MDD classification,TF-IDF + Logistic (q09_q12),4,binary_classification,Brier Score,0.21895982948998455,0.21039053151586737,0.2282159887853643,77
cmdc_protocol_q09_q12_hamd17_tfidf_ridge,CMDC,Text,HAMD-17 regression,TF-IDF + Ridge (q09_q12),0,severity_regression,CCC,-0.07579163028241642,-0.14309881184515688,0.007728624350358951,25
cmdc_protocol_q09_q12_hamd17_tfidf_ridge,CMDC,Text,HAMD-17 regression,TF-IDF + Ridge (q09_q12),0,severity_regression,MAE,3.7105260418049983,2.975654906300194,4.574769022448978,25
cmdc_protocol_q09_q12_hamd17_tfidf_ridge,CMDC,Text,HAMD-17 regression,TF-IDF + Ridge (q09_q12),0,severity_regression,RMSE,4.367985133372727,3.5739328498748897,5.148159391834259,25
cmdc_protocol_q09_q12_hamd17_tfidf_ridge,CMDC,Text,HAMD-17 regression,TF-IDF + Ridge (q09_q12),0,severity_regression,Spearman,-0.3081104046716131,-0.6667160416744218,0.142063045686656,25
cmdc_protocol_q09_q12_hamd17_tfidf_ridge,CMDC,Text,HAMD-17 regression,TF-IDF + Ridge (q09_q12),1,severity_regression,CCC,-0.07579163028241642,-0.14309881184515688,0.007728624350358951,25
cmdc_protocol_q09_q12_hamd17_tfidf_ridge,CMDC,Text,HAMD-17 regression,TF-IDF + Ridge (q09_q12),1,severity_regression,MAE,3.7105260418049983,2.975654906300194,4.574769022448978,25
cmdc_protocol_q09_q12_hamd17_tfidf_ridge,CMDC,Text,HAMD-17 regression,TF-IDF + Ridge (q09_q12),1,severity_regression,RMSE,4.367985133372727,3.5739328498748897,5.148159391834259,25
cmdc_protocol_q09_q12_hamd17_tfidf_ridge,CMDC,Text,HAMD-17 regression,TF-IDF + Ridge (q09_q12),1,severity_regression,Spearman,-0.3081104046716131,-0.6667160416744218,0.142063045686656,25
cmdc_protocol_q09_q12_hamd17_tfidf_ridge,CMDC,Text,HAMD-17 regression,TF-IDF + Ridge (q09_q12),2,severity_regression,CCC,-0.07579163028241642,-0.14309881184515688,0.007728624350358951,25
cmdc_protocol_q09_q12_hamd17_tfidf_ridge,CMDC,Text,HAMD-17 regression,TF-IDF + Ridge (q09_q12),2,severity_regression,MAE,3.7105260418049983,2.975654906300194,4.574769022448978,25
cmdc_protocol_q09_q12_hamd17_tfidf_ridge,CMDC,Text,HAMD-17 regression,TF-IDF + Ridge (q09_q12),2,severity_regression,RMSE,4.367985133372727,3.5739328498748897,5.148159391834259,25
cmdc_protocol_q09_q12_hamd17_tfidf_ridge,CMDC,Text,HAMD-17 regression,TF-IDF + Ridge (q09_q12),2,severity_regression,Spearman,-0.3081104046716131,-0.6667160416744218,0.142063045686656,25
cmdc_protocol_q09_q12_hamd17_tfidf_ridge,CMDC,Text,HAMD-17 regression,TF-IDF + Ridge (q09_q12),3,severity_regression,CCC,-0.07579163028241642,-0.14309881184515688,0.007728624350358951,25
cmdc_protocol_q09_q12_hamd17_tfidf_ridge,CMDC,Text,HAMD-17 regression,TF-IDF + Ridge (q09_q12),3,severity_regression,MAE,3.7105260418049983,2.975654906300194,4.574769022448978,25
cmdc_protocol_q09_q12_hamd17_tfidf_ridge,CMDC,Text,HAMD-17 regression,TF-IDF + Ridge (q09_q12),3,severity_regression,RMSE,4.367985133372727,3.5739328498748897,5.148159391834259,25
cmdc_protocol_q09_q12_hamd17_tfidf_ridge,CMDC,Text,HAMD-17 regression,TF-IDF + Ridge (q09_q12),3,severity_regression,Spearman,-0.3081104046716131,-0.6667160416744218,0.142063045686656,25
cmdc_protocol_q09_q12_hamd17_tfidf_ridge,CMDC,Text,HAMD-17 regression,TF-IDF + Ridge (q09_q12),4,severity_regression,CCC,-0.07579163028241642,-0.14309881184515688,0.007728624350358951,25
cmdc_protocol_q09_q12_hamd17_tfidf_ridge,CMDC,Text,HAMD-17 regression,TF-IDF + Ridge (q09_q12),4,severity_regression,MAE,3.7105260418049983,2.975654906300194,4.574769022448978,25
cmdc_protocol_q09_q12_hamd17_tfidf_ridge,CMDC,Text,HAMD-17 regression,TF-IDF + Ridge (q09_q12),4,severity_regression,RMSE,4.367985133372727,3.5739328498748897,5.148159391834259,25
cmdc_protocol_q09_q12_hamd17_tfidf_ridge,CMDC,Text,HAMD-17 regression,TF-IDF + Ridge (q09_q12),4,severity_regression,Spearman,-0.3081104046716131,-0.6667160416744218,0.142063045686656,25
cmdc_protocol_q09_q12_phq9_tfidf_ridge,CMDC,Text,PHQ-9 regression,TF-IDF + Ridge (q09_q12),0,severity_regression,CCC,0.03228620618515232,0.018047872446763612,0.04679170086632537,77
cmdc_protocol_q09_q12_phq9_tfidf_ridge,CMDC,Text,PHQ-9 regression,TF-IDF + Ridge (q09_q12),0,severity_regression,MAE,6.512067095427441,5.747523171387338,7.152397524364731,77
cmdc_protocol_q09_q12_phq9_tfidf_ridge,CMDC,Text,PHQ-9 regression,TF-IDF + Ridge (q09_q12),0,severity_regression,RMSE,7.513008781530833,6.585052901360594,8.283483259857052,77
cmdc_protocol_q09_q12_phq9_tfidf_ridge,CMDC,Text,PHQ-9 regression,TF-IDF + Ridge (q09_q12),0,severity_regression,Spearman,0.4227969848275743,0.19600982290896202,0.6093120728645297,77
cmdc_protocol_q09_q12_phq9_tfidf_ridge,CMDC,Text,PHQ-9 regression,TF-IDF + Ridge (q09_q12),1,severity_regression,CCC,0.03228620618515232,0.018047872446763612,0.04679170086632537,77
cmdc_protocol_q09_q12_phq9_tfidf_ridge,CMDC,Text,PHQ-9 regression,TF-IDF + Ridge (q09_q12),1,severity_regression,MAE,6.512067095427441,5.747523171387338,7.152397524364731,77
cmdc_protocol_q09_q12_phq9_tfidf_ridge,CMDC,Text,PHQ-9 regression,TF-IDF + Ridge (q09_q12),1,severity_regression,RMSE,7.513008781530833,6.585052901360594,8.283483259857052,77
cmdc_protocol_q09_q12_phq9_tfidf_ridge,CMDC,Text,PHQ-9 regression,TF-IDF + Ridge (q09_q12),1,severity_regression,Spearman,0.4227969848275743,0.19600982290896202,0.6093120728645297,77
cmdc_protocol_q09_q12_phq9_tfidf_ridge,CMDC,Text,PHQ-9 regression,TF-IDF + Ridge (q09_q12),2,severity_regression,CCC,0.03228620618515232,0.018047872446763612,0.04679170086632537,77
cmdc_protocol_q09_q12_phq9_tfidf_ridge,CMDC,Text,PHQ-9 regression,TF-IDF + Ridge (q09_q12),2,severity_regression,MAE,6.512067095427441,5.747523171387338,7.152397524364731,77
cmdc_protocol_q09_q12_phq9_tfidf_ridge,CMDC,Text,PHQ-9 regression,TF-IDF + Ridge (q09_q12),2,severity_regression,RMSE,7.513008781530833,6.585052901360594,8.283483259857052,77
cmdc_protocol_q09_q12_phq9_tfidf_ridge,CMDC,Text,PHQ-9 regression,TF-IDF + Ridge (q09_q12),2,severity_regression,Spearman,0.4227969848275743,0.19600982290896202,0.6093120728645297,77
cmdc_protocol_q09_q12_phq9_tfidf_ridge,CMDC,Text,PHQ-9 regression,TF-IDF + Ridge (q09_q12),3,severity_regression,CCC,0.03228620618515232,0.018047872446763612,0.04679170086632537,77
cmdc_protocol_q09_q12_phq9_tfidf_ridge,CMDC,Text,PHQ-9 regression,TF-IDF + Ridge (q09_q12),3,severity_regression,MAE,6.512067095427441,5.747523171387338,7.152397524364731,77
cmdc_protocol_q09_q12_phq9_tfidf_ridge,CMDC,Text,PHQ-9 regression,TF-IDF + Ridge (q09_q12),3,severity_regression,RMSE,7.513008781530833,6.585052901360594,8.283483259857052,77
cmdc_protocol_q09_q12_phq9_tfidf_ridge,CMDC,Text,PHQ-9 regression,TF-IDF + Ridge (q09_q12),3,severity_regression,Spearman,0.4227969848275743,0.19600982290896202,0.6093120728645297,77
cmdc_protocol_q09_q12_phq9_tfidf_ridge,CMDC,Text,PHQ-9 regression,TF-IDF + Ridge (q09_q12),4,severity_regression,CCC,0.03228620618515232,0.018047872446763612,0.04679170086632537,77
cmdc_protocol_q09_q12_phq9_tfidf_ridge,CMDC,Text,PHQ-9 regression,TF-IDF + Ridge (q09_q12),4,severity_regression,MAE,6.512067095427441,5.747523171387338,7.152397524364731,77
cmdc_protocol_q09_q12_phq9_tfidf_ridge,CMDC,Text,PHQ-9 regression,TF-IDF + Ridge (q09_q12),4,severity_regression,RMSE,7.513008781530833,6.585052901360594,8.283483259857052,77
cmdc_protocol_q09_q12_phq9_tfidf_ridge,CMDC,Text,PHQ-9 regression,TF-IDF + Ridge (q09_q12),4,severity_regression,Spearman,0.4227969848275743,0.19600982290896202,0.6093120728645297,77
cmdc_protocol_q10_only_binary_tfidf_logistic,CMDC,Text,MDD classification,TF-IDF + Logistic (q10_only),0,binary_classification,Macro-F1,0.47595281306715065,0.3778053701063003,0.5846623849106043,77
cmdc_protocol_q10_only_binary_tfidf_logistic,CMDC,Text,MDD classification,TF-IDF + Logistic (q10_only),0,binary_classification,Balanced Accuracy,0.49346153846153845,0.41018044189852704,0.5859322476144004,77
cmdc_protocol_q10_only_binary_tfidf_logistic,CMDC,Text,MDD classification,TF-IDF + Logistic (q10_only),0,binary_classification,AUROC,0.5953846153846154,0.47578703703703706,0.7108294025157232,77
cmdc_protocol_q10_only_binary_tfidf_logistic,CMDC,Text,MDD classification,TF-IDF + Logistic (q10_only),0,binary_classification,AUPRC,0.38853583857938156,0.26111459832421935,0.5401069160543808,77
cmdc_protocol_q10_only_binary_tfidf_logistic,CMDC,Text,MDD classification,TF-IDF + Logistic (q10_only),0,binary_classification,ECE,0.13746614019727013,0.04471413896251281,0.23604199036622692,77
cmdc_protocol_q10_only_binary_tfidf_logistic,CMDC,Text,MDD classification,TF-IDF + Logistic (q10_only),0,binary_classification,Brier Score,0.23546046138629684,0.2236732000247206,0.24614496359763793,77
cmdc_protocol_q10_only_binary_tfidf_logistic,CMDC,Text,MDD classification,TF-IDF + Logistic (q10_only),1,binary_classification,Macro-F1,0.47595281306715065,0.3778053701063003,0.5846623849106043,77
cmdc_protocol_q10_only_binary_tfidf_logistic,CMDC,Text,MDD classification,TF-IDF + Logistic (q10_only),1,binary_classification,Balanced Accuracy,0.49346153846153845,0.41018044189852704,0.5859322476144004,77
cmdc_protocol_q10_only_binary_tfidf_logistic,CMDC,Text,MDD classification,TF-IDF + Logistic (q10_only),1,binary_classification,AUROC,0.5953846153846154,0.47578703703703706,0.7108294025157232,77
cmdc_protocol_q10_only_binary_tfidf_logistic,CMDC,Text,MDD classification,TF-IDF + Logistic (q10_only),1,binary_classification,AUPRC,0.38853583857938156,0.26111459832421935,0.5401069160543808,77
cmdc_protocol_q10_only_binary_tfidf_logistic,CMDC,Text,MDD classification,TF-IDF + Logistic (q10_only),1,binary_classification,ECE,0.13746614019727013,0.04471413896251281,0.23604199036622692,77
cmdc_protocol_q10_only_binary_tfidf_logistic,CMDC,Text,MDD classification,TF-IDF + Logistic (q10_only),1,binary_classification,Brier Score,0.23546046138629684,0.2236732000247206,0.24614496359763793,77
cmdc_protocol_q10_only_binary_tfidf_logistic,CMDC,Text,MDD classification,TF-IDF + Logistic (q10_only),2,binary_classification,Macro-F1,0.47595281306715065,0.3778053701063003,0.5846623849106043,77
cmdc_protocol_q10_only_binary_tfidf_logistic,CMDC,Text,MDD classification,TF-IDF + Logistic (q10_only),2,binary_classification,Balanced Accuracy,0.49346153846153845,0.41018044189852704,0.5859322476144004,77
cmdc_protocol_q10_only_binary_tfidf_logistic,CMDC,Text,MDD classification,TF-IDF + Logistic (q10_only),2,binary_classification,AUROC,0.5953846153846154,0.47578703703703706,0.7108294025157232,77
cmdc_protocol_q10_only_binary_tfidf_logistic,CMDC,Text,MDD classification,TF-IDF + Logistic (q10_only),2,binary_classification,AUPRC,0.38853583857938156,0.26111459832421935,0.5401069160543808,77
cmdc_protocol_q10_only_binary_tfidf_logistic,CMDC,Text,MDD classification,TF-IDF + Logistic (q10_only),2,binary_classification,ECE,0.13746614019727013,0.04471413896251281,0.23604199036622692,77
cmdc_protocol_q10_only_binary_tfidf_logistic,CMDC,Text,MDD classification,TF-IDF + Logistic (q10_only),2,binary_classification,Brier Score,0.23546046138629684,0.2236732000247206,0.24614496359763793,77
cmdc_protocol_q10_only_binary_tfidf_logistic,CMDC,Text,MDD classification,TF-IDF + Logistic (q10_only),3,binary_classification,Macro-F1,0.47595281306715065,0.3778053701063003,0.5846623849106043,77
cmdc_protocol_q10_only_binary_tfidf_logistic,CMDC,Text,MDD classification,TF-IDF + Logistic (q10_only),3,binary_classification,Balanced Accuracy,0.49346153846153845,0.41018044189852704,0.5859322476144004,77
cmdc_protocol_q10_only_binary_tfidf_logistic,CMDC,Text,MDD classification,TF-IDF + Logistic (q10_only),3,binary_classification,AUROC,0.5953846153846154,0.47578703703703706,0.7108294025157232,77
cmdc_protocol_q10_only_binary_tfidf_logistic,CMDC,Text,MDD classification,TF-IDF + Logistic (q10_only),3,binary_classification,AUPRC,0.38853583857938156,0.26111459832421935,0.5401069160543808,77
cmdc_protocol_q10_only_binary_tfidf_logistic,CMDC,Text,MDD classification,TF-IDF + Logistic (q10_only),3,binary_classification,ECE,0.13746614019727013,0.04471413896251281,0.23604199036622692,77
cmdc_protocol_q10_only_binary_tfidf_logistic,CMDC,Text,MDD classification,TF-IDF + Logistic (q10_only),3,binary_classification,Brier Score,0.23546046138629684,0.2236732000247206,0.24614496359763793,77
cmdc_protocol_q10_only_binary_tfidf_logistic,CMDC,Text,MDD classification,TF-IDF + Logistic (q10_only),4,binary_classification,Macro-F1,0.47595281306715065,0.3778053701063003,0.5846623849106043,77
cmdc_protocol_q10_only_binary_tfidf_logistic,CMDC,Text,MDD classification,TF-IDF + Logistic (q10_only),4,binary_classification,Balanced Accuracy,0.49346153846153845,0.41018044189852704,0.5859322476144004,77
cmdc_protocol_q10_only_binary_tfidf_logistic,CMDC,Text,MDD classification,TF-IDF + Logistic (q10_only),4,binary_classification,AUROC,0.5953846153846154,0.47578703703703706,0.7108294025157232,77
cmdc_protocol_q10_only_binary_tfidf_logistic,CMDC,Text,MDD classification,TF-IDF + Logistic (q10_only),4,binary_classification,AUPRC,0.38853583857938156,0.26111459832421935,0.5401069160543808,77
cmdc_protocol_q10_only_binary_tfidf_logistic,CMDC,Text,MDD classification,TF-IDF + Logistic (q10_only),4,binary_classification,ECE,0.13746614019727013,0.04471413896251281,0.23604199036622692,77
cmdc_protocol_q10_only_binary_tfidf_logistic,CMDC,Text,MDD classification,TF-IDF + Logistic (q10_only),4,binary_classification,Brier Score,0.23546046138629684,0.2236732000247206,0.24614496359763793,77
cmdc_protocol_q10_only_hamd17_tfidf_ridge,CMDC,Text,HAMD-17 regression,TF-IDF + Ridge (q10_only),0,severity_regression,CCC,-0.07894835395916072,-0.14928498522518907,0.0037513185846656566,25
cmdc_protocol_q10_only_hamd17_tfidf_ridge,CMDC,Text,HAMD-17 regression,TF-IDF + Ridge (q10_only),0,severity_regression,MAE,3.723658825600414,2.9916311737220944,4.594732745140887,25
cmdc_protocol_q10_only_hamd17_tfidf_ridge,CMDC,Text,HAMD-17 regression,TF-IDF + Ridge (q10_only),0,severity_regression,RMSE,4.373262450952782,3.5732805397867655,5.144755981510924,25
cmdc_protocol_q10_only_hamd17_tfidf_ridge,CMDC,Text,HAMD-17 regression,TF-IDF + Ridge (q10_only),0,severity_regression,Spearman,-0.3571455191995515,-0.6998648857525854,0.04145905688256205,25
cmdc_protocol_q10_only_hamd17_tfidf_ridge,CMDC,Text,HAMD-17 regression,TF-IDF + Ridge (q10_only),1,severity_regression,CCC,-0.07894835395916072,-0.14928498522518907,0.0037513185846656566,25
cmdc_protocol_q10_only_hamd17_tfidf_ridge,CMDC,Text,HAMD-17 regression,TF-IDF + Ridge (q10_only),1,severity_regression,MAE,3.723658825600414,2.9916311737220944,4.594732745140887,25
cmdc_protocol_q10_only_hamd17_tfidf_ridge,CMDC,Text,HAMD-17 regression,TF-IDF + Ridge (q10_only),1,severity_regression,RMSE,4.373262450952782,3.5732805397867655,5.144755981510924,25
cmdc_protocol_q10_only_hamd17_tfidf_ridge,CMDC,Text,HAMD-17 regression,TF-IDF + Ridge (q10_only),1,severity_regression,Spearman,-0.3571455191995515,-0.6998648857525854,0.04145905688256205,25
cmdc_protocol_q10_only_hamd17_tfidf_ridge,CMDC,Text,HAMD-17 regression,TF-IDF + Ridge (q10_only),2,severity_regression,CCC,-0.07894835395916072,-0.14928498522518907,0.0037513185846656566,25
cmdc_protocol_q10_only_hamd17_tfidf_ridge,CMDC,Text,HAMD-17 regression,TF-IDF + Ridge (q10_only),2,severity_regression,MAE,3.723658825600414,2.9916311737220944,4.594732745140887,25
cmdc_protocol_q10_only_hamd17_tfidf_ridge,CMDC,Text,HAMD-17 regression,TF-IDF + Ridge (q10_only),2,severity_regression,RMSE,4.373262450952782,3.5732805397867655,5.144755981510924,25
cmdc_protocol_q10_only_hamd17_tfidf_ridge,CMDC,Text,HAMD-17 regression,TF-IDF + Ridge (q10_only),2,severity_regression,Spearman,-0.3571455191995515,-0.6998648857525854,0.04145905688256205,25
cmdc_protocol_q10_only_hamd17_tfidf_ridge,CMDC,Text,HAMD-17 regression,TF-IDF + Ridge (q10_only),3,severity_regression,CCC,-0.07894835395916072,-0.14928498522518907,0.0037513185846656566,25
cmdc_protocol_q10_only_hamd17_tfidf_ridge,CMDC,Text,HAMD-17 regression,TF-IDF + Ridge (q10_only),3,severity_regression,MAE,3.723658825600414,2.9916311737220944,4.594732745140887,25
cmdc_protocol_q10_only_hamd17_tfidf_ridge,CMDC,Text,HAMD-17 regression,TF-IDF + Ridge (q10_only),3,severity_regression,RMSE,4.373262450952782,3.5732805397867655,5.144755981510924,25
cmdc_protocol_q10_only_hamd17_tfidf_ridge,CMDC,Text,HAMD-17 regression,TF-IDF + Ridge (q10_only),3,severity_regression,Spearman,-0.3571455191995515,-0.6998648857525854,0.04145905688256205,25
cmdc_protocol_q10_only_hamd17_tfidf_ridge,CMDC,Text,HAMD-17 regression,TF-IDF + Ridge (q10_only),4,severity_regression,CCC,-0.07894835395916072,-0.14928498522518907,0.0037513185846656566,25
cmdc_protocol_q10_only_hamd17_tfidf_ridge,CMDC,Text,HAMD-17 regression,TF-IDF + Ridge (q10_only),4,severity_regression,MAE,3.723658825600414,2.9916311737220944,4.594732745140887,25
cmdc_protocol_q10_only_hamd17_tfidf_ridge,CMDC,Text,HAMD-17 regression,TF-IDF + Ridge (q10_only),4,severity_regression,RMSE,4.373262450952782,3.5732805397867655,5.144755981510924,25
cmdc_protocol_q10_only_hamd17_tfidf_ridge,CMDC,Text,HAMD-17 regression,TF-IDF + Ridge (q10_only),4,severity_regression,Spearman,-0.3571455191995515,-0.6998648857525854,0.04145905688256205,25
cmdc_protocol_q10_only_phq9_tfidf_ridge,CMDC,Text,PHQ-9 regression,TF-IDF + Ridge (q10_only),0,severity_regression,CCC,0.005024274220198583,-0.007565523678088785,0.017276482919950504,77
cmdc_protocol_q10_only_phq9_tfidf_ridge,CMDC,Text,PHQ-9 regression,TF-IDF + Ridge (q10_only),0,severity_regression,MAE,6.600424606218376,5.813565295866933,7.3036669792882805,77
cmdc_protocol_q10_only_phq9_tfidf_ridge,CMDC,Text,PHQ-9 regression,TF-IDF + Ridge (q10_only),0,severity_regression,RMSE,7.618576334138793,6.68707990688242,8.413640544324704,77
cmdc_protocol_q10_only_phq9_tfidf_ridge,CMDC,Text,PHQ-9 regression,TF-IDF + Ridge (q10_only),0,severity_regression,Spearman,0.02504284718167806,-0.16332000203085595,0.23725786129678372,77
cmdc_protocol_q10_only_phq9_tfidf_ridge,CMDC,Text,PHQ-9 regression,TF-IDF + Ridge (q10_only),1,severity_regression,CCC,0.005024274220198583,-0.007565523678088785,0.017276482919950504,77
cmdc_protocol_q10_only_phq9_tfidf_ridge,CMDC,Text,PHQ-9 regression,TF-IDF + Ridge (q10_only),1,severity_regression,MAE,6.600424606218376,5.813565295866933,7.3036669792882805,77
cmdc_protocol_q10_only_phq9_tfidf_ridge,CMDC,Text,PHQ-9 regression,TF-IDF + Ridge (q10_only),1,severity_regression,RMSE,7.618576334138793,6.68707990688242,8.413640544324704,77
cmdc_protocol_q10_only_phq9_tfidf_ridge,CMDC,Text,PHQ-9 regression,TF-IDF + Ridge (q10_only),1,severity_regression,Spearman,0.02504284718167806,-0.16332000203085595,0.23725786129678372,77
cmdc_protocol_q10_only_phq9_tfidf_ridge,CMDC,Text,PHQ-9 regression,TF-IDF + Ridge (q10_only),2,severity_regression,CCC,0.005024274220198583,-0.007565523678088785,0.017276482919950504,77
cmdc_protocol_q10_only_phq9_tfidf_ridge,CMDC,Text,PHQ-9 regression,TF-IDF + Ridge (q10_only),2,severity_regression,MAE,6.600424606218376,5.813565295866933,7.3036669792882805,77
cmdc_protocol_q10_only_phq9_tfidf_ridge,CMDC,Text,PHQ-9 regression,TF-IDF + Ridge (q10_only),2,severity_regression,RMSE,7.618576334138793,6.68707990688242,8.413640544324704,77
cmdc_protocol_q10_only_phq9_tfidf_ridge,CMDC,Text,PHQ-9 regression,TF-IDF + Ridge (q10_only),2,severity_regression,Spearman,0.02504284718167806,-0.16332000203085595,0.23725786129678372,77
cmdc_protocol_q10_only_phq9_tfidf_ridge,CMDC,Text,PHQ-9 regression,TF-IDF + Ridge (q10_only),3,severity_regression,CCC,0.005024274220198583,-0.007565523678088785,0.017276482919950504,77
cmdc_protocol_q10_only_phq9_tfidf_ridge,CMDC,Text,PHQ-9 regression,TF-IDF + Ridge (q10_only),3,severity_regression,MAE,6.600424606218376,5.813565295866933,7.3036669792882805,77
cmdc_protocol_q10_only_phq9_tfidf_ridge,CMDC,Text,PHQ-9 regression,TF-IDF + Ridge (q10_only),3,severity_regression,RMSE,7.618576334138793,6.68707990688242,8.413640544324704,77
cmdc_protocol_q10_only_phq9_tfidf_ridge,CMDC,Text,PHQ-9 regression,TF-IDF + Ridge (q10_only),3,severity_regression,Spearman,0.02504284718167806,-0.16332000203085595,0.23725786129678372,77
cmdc_protocol_q10_only_phq9_tfidf_ridge,CMDC,Text,PHQ-9 regression,TF-IDF + Ridge (q10_only),4,severity_regression,CCC,0.005024274220198583,-0.007565523678088785,0.017276482919950504,77
cmdc_protocol_q10_only_phq9_tfidf_ridge,CMDC,Text,PHQ-9 regression,TF-IDF + Ridge (q10_only),4,severity_regression,MAE,6.600424606218376,5.813565295866933,7.3036669792882805,77
cmdc_protocol_q10_only_phq9_tfidf_ridge,CMDC,Text,PHQ-9 regression,TF-IDF + Ridge (q10_only),4,severity_regression,RMSE,7.618576334138793,6.68707990688242,8.413640544324704,77
cmdc_protocol_q10_only_phq9_tfidf_ridge,CMDC,Text,PHQ-9 regression,TF-IDF + Ridge (q10_only),4,severity_regression,Spearman,0.02504284718167806,-0.16332000203085595,0.23725786129678372,77
cmdc_protocol_q11_only_binary_tfidf_logistic,CMDC,Text,MDD classification,TF-IDF + Logistic (q11_only),0,binary_classification,Macro-F1,0.5807622504537205,0.4562146892655367,0.6963547717537992,77
cmdc_protocol_q11_only_binary_tfidf_logistic,CMDC,Text,MDD classification,TF-IDF + Logistic (q11_only),0,binary_classification,Balanced Accuracy,0.5823076923076923,0.4884585020242915,0.6840222984562607,77
cmdc_protocol_q11_only_binary_tfidf_logistic,CMDC,Text,MDD classification,TF-IDF + Logistic (q11_only),0,binary_classification,AUROC,0.7007692307692308,0.5660164822337396,0.8339103498542276,77
cmdc_protocol_q11_only_binary_tfidf_logistic,CMDC,Text,MDD classification,TF-IDF + Logistic (q11_only),0,binary_classification,AUPRC,0.5953897079499143,0.39265252664776473,0.7457814506086521,77
cmdc_protocol_q11_only_binary_tfidf_logistic,CMDC,Text,MDD classification,TF-IDF + Logistic (q11_only),0,binary_classification,ECE,0.15243354560224642,0.08825167577444218,0.2542432281058168,77
cmdc_protocol_q11_only_binary_tfidf_logistic,CMDC,Text,MDD classification,TF-IDF + Logistic (q11_only),0,binary_classification,Brier Score,0.22928940140033457,0.21846062484039055,0.24061808293479822,77
cmdc_protocol_q11_only_binary_tfidf_logistic,CMDC,Text,MDD classification,TF-IDF + Logistic (q11_only),1,binary_classification,Macro-F1,0.5807622504537205,0.4562146892655367,0.6963547717537992,77
cmdc_protocol_q11_only_binary_tfidf_logistic,CMDC,Text,MDD classification,TF-IDF + Logistic (q11_only),1,binary_classification,Balanced Accuracy,0.5823076923076923,0.4884585020242915,0.6840222984562607,77
cmdc_protocol_q11_only_binary_tfidf_logistic,CMDC,Text,MDD classification,TF-IDF + Logistic (q11_only),1,binary_classification,AUROC,0.7007692307692308,0.5660164822337396,0.8339103498542276,77
cmdc_protocol_q11_only_binary_tfidf_logistic,CMDC,Text,MDD classification,TF-IDF + Logistic (q11_only),1,binary_classification,AUPRC,0.5953897079499143,0.39265252664776473,0.7457814506086521,77
cmdc_protocol_q11_only_binary_tfidf_logistic,CMDC,Text,MDD classification,TF-IDF + Logistic (q11_only),1,binary_classification,ECE,0.15243354560224642,0.08825167577444218,0.2542432281058168,77
cmdc_protocol_q11_only_binary_tfidf_logistic,CMDC,Text,MDD classification,TF-IDF + Logistic (q11_only),1,binary_classification,Brier Score,0.22928940140033457,0.21846062484039055,0.24061808293479822,77
cmdc_protocol_q11_only_binary_tfidf_logistic,CMDC,Text,MDD classification,TF-IDF + Logistic (q11_only),2,binary_classification,Macro-F1,0.5807622504537205,0.4562146892655367,0.6963547717537992,77
cmdc_protocol_q11_only_binary_tfidf_logistic,CMDC,Text,MDD classification,TF-IDF + Logistic (q11_only),2,binary_classification,Balanced Accuracy,0.5823076923076923,0.4884585020242915,0.6840222984562607,77
cmdc_protocol_q11_only_binary_tfidf_logistic,CMDC,Text,MDD classification,TF-IDF + Logistic (q11_only),2,binary_classification,AUROC,0.7007692307692308,0.5660164822337396,0.8339103498542276,77
cmdc_protocol_q11_only_binary_tfidf_logistic,CMDC,Text,MDD classification,TF-IDF + Logistic (q11_only),2,binary_classification,AUPRC,0.5953897079499143,0.39265252664776473,0.7457814506086521,77
cmdc_protocol_q11_only_binary_tfidf_logistic,CMDC,Text,MDD classification,TF-IDF + Logistic (q11_only),2,binary_classification,ECE,0.15243354560224642,0.08825167577444218,0.2542432281058168,77
cmdc_protocol_q11_only_binary_tfidf_logistic,CMDC,Text,MDD classification,TF-IDF + Logistic (q11_only),2,binary_classification,Brier Score,0.22928940140033457,0.21846062484039055,0.24061808293479822,77
cmdc_protocol_q11_only_binary_tfidf_logistic,CMDC,Text,MDD classification,TF-IDF + Logistic (q11_only),3,binary_classification,Macro-F1,0.5807622504537205,0.4562146892655367,0.6963547717537992,77
cmdc_protocol_q11_only_binary_tfidf_logistic,CMDC,Text,MDD classification,TF-IDF + Logistic (q11_only),3,binary_classification,Balanced Accuracy,0.5823076923076923,0.4884585020242915,0.6840222984562607,77
cmdc_protocol_q11_only_binary_tfidf_logistic,CMDC,Text,MDD classification,TF-IDF + Logistic (q11_only),3,binary_classification,AUROC,0.7007692307692308,0.5660164822337396,0.8339103498542276,77
cmdc_protocol_q11_only_binary_tfidf_logistic,CMDC,Text,MDD classification,TF-IDF + Logistic (q11_only),3,binary_classification,AUPRC,0.5953897079499143,0.39265252664776473,0.7457814506086521,77
cmdc_protocol_q11_only_binary_tfidf_logistic,CMDC,Text,MDD classification,TF-IDF + Logistic (q11_only),3,binary_classification,ECE,0.15243354560224642,0.08825167577444218,0.2542432281058168,77
cmdc_protocol_q11_only_binary_tfidf_logistic,CMDC,Text,MDD classification,TF-IDF + Logistic (q11_only),3,binary_classification,Brier Score,0.22928940140033457,0.21846062484039055,0.24061808293479822,77
cmdc_protocol_q11_only_binary_tfidf_logistic,CMDC,Text,MDD classification,TF-IDF + Logistic (q11_only),4,binary_classification,Macro-F1,0.5807622504537205,0.4562146892655367,0.6963547717537992,77
cmdc_protocol_q11_only_binary_tfidf_logistic,CMDC,Text,MDD classification,TF-IDF + Logistic (q11_only),4,binary_classification,Balanced Accuracy,0.5823076923076923,0.4884585020242915,0.6840222984562607,77
cmdc_protocol_q11_only_binary_tfidf_logistic,CMDC,Text,MDD classification,TF-IDF + Logistic (q11_only),4,binary_classification,AUROC,0.7007692307692308,0.5660164822337396,0.8339103498542276,77
cmdc_protocol_q11_only_binary_tfidf_logistic,CMDC,Text,MDD classification,TF-IDF + Logistic (q11_only),4,binary_classification,AUPRC,0.5953897079499143,0.39265252664776473,0.7457814506086521,77
cmdc_protocol_q11_only_binary_tfidf_logistic,CMDC,Text,MDD classification,TF-IDF + Logistic (q11_only),4,binary_classification,ECE,0.15243354560224642,0.08825167577444218,0.2542432281058168,77
cmdc_protocol_q11_only_binary_tfidf_logistic,CMDC,Text,MDD classification,TF-IDF + Logistic (q11_only),4,binary_classification,Brier Score,0.22928940140033457,0.21846062484039055,0.24061808293479822,77
cmdc_protocol_q11_only_hamd17_tfidf_ridge,CMDC,Text,HAMD-17 regression,TF-IDF + Ridge (q11_only),0,severity_regression,CCC,-0.09624169065538807,-0.1747742964954347,-0.016894048466770045,25
cmdc_protocol_q11_only_hamd17_tfidf_ridge,CMDC,Text,HAMD-17 regression,TF-IDF + Ridge (q11_only),0,severity_regression,MAE,3.7657004502904865,3.02221347262413,4.593476916886155,25
cmdc_protocol_q11_only_hamd17_tfidf_ridge,CMDC,Text,HAMD-17 regression,TF-IDF + Ridge (q11_only),0,severity_regression,RMSE,4.40875542449903,3.587445096500985,5.145863874504983,25
cmdc_protocol_q11_only_hamd17_tfidf_ridge,CMDC,Text,HAMD-17 regression,TF-IDF + Ridge (q11_only),0,severity_regression,Spearman,-0.4602350906874221,-0.7487120846981559,-0.05007963167606541,25
cmdc_protocol_q11_only_hamd17_tfidf_ridge,CMDC,Text,HAMD-17 regression,TF-IDF + Ridge (q11_only),1,severity_regression,CCC,-0.09624169065538807,-0.1747742964954347,-0.016894048466770045,25
cmdc_protocol_q11_only_hamd17_tfidf_ridge,CMDC,Text,HAMD-17 regression,TF-IDF + Ridge (q11_only),1,severity_regression,MAE,3.7657004502904865,3.02221347262413,4.593476916886155,25
cmdc_protocol_q11_only_hamd17_tfidf_ridge,CMDC,Text,HAMD-17 regression,TF-IDF + Ridge (q11_only),1,severity_regression,RMSE,4.40875542449903,3.587445096500985,5.145863874504983,25
cmdc_protocol_q11_only_hamd17_tfidf_ridge,CMDC,Text,HAMD-17 regression,TF-IDF + Ridge (q11_only),1,severity_regression,Spearman,-0.4602350906874221,-0.7487120846981559,-0.05007963167606541,25
cmdc_protocol_q11_only_hamd17_tfidf_ridge,CMDC,Text,HAMD-17 regression,TF-IDF + Ridge (q11_only),2,severity_regression,CCC,-0.09624169065538807,-0.1747742964954347,-0.016894048466770045,25
cmdc_protocol_q11_only_hamd17_tfidf_ridge,CMDC,Text,HAMD-17 regression,TF-IDF + Ridge (q11_only),2,severity_regression,MAE,3.7657004502904865,3.02221347262413,4.593476916886155,25
cmdc_protocol_q11_only_hamd17_tfidf_ridge,CMDC,Text,HAMD-17 regression,TF-IDF + Ridge (q11_only),2,severity_regression,RMSE,4.40875542449903,3.587445096500985,5.145863874504983,25
cmdc_protocol_q11_only_hamd17_tfidf_ridge,CMDC,Text,HAMD-17 regression,TF-IDF + Ridge (q11_only),2,severity_regression,Spearman,-0.4602350906874221,-0.7487120846981559,-0.05007963167606541,25
cmdc_protocol_q11_only_hamd17_tfidf_ridge,CMDC,Text,HAMD-17 regression,TF-IDF + Ridge (q11_only),3,severity_regression,CCC,-0.09624169065538807,-0.1747742964954347,-0.016894048466770045,25
cmdc_protocol_q11_only_hamd17_tfidf_ridge,CMDC,Text,HAMD-17 regression,TF-IDF + Ridge (q11_only),3,severity_regression,MAE,3.7657004502904865,3.02221347262413,4.593476916886155,25
cmdc_protocol_q11_only_hamd17_tfidf_ridge,CMDC,Text,HAMD-17 regression,TF-IDF + Ridge (q11_only),3,severity_regression,RMSE,4.40875542449903,3.587445096500985,5.145863874504983,25
cmdc_protocol_q11_only_hamd17_tfidf_ridge,CMDC,Text,HAMD-17 regression,TF-IDF + Ridge (q11_only),3,severity_regression,Spearman,-0.4602350906874221,-0.7487120846981559,-0.05007963167606541,25
cmdc_protocol_q11_only_hamd17_tfidf_ridge,CMDC,Text,HAMD-17 regression,TF-IDF + Ridge (q11_only),4,severity_regression,CCC,-0.09624169065538807,-0.1747742964954347,-0.016894048466770045,25
cmdc_protocol_q11_only_hamd17_tfidf_ridge,CMDC,Text,HAMD-17 regression,TF-IDF + Ridge (q11_only),4,severity_regression,MAE,3.7657004502904865,3.02221347262413,4.593476916886155,25
cmdc_protocol_q11_only_hamd17_tfidf_ridge,CMDC,Text,HAMD-17 regression,TF-IDF + Ridge (q11_only),4,severity_regression,RMSE,4.40875542449903,3.587445096500985,5.145863874504983,25
cmdc_protocol_q11_only_hamd17_tfidf_ridge,CMDC,Text,HAMD-17 regression,TF-IDF + Ridge (q11_only),4,severity_regression,Spearman,-0.4602350906874221,-0.7487120846981559,-0.05007963167606541,25
cmdc_protocol_q11_only_phq9_tfidf_ridge,CMDC,Text,PHQ-9 regression,TF-IDF + Ridge (q11_only),0,severity_regression,CCC,0.015369448082306763,-0.004126335927527191,0.03832458596333036,77
cmdc_protocol_q11_only_phq9_tfidf_ridge,CMDC,Text,PHQ-9 regression,TF-IDF + Ridge (q11_only),0,severity_regression,MAE,6.5696950420596245,5.802690258530085,7.216677470199518,77
cmdc_protocol_q11_only_phq9_tfidf_ridge,CMDC,Text,PHQ-9 regression,TF-IDF + Ridge (q11_only),0,severity_regression,RMSE,7.579607927722596,6.639041538377263,8.34846405398982,77
cmdc_protocol_q11_only_phq9_tfidf_ridge,CMDC,Text,PHQ-9 regression,TF-IDF + Ridge (q11_only),0,severity_regression,Spearman,0.024863379373518648,-0.222836398274459,0.2865872229059403,77
cmdc_protocol_q11_only_phq9_tfidf_ridge,CMDC,Text,PHQ-9 regression,TF-IDF + Ridge (q11_only),1,severity_regression,CCC,0.015369448082306763,-0.004126335927527191,0.03832458596333036,77
cmdc_protocol_q11_only_phq9_tfidf_ridge,CMDC,Text,PHQ-9 regression,TF-IDF + Ridge (q11_only),1,severity_regression,MAE,6.5696950420596245,5.802690258530085,7.216677470199518,77
cmdc_protocol_q11_only_phq9_tfidf_ridge,CMDC,Text,PHQ-9 regression,TF-IDF + Ridge (q11_only),1,severity_regression,RMSE,7.579607927722596,6.639041538377263,8.34846405398982,77
cmdc_protocol_q11_only_phq9_tfidf_ridge,CMDC,Text,PHQ-9 regression,TF-IDF + Ridge (q11_only),1,severity_regression,Spearman,0.024863379373518648,-0.222836398274459,0.2865872229059403,77
cmdc_protocol_q11_only_phq9_tfidf_ridge,CMDC,Text,PHQ-9 regression,TF-IDF + Ridge (q11_only),2,severity_regression,CCC,0.015369448082306763,-0.004126335927527191,0.03832458596333036,77
cmdc_protocol_q11_only_phq9_tfidf_ridge,CMDC,Text,PHQ-9 regression,TF-IDF + Ridge (q11_only),2,severity_regression,MAE,6.5696950420596245,5.802690258530085,7.216677470199518,77
cmdc_protocol_q11_only_phq9_tfidf_ridge,CMDC,Text,PHQ-9 regression,TF-IDF + Ridge (q11_only),2,severity_regression,RMSE,7.579607927722596,6.639041538377263,8.34846405398982,77
cmdc_protocol_q11_only_phq9_tfidf_ridge,CMDC,Text,PHQ-9 regression,TF-IDF + Ridge (q11_only),2,severity_regression,Spearman,0.024863379373518648,-0.222836398274459,0.2865872229059403,77
cmdc_protocol_q11_only_phq9_tfidf_ridge,CMDC,Text,PHQ-9 regression,TF-IDF + Ridge (q11_only),3,severity_regression,CCC,0.015369448082306763,-0.004126335927527191,0.03832458596333036,77
cmdc_protocol_q11_only_phq9_tfidf_ridge,CMDC,Text,PHQ-9 regression,TF-IDF + Ridge (q11_only),3,severity_regression,MAE,6.5696950420596245,5.802690258530085,7.216677470199518,77
cmdc_protocol_q11_only_phq9_tfidf_ridge,CMDC,Text,PHQ-9 regression,TF-IDF + Ridge (q11_only),3,severity_regression,RMSE,7.579607927722596,6.639041538377263,8.34846405398982,77
cmdc_protocol_q11_only_phq9_tfidf_ridge,CMDC,Text,PHQ-9 regression,TF-IDF + Ridge (q11_only),3,severity_regression,Spearman,0.024863379373518648,-0.222836398274459,0.2865872229059403,77
cmdc_protocol_q11_only_phq9_tfidf_ridge,CMDC,Text,PHQ-9 regression,TF-IDF + Ridge (q11_only),4,severity_regression,CCC,0.015369448082306763,-0.004126335927527191,0.03832458596333036,77
cmdc_protocol_q11_only_phq9_tfidf_ridge,CMDC,Text,PHQ-9 regression,TF-IDF + Ridge (q11_only),4,severity_regression,MAE,6.5696950420596245,5.802690258530085,7.216677470199518,77
cmdc_protocol_q11_only_phq9_tfidf_ridge,CMDC,Text,PHQ-9 regression,TF-IDF + Ridge (q11_only),4,severity_regression,RMSE,7.579607927722596,6.639041538377263,8.34846405398982,77
cmdc_protocol_q11_only_phq9_tfidf_ridge,CMDC,Text,PHQ-9 regression,TF-IDF + Ridge (q11_only),4,severity_regression,Spearman,0.024863379373518648,-0.222836398274459,0.2865872229059403,77
cmdc_protocol_q12_only_binary_tfidf_logistic,CMDC,Text,MDD classification,TF-IDF + Logistic (q12_only),0,binary_classification,Macro-F1,0.6177422836175265,0.5088656135531135,0.733194733194733,77
cmdc_protocol_q12_only_binary_tfidf_logistic,CMDC,Text,MDD classification,TF-IDF + Logistic (q12_only),0,binary_classification,Balanced Accuracy,0.6126923076923076,0.5215695229127433,0.7198880407810982,77
cmdc_protocol_q12_only_binary_tfidf_logistic,CMDC,Text,MDD classification,TF-IDF + Logistic (q12_only),0,binary_classification,AUROC,0.7169230769230769,0.6043457602339182,0.8201957547169811,77
cmdc_protocol_q12_only_binary_tfidf_logistic,CMDC,Text,MDD classification,TF-IDF + Logistic (q12_only),0,binary_classification,AUPRC,0.49909057596097034,0.3249097796969386,0.669950184052774,77
cmdc_protocol_q12_only_binary_tfidf_logistic,CMDC,Text,MDD classification,TF-IDF + Logistic (q12_only),0,binary_classification,ECE,0.15692128615837472,0.06690208926637188,0.2604643797444282,77
cmdc_protocol_q12_only_binary_tfidf_logistic,CMDC,Text,MDD classification,TF-IDF + Logistic (q12_only),0,binary_classification,Brier Score,0.23007113176451902,0.2207409879789784,0.24144520218348406,77
cmdc_protocol_q12_only_binary_tfidf_logistic,CMDC,Text,MDD classification,TF-IDF + Logistic (q12_only),1,binary_classification,Macro-F1,0.6177422836175265,0.5088656135531135,0.733194733194733,77
cmdc_protocol_q12_only_binary_tfidf_logistic,CMDC,Text,MDD classification,TF-IDF + Logistic (q12_only),1,binary_classification,Balanced Accuracy,0.6126923076923076,0.5215695229127433,0.7198880407810982,77
cmdc_protocol_q12_only_binary_tfidf_logistic,CMDC,Text,MDD classification,TF-IDF + Logistic (q12_only),1,binary_classification,AUROC,0.7169230769230769,0.6043457602339182,0.8201957547169811,77
cmdc_protocol_q12_only_binary_tfidf_logistic,CMDC,Text,MDD classification,TF-IDF + Logistic (q12_only),1,binary_classification,AUPRC,0.49909057596097034,0.3249097796969386,0.669950184052774,77
cmdc_protocol_q12_only_binary_tfidf_logistic,CMDC,Text,MDD classification,TF-IDF + Logistic (q12_only),1,binary_classification,ECE,0.15692128615837472,0.06690208926637188,0.2604643797444282,77
cmdc_protocol_q12_only_binary_tfidf_logistic,CMDC,Text,MDD classification,TF-IDF + Logistic (q12_only),1,binary_classification,Brier Score,0.23007113176451902,0.2207409879789784,0.24144520218348406,77
cmdc_protocol_q12_only_binary_tfidf_logistic,CMDC,Text,MDD classification,TF-IDF + Logistic (q12_only),2,binary_classification,Macro-F1,0.6177422836175265,0.5088656135531135,0.733194733194733,77
cmdc_protocol_q12_only_binary_tfidf_logistic,CMDC,Text,MDD classification,TF-IDF + Logistic (q12_only),2,binary_classification,Balanced Accuracy,0.6126923076923076,0.5215695229127433,0.7198880407810982,77
cmdc_protocol_q12_only_binary_tfidf_logistic,CMDC,Text,MDD classification,TF-IDF + Logistic (q12_only),2,binary_classification,AUROC,0.7169230769230769,0.6043457602339182,0.8201957547169811,77
cmdc_protocol_q12_only_binary_tfidf_logistic,CMDC,Text,MDD classification,TF-IDF + Logistic (q12_only),2,binary_classification,AUPRC,0.49909057596097034,0.3249097796969386,0.669950184052774,77
cmdc_protocol_q12_only_binary_tfidf_logistic,CMDC,Text,MDD classification,TF-IDF + Logistic (q12_only),2,binary_classification,ECE,0.15692128615837472,0.06690208926637188,0.2604643797444282,77
cmdc_protocol_q12_only_binary_tfidf_logistic,CMDC,Text,MDD classification,TF-IDF + Logistic (q12_only),2,binary_classification,Brier Score,0.23007113176451902,0.2207409879789784,0.24144520218348406,77
cmdc_protocol_q12_only_binary_tfidf_logistic,CMDC,Text,MDD classification,TF-IDF + Logistic (q12_only),3,binary_classification,Macro-F1,0.6177422836175265,0.5088656135531135,0.733194733194733,77
cmdc_protocol_q12_only_binary_tfidf_logistic,CMDC,Text,MDD classification,TF-IDF + Logistic (q12_only),3,binary_classification,Balanced Accuracy,0.6126923076923076,0.5215695229127433,0.7198880407810982,77
cmdc_protocol_q12_only_binary_tfidf_logistic,CMDC,Text,MDD classification,TF-IDF + Logistic (q12_only),3,binary_classification,AUROC,0.7169230769230769,0.6043457602339182,0.8201957547169811,77
cmdc_protocol_q12_only_binary_tfidf_logistic,CMDC,Text,MDD classification,TF-IDF + Logistic (q12_only),3,binary_classification,AUPRC,0.49909057596097034,0.3249097796969386,0.669950184052774,77
cmdc_protocol_q12_only_binary_tfidf_logistic,CMDC,Text,MDD classification,TF-IDF + Logistic (q12_only),3,binary_classification,ECE,0.15692128615837472,0.06690208926637188,0.2604643797444282,77
cmdc_protocol_q12_only_binary_tfidf_logistic,CMDC,Text,MDD classification,TF-IDF + Logistic (q12_only),3,binary_classification,Brier Score,0.23007113176451902,0.2207409879789784,0.24144520218348406,77
cmdc_protocol_q12_only_binary_tfidf_logistic,CMDC,Text,MDD classification,TF-IDF + Logistic (q12_only),4,binary_classification,Macro-F1,0.6177422836175265,0.5088656135531135,0.733194733194733,77
cmdc_protocol_q12_only_binary_tfidf_logistic,CMDC,Text,MDD classification,TF-IDF + Logistic (q12_only),4,binary_classification,Balanced Accuracy,0.6126923076923076,0.5215695229127433,0.7198880407810982,77
cmdc_protocol_q12_only_binary_tfidf_logistic,CMDC,Text,MDD classification,TF-IDF + Logistic (q12_only),4,binary_classification,AUROC,0.7169230769230769,0.6043457602339182,0.8201957547169811,77
cmdc_protocol_q12_only_binary_tfidf_logistic,CMDC,Text,MDD classification,TF-IDF + Logistic (q12_only),4,binary_classification,AUPRC,0.49909057596097034,0.3249097796969386,0.669950184052774,77
cmdc_protocol_q12_only_binary_tfidf_logistic,CMDC,Text,MDD classification,TF-IDF + Logistic (q12_only),4,binary_classification,ECE,0.15692128615837472,0.06690208926637188,0.2604643797444282,77
cmdc_protocol_q12_only_binary_tfidf_logistic,CMDC,Text,MDD classification,TF-IDF + Logistic (q12_only),4,binary_classification,Brier Score,0.23007113176451902,0.2207409879789784,0.24144520218348406,77
cmdc_protocol_q12_only_hamd17_tfidf_ridge,CMDC,Text,HAMD-17 regression,TF-IDF + Ridge (q12_only),0,severity_regression,CCC,-0.026318311163129472,-0.09897589787990314,0.04818708808865416,25
cmdc_protocol_q12_only_hamd17_tfidf_ridge,CMDC,Text,HAMD-17 regression,TF-IDF + Ridge (q12_only),0,severity_regression,MAE,3.6044941002390876,2.8471354389919745,4.469409534426186,25
cmdc_protocol_q12_only_hamd17_tfidf_ridge,CMDC,Text,HAMD-17 regression,TF-IDF + Ridge (q12_only),0,severity_regression,RMSE,4.261003630286417,3.446978369768735,4.990281349916547,25
cmdc_protocol_q12_only_hamd17_tfidf_ridge,CMDC,Text,HAMD-17 regression,TF-IDF + Ridge (q12_only),0,severity_regression,Spearman,-0.12046421836784874,-0.6129099990018566,0.30201773146661093,25
cmdc_protocol_q12_only_hamd17_tfidf_ridge,CMDC,Text,HAMD-17 regression,TF-IDF + Ridge (q12_only),1,severity_regression,CCC,-0.026318311163129472,-0.09897589787990314,0.04818708808865416,25
cmdc_protocol_q12_only_hamd17_tfidf_ridge,CMDC,Text,HAMD-17 regression,TF-IDF + Ridge (q12_only),1,severity_regression,MAE,3.6044941002390876,2.8471354389919745,4.469409534426186,25
cmdc_protocol_q12_only_hamd17_tfidf_ridge,CMDC,Text,HAMD-17 regression,TF-IDF + Ridge (q12_only),1,severity_regression,RMSE,4.261003630286417,3.446978369768735,4.990281349916547,25
cmdc_protocol_q12_only_hamd17_tfidf_ridge,CMDC,Text,HAMD-17 regression,TF-IDF + Ridge (q12_only),1,severity_regression,Spearman,-0.12046421836784874,-0.6129099990018566,0.30201773146661093,25
cmdc_protocol_q12_only_hamd17_tfidf_ridge,CMDC,Text,HAMD-17 regression,TF-IDF + Ridge (q12_only),2,severity_regression,CCC,-0.026318311163129472,-0.09897589787990314,0.04818708808865416,25
cmdc_protocol_q12_only_hamd17_tfidf_ridge,CMDC,Text,HAMD-17 regression,TF-IDF + Ridge (q12_only),2,severity_regression,MAE,3.6044941002390876,2.8471354389919745,4.469409534426186,25
cmdc_protocol_q12_only_hamd17_tfidf_ridge,CMDC,Text,HAMD-17 regression,TF-IDF + Ridge (q12_only),2,severity_regression,RMSE,4.261003630286417,3.446978369768735,4.990281349916547,25
cmdc_protocol_q12_only_hamd17_tfidf_ridge,CMDC,Text,HAMD-17 regression,TF-IDF + Ridge (q12_only),2,severity_regression,Spearman,-0.12046421836784874,-0.6129099990018566,0.30201773146661093,25
cmdc_protocol_q12_only_hamd17_tfidf_ridge,CMDC,Text,HAMD-17 regression,TF-IDF + Ridge (q12_only),3,severity_regression,CCC,-0.026318311163129472,-0.09897589787990314,0.04818708808865416,25
cmdc_protocol_q12_only_hamd17_tfidf_ridge,CMDC,Text,HAMD-17 regression,TF-IDF + Ridge (q12_only),3,severity_regression,MAE,3.6044941002390876,2.8471354389919745,4.469409534426186,25
cmdc_protocol_q12_only_hamd17_tfidf_ridge,CMDC,Text,HAMD-17 regression,TF-IDF + Ridge (q12_only),3,severity_regression,RMSE,4.261003630286417,3.446978369768735,4.990281349916547,25
cmdc_protocol_q12_only_hamd17_tfidf_ridge,CMDC,Text,HAMD-17 regression,TF-IDF + Ridge (q12_only),3,severity_regression,Spearman,-0.12046421836784874,-0.6129099990018566,0.30201773146661093,25
cmdc_protocol_q12_only_hamd17_tfidf_ridge,CMDC,Text,HAMD-17 regression,TF-IDF + Ridge (q12_only),4,severity_regression,CCC,-0.026318311163129472,-0.09897589787990314,0.04818708808865416,25
cmdc_protocol_q12_only_hamd17_tfidf_ridge,CMDC,Text,HAMD-17 regression,TF-IDF + Ridge (q12_only),4,severity_regression,MAE,3.6044941002390876,2.8471354389919745,4.469409534426186,25
cmdc_protocol_q12_only_hamd17_tfidf_ridge,CMDC,Text,HAMD-17 regression,TF-IDF + Ridge (q12_only),4,severity_regression,RMSE,4.261003630286417,3.446978369768735,4.990281349916547,25
cmdc_protocol_q12_only_hamd17_tfidf_ridge,CMDC,Text,HAMD-17 regression,TF-IDF + Ridge (q12_only),4,severity_regression,Spearman,-0.12046421836784874,-0.6129099990018566,0.30201773146661093,25
cmdc_protocol_q12_only_phq9_tfidf_ridge,CMDC,Text,PHQ-9 regression,TF-IDF + Ridge (q12_only),0,severity_regression,CCC,0.015688810044488705,-0.0005873448072733993,0.032775640524410836,77
cmdc_protocol_q12_only_phq9_tfidf_ridge,CMDC,Text,PHQ-9 regression,TF-IDF + Ridge (q12_only),0,severity_regression,MAE,6.569312239664684,5.784127157087701,7.241395081575392,77
cmdc_protocol_q12_only_phq9_tfidf_ridge,CMDC,Text,PHQ-9 regression,TF-IDF + Ridge (q12_only),0,severity_regression,RMSE,7.579055697762286,6.687019981458593,8.367792320270297,77
cmdc_protocol_q12_only_phq9_tfidf_ridge,CMDC,Text,PHQ-9 regression,TF-IDF + Ridge (q12_only),0,severity_regression,Spearman,0.16273534080801402,-0.07964650797117806,0.4059692955761028,77
cmdc_protocol_q12_only_phq9_tfidf_ridge,CMDC,Text,PHQ-9 regression,TF-IDF + Ridge (q12_only),1,severity_regression,CCC,0.015688810044488705,-0.0005873448072733993,0.032775640524410836,77
cmdc_protocol_q12_only_phq9_tfidf_ridge,CMDC,Text,PHQ-9 regression,TF-IDF + Ridge (q12_only),1,severity_regression,MAE,6.569312239664684,5.784127157087701,7.241395081575392,77
cmdc_protocol_q12_only_phq9_tfidf_ridge,CMDC,Text,PHQ-9 regression,TF-IDF + Ridge (q12_only),1,severity_regression,RMSE,7.579055697762286,6.687019981458593,8.367792320270297,77
cmdc_protocol_q12_only_phq9_tfidf_ridge,CMDC,Text,PHQ-9 regression,TF-IDF + Ridge (q12_only),1,severity_regression,Spearman,0.16273534080801402,-0.07964650797117806,0.4059692955761028,77
cmdc_protocol_q12_only_phq9_tfidf_ridge,CMDC,Text,PHQ-9 regression,TF-IDF + Ridge (q12_only),2,severity_regression,CCC,0.015688810044488705,-0.0005873448072733993,0.032775640524410836,77
cmdc_protocol_q12_only_phq9_tfidf_ridge,CMDC,Text,PHQ-9 regression,TF-IDF + Ridge (q12_only),2,severity_regression,MAE,6.569312239664684,5.784127157087701,7.241395081575392,77
cmdc_protocol_q12_only_phq9_tfidf_ridge,CMDC,Text,PHQ-9 regression,TF-IDF + Ridge (q12_only),2,severity_regression,RMSE,7.579055697762286,6.687019981458593,8.367792320270297,77
cmdc_protocol_q12_only_phq9_tfidf_ridge,CMDC,Text,PHQ-9 regression,TF-IDF + Ridge (q12_only),2,severity_regression,Spearman,0.16273534080801402,-0.07964650797117806,0.4059692955761028,77
cmdc_protocol_q12_only_phq9_tfidf_ridge,CMDC,Text,PHQ-9 regression,TF-IDF + Ridge (q12_only),3,severity_regression,CCC,0.015688810044488705,-0.0005873448072733993,0.032775640524410836,77
cmdc_protocol_q12_only_phq9_tfidf_ridge,CMDC,Text,PHQ-9 regression,TF-IDF + Ridge (q12_only),3,severity_regression,MAE,6.569312239664684,5.784127157087701,7.241395081575392,77
cmdc_protocol_q12_only_phq9_tfidf_ridge,CMDC,Text,PHQ-9 regression,TF-IDF + Ridge (q12_only),3,severity_regression,RMSE,7.579055697762286,6.687019981458593,8.367792320270297,77
cmdc_protocol_q12_only_phq9_tfidf_ridge,CMDC,Text,PHQ-9 regression,TF-IDF + Ridge (q12_only),3,severity_regression,Spearman,0.16273534080801402,-0.07964650797117806,0.4059692955761028,77
cmdc_protocol_q12_only_phq9_tfidf_ridge,CMDC,Text,PHQ-9 regression,TF-IDF + Ridge (q12_only),4,severity_regression,CCC,0.015688810044488705,-0.0005873448072733993,0.032775640524410836,77
cmdc_protocol_q12_only_phq9_tfidf_ridge,CMDC,Text,PHQ-9 regression,TF-IDF + Ridge (q12_only),4,severity_regression,MAE,6.569312239664684,5.784127157087701,7.241395081575392,77
cmdc_protocol_q12_only_phq9_tfidf_ridge,CMDC,Text,PHQ-9 regression,TF-IDF + Ridge (q12_only),4,severity_regression,RMSE,7.579055697762286,6.687019981458593,8.367792320270297,77
cmdc_protocol_q12_only_phq9_tfidf_ridge,CMDC,Text,PHQ-9 regression,TF-IDF + Ridge (q12_only),4,severity_regression,Spearman,0.16273534080801402,-0.07964650797117806,0.4059692955761028,77
edaic_protocol_back_25_binary_tfidf_logistic,E-DAIC,Text,binary depression classification,TF-IDF + Logistic (back_25),0,binary_classification,Macro-F1,0.4343434343434343,0.39784946236559143,0.4666666666666667,56
edaic_protocol_back_25_binary_tfidf_logistic,E-DAIC,Text,binary depression classification,TF-IDF + Logistic (back_25),0,binary_classification,Balanced Accuracy,0.48863636363636365,0.46339176829268297,0.5,56
edaic_protocol_back_25_binary_tfidf_logistic,E-DAIC,Text,binary depression classification,TF-IDF + Logistic (back_25),0,binary_classification,AUROC,0.5416666666666666,0.3266447963800905,0.7994921875,56
edaic_protocol_back_25_binary_tfidf_logistic,E-DAIC,Text,binary depression classification,TF-IDF + Logistic (back_25),0,binary_classification,AUPRC,0.3002119467168061,0.13208761939585617,0.5179539005952459,56
edaic_protocol_back_25_binary_tfidf_logistic,E-DAIC,Text,binary depression classification,TF-IDF + Logistic (back_25),0,binary_classification,ECE,0.2163301649079252,0.14565293068975826,0.3236271286207764,56
edaic_protocol_back_25_binary_tfidf_logistic,E-DAIC,Text,binary depression classification,TF-IDF + Logistic (back_25),0,binary_classification,Brier Score,0.21399365271877985,0.19786625509963746,0.2284678045364466,56
edaic_protocol_back_25_binary_tfidf_logistic,E-DAIC,Text,binary depression classification,TF-IDF + Logistic (back_25),1,binary_classification,Macro-F1,0.4343434343434343,0.39784946236559143,0.4666666666666667,56
edaic_protocol_back_25_binary_tfidf_logistic,E-DAIC,Text,binary depression classification,TF-IDF + Logistic (back_25),1,binary_classification,Balanced Accuracy,0.48863636363636365,0.46339176829268297,0.5,56
edaic_protocol_back_25_binary_tfidf_logistic,E-DAIC,Text,binary depression classification,TF-IDF + Logistic (back_25),1,binary_classification,AUROC,0.5416666666666666,0.3266447963800905,0.7994921875,56
edaic_protocol_back_25_binary_tfidf_logistic,E-DAIC,Text,binary depression classification,TF-IDF + Logistic (back_25),1,binary_classification,AUPRC,0.3002119467168061,0.13208761939585617,0.5179539005952459,56
edaic_protocol_back_25_binary_tfidf_logistic,E-DAIC,Text,binary depression classification,TF-IDF + Logistic (back_25),1,binary_classification,ECE,0.2163301649079252,0.14565293068975826,0.3236271286207764,56
edaic_protocol_back_25_binary_tfidf_logistic,E-DAIC,Text,binary depression classification,TF-IDF + Logistic (back_25),1,binary_classification,Brier Score,0.21399365271877985,0.19786625509963746,0.2284678045364466,56
edaic_protocol_back_25_binary_tfidf_logistic,E-DAIC,Text,binary depression classification,TF-IDF + Logistic (back_25),2,binary_classification,Macro-F1,0.4343434343434343,0.39784946236559143,0.4666666666666667,56
edaic_protocol_back_25_binary_tfidf_logistic,E-DAIC,Text,binary depression classification,TF-IDF + Logistic (back_25),2,binary_classification,Balanced Accuracy,0.48863636363636365,0.46339176829268297,0.5,56
edaic_protocol_back_25_binary_tfidf_logistic,E-DAIC,Text,binary depression classification,TF-IDF + Logistic (back_25),2,binary_classification,AUROC,0.5416666666666666,0.3266447963800905,0.7994921875,56
edaic_protocol_back_25_binary_tfidf_logistic,E-DAIC,Text,binary depression classification,TF-IDF + Logistic (back_25),2,binary_classification,AUPRC,0.3002119467168061,0.13208761939585617,0.5179539005952459,56
edaic_protocol_back_25_binary_tfidf_logistic,E-DAIC,Text,binary depression classification,TF-IDF + Logistic (back_25),2,binary_classification,ECE,0.2163301649079252,0.14565293068975826,0.3236271286207764,56
edaic_protocol_back_25_binary_tfidf_logistic,E-DAIC,Text,binary depression classification,TF-IDF + Logistic (back_25),2,binary_classification,Brier Score,0.21399365271877985,0.19786625509963746,0.2284678045364466,56
edaic_protocol_back_25_binary_tfidf_logistic,E-DAIC,Text,binary depression classification,TF-IDF + Logistic (back_25),3,binary_classification,Macro-F1,0.4343434343434343,0.39784946236559143,0.4666666666666667,56
edaic_protocol_back_25_binary_tfidf_logistic,E-DAIC,Text,binary depression classification,TF-IDF + Logistic (back_25),3,binary_classification,Balanced Accuracy,0.48863636363636365,0.46339176829268297,0.5,56
edaic_protocol_back_25_binary_tfidf_logistic,E-DAIC,Text,binary depression classification,TF-IDF + Logistic (back_25),3,binary_classification,AUROC,0.5416666666666666,0.3266447963800905,0.7994921875,56
edaic_protocol_back_25_binary_tfidf_logistic,E-DAIC,Text,binary depression classification,TF-IDF + Logistic (back_25),3,binary_classification,AUPRC,0.3002119467168061,0.13208761939585617,0.5179539005952459,56
edaic_protocol_back_25_binary_tfidf_logistic,E-DAIC,Text,binary depression classification,TF-IDF + Logistic (back_25),3,binary_classification,ECE,0.2163301649079252,0.14565293068975826,0.3236271286207764,56
edaic_protocol_back_25_binary_tfidf_logistic,E-DAIC,Text,binary depression classification,TF-IDF + Logistic (back_25),3,binary_classification,Brier Score,0.21399365271877985,0.19786625509963746,0.2284678045364466,56
edaic_protocol_back_25_binary_tfidf_logistic,E-DAIC,Text,binary depression classification,TF-IDF + Logistic (back_25),4,binary_classification,Macro-F1,0.4343434343434343,0.39784946236559143,0.4666666666666667,56
edaic_protocol_back_25_binary_tfidf_logistic,E-DAIC,Text,binary depression classification,TF-IDF + Logistic (back_25),4,binary_classification,Balanced Accuracy,0.48863636363636365,0.46339176829268297,0.5,56
edaic_protocol_back_25_binary_tfidf_logistic,E-DAIC,Text,binary depression classification,TF-IDF + Logistic (back_25),4,binary_classification,AUROC,0.5416666666666666,0.3266447963800905,0.7994921875,56
edaic_protocol_back_25_binary_tfidf_logistic,E-DAIC,Text,binary depression classification,TF-IDF + Logistic (back_25),4,binary_classification,AUPRC,0.3002119467168061,0.13208761939585617,0.5179539005952459,56
edaic_protocol_back_25_binary_tfidf_logistic,E-DAIC,Text,binary depression classification,TF-IDF + Logistic (back_25),4,binary_classification,ECE,0.2163301649079252,0.14565293068975826,0.3236271286207764,56
edaic_protocol_back_25_binary_tfidf_logistic,E-DAIC,Text,binary depression classification,TF-IDF + Logistic (back_25),4,binary_classification,Brier Score,0.21399365271877985,0.19786625509963746,0.2284678045364466,56
edaic_protocol_back_25_phq8_tfidf_ridge,E-DAIC,Text,PHQ-8 regression,TF-IDF + Ridge (back_25),0,severity_regression,CCC,0.004958752117624335,-0.008091389913966001,0.017452212718130074,56
edaic_protocol_back_25_phq8_tfidf_ridge,E-DAIC,Text,PHQ-8 regression,TF-IDF + Ridge (back_25),0,severity_regression,MAE,4.773545780757837,3.919752061913862,5.5033904447191935,56
edaic_protocol_back_25_phq8_tfidf_ridge,E-DAIC,Text,PHQ-8 regression,TF-IDF + Ridge (back_25),0,severity_regression,RMSE,5.6730802937529505,4.751559986387339,6.463489804683287,56
edaic_protocol_back_25_phq8_tfidf_ridge,E-DAIC,Text,PHQ-8 regression,TF-IDF + Ridge (back_25),0,severity_regression,Spearman,0.0927734205548914,-0.13956156727071295,0.3829678107108247,56
edaic_protocol_back_25_phq8_tfidf_ridge,E-DAIC,Text,PHQ-8 regression,TF-IDF + Ridge (back_25),1,severity_regression,CCC,0.004958752117624335,-0.008091389913966001,0.017452212718130074,56
edaic_protocol_back_25_phq8_tfidf_ridge,E-DAIC,Text,PHQ-8 regression,TF-IDF + Ridge (back_25),1,severity_regression,MAE,4.773545780757837,3.919752061913862,5.5033904447191935,56
edaic_protocol_back_25_phq8_tfidf_ridge,E-DAIC,Text,PHQ-8 regression,TF-IDF + Ridge (back_25),1,severity_regression,RMSE,5.6730802937529505,4.751559986387339,6.463489804683287,56
edaic_protocol_back_25_phq8_tfidf_ridge,E-DAIC,Text,PHQ-8 regression,TF-IDF + Ridge (back_25),1,severity_regression,Spearman,0.0927734205548914,-0.13956156727071295,0.3829678107108247,56
edaic_protocol_back_25_phq8_tfidf_ridge,E-DAIC,Text,PHQ-8 regression,TF-IDF + Ridge (back_25),2,severity_regression,CCC,0.004958752117624335,-0.008091389913966001,0.017452212718130074,56
edaic_protocol_back_25_phq8_tfidf_ridge,E-DAIC,Text,PHQ-8 regression,TF-IDF + Ridge (back_25),2,severity_regression,MAE,4.773545780757837,3.919752061913862,5.5033904447191935,56
edaic_protocol_back_25_phq8_tfidf_ridge,E-DAIC,Text,PHQ-8 regression,TF-IDF + Ridge (back_25),2,severity_regression,RMSE,5.6730802937529505,4.751559986387339,6.463489804683287,56
edaic_protocol_back_25_phq8_tfidf_ridge,E-DAIC,Text,PHQ-8 regression,TF-IDF + Ridge (back_25),2,severity_regression,Spearman,0.0927734205548914,-0.13956156727071295,0.3829678107108247,56
edaic_protocol_back_25_phq8_tfidf_ridge,E-DAIC,Text,PHQ-8 regression,TF-IDF + Ridge (back_25),3,severity_regression,CCC,0.004958752117624335,-0.008091389913966001,0.017452212718130074,56
edaic_protocol_back_25_phq8_tfidf_ridge,E-DAIC,Text,PHQ-8 regression,TF-IDF + Ridge (back_25),3,severity_regression,MAE,4.773545780757837,3.919752061913862,5.5033904447191935,56
edaic_protocol_back_25_phq8_tfidf_ridge,E-DAIC,Text,PHQ-8 regression,TF-IDF + Ridge (back_25),3,severity_regression,RMSE,5.6730802937529505,4.751559986387339,6.463489804683287,56
edaic_protocol_back_25_phq8_tfidf_ridge,E-DAIC,Text,PHQ-8 regression,TF-IDF + Ridge (back_25),3,severity_regression,Spearman,0.0927734205548914,-0.13956156727071295,0.3829678107108247,56
edaic_protocol_back_25_phq8_tfidf_ridge,E-DAIC,Text,PHQ-8 regression,TF-IDF + Ridge (back_25),4,severity_regression,CCC,0.004958752117624335,-0.008091389913966001,0.017452212718130074,56
edaic_protocol_back_25_phq8_tfidf_ridge,E-DAIC,Text,PHQ-8 regression,TF-IDF + Ridge (back_25),4,severity_regression,MAE,4.773545780757837,3.919752061913862,5.5033904447191935,56
edaic_protocol_back_25_phq8_tfidf_ridge,E-DAIC,Text,PHQ-8 regression,TF-IDF + Ridge (back_25),4,severity_regression,RMSE,5.6730802937529505,4.751559986387339,6.463489804683287,56
edaic_protocol_back_25_phq8_tfidf_ridge,E-DAIC,Text,PHQ-8 regression,TF-IDF + Ridge (back_25),4,severity_regression,Spearman,0.0927734205548914,-0.13956156727071295,0.3829678107108247,56
edaic_protocol_front_25_binary_tfidf_logistic,E-DAIC,Text,binary depression classification,TF-IDF + Logistic (front_25),0,binary_classification,Macro-F1,0.5492260061919505,0.4105263157894737,0.6959692028985508,56
edaic_protocol_front_25_binary_tfidf_logistic,E-DAIC,Text,binary depression classification,TF-IDF + Logistic (front_25),0,binary_classification,Balanced Accuracy,0.5492424242424242,0.447765261627907,0.6707954545454545,56
edaic_protocol_front_25_binary_tfidf_logistic,E-DAIC,Text,binary depression classification,TF-IDF + Logistic (front_25),0,binary_classification,AUROC,0.6534090909090909,0.4696540140879047,0.8746446793002915,56
edaic_protocol_front_25_binary_tfidf_logistic,E-DAIC,Text,binary depression classification,TF-IDF + Logistic (front_25),0,binary_classification,AUPRC,0.36017981328187415,0.18438527204778107,0.6296290615859728,56
edaic_protocol_front_25_binary_tfidf_logistic,E-DAIC,Text,binary depression classification,TF-IDF + Logistic (front_25),0,binary_classification,ECE,0.22449247749243056,0.15418562892612672,0.3294000000594814,56
edaic_protocol_front_25_binary_tfidf_logistic,E-DAIC,Text,binary depression classification,TF-IDF + Logistic (front_25),0,binary_classification,Brier Score,0.21427100805276128,0.1996718648113319,0.22756179434592055,56
edaic_protocol_front_25_binary_tfidf_logistic,E-DAIC,Text,binary depression classification,TF-IDF + Logistic (front_25),1,binary_classification,Macro-F1,0.5492260061919505,0.4105263157894737,0.6959692028985508,56
edaic_protocol_front_25_binary_tfidf_logistic,E-DAIC,Text,binary depression classification,TF-IDF + Logistic (front_25),1,binary_classification,Balanced Accuracy,0.5492424242424242,0.447765261627907,0.6707954545454545,56
edaic_protocol_front_25_binary_tfidf_logistic,E-DAIC,Text,binary depression classification,TF-IDF + Logistic (front_25),1,binary_classification,AUROC,0.6534090909090909,0.4696540140879047,0.8746446793002915,56
edaic_protocol_front_25_binary_tfidf_logistic,E-DAIC,Text,binary depression classification,TF-IDF + Logistic (front_25),1,binary_classification,AUPRC,0.36017981328187415,0.18438527204778107,0.6296290615859728,56
edaic_protocol_front_25_binary_tfidf_logistic,E-DAIC,Text,binary depression classification,TF-IDF + Logistic (front_25),1,binary_classification,ECE,0.22449247749243056,0.15418562892612672,0.3294000000594814,56
edaic_protocol_front_25_binary_tfidf_logistic,E-DAIC,Text,binary depression classification,TF-IDF + Logistic (front_25),1,binary_classification,Brier Score,0.21427100805276128,0.1996718648113319,0.22756179434592055,56
edaic_protocol_front_25_binary_tfidf_logistic,E-DAIC,Text,binary depression classification,TF-IDF + Logistic (front_25),2,binary_classification,Macro-F1,0.5492260061919505,0.4105263157894737,0.6959692028985508,56
edaic_protocol_front_25_binary_tfidf_logistic,E-DAIC,Text,binary depression classification,TF-IDF + Logistic (front_25),2,binary_classification,Balanced Accuracy,0.5492424242424242,0.447765261627907,0.6707954545454545,56
edaic_protocol_front_25_binary_tfidf_logistic,E-DAIC,Text,binary depression classification,TF-IDF + Logistic (front_25),2,binary_classification,AUROC,0.6534090909090909,0.4696540140879047,0.8746446793002915,56
edaic_protocol_front_25_binary_tfidf_logistic,E-DAIC,Text,binary depression classification,TF-IDF + Logistic (front_25),2,binary_classification,AUPRC,0.36017981328187415,0.18438527204778107,0.6296290615859728,56
edaic_protocol_front_25_binary_tfidf_logistic,E-DAIC,Text,binary depression classification,TF-IDF + Logistic (front_25),2,binary_classification,ECE,0.22449247749243056,0.15418562892612672,0.3294000000594814,56
edaic_protocol_front_25_binary_tfidf_logistic,E-DAIC,Text,binary depression classification,TF-IDF + Logistic (front_25),2,binary_classification,Brier Score,0.21427100805276128,0.1996718648113319,0.22756179434592055,56
edaic_protocol_front_25_binary_tfidf_logistic,E-DAIC,Text,binary depression classification,TF-IDF + Logistic (front_25),3,binary_classification,Macro-F1,0.5492260061919505,0.4105263157894737,0.6959692028985508,56
edaic_protocol_front_25_binary_tfidf_logistic,E-DAIC,Text,binary depression classification,TF-IDF + Logistic (front_25),3,binary_classification,Balanced Accuracy,0.5492424242424242,0.447765261627907,0.6707954545454545,56
edaic_protocol_front_25_binary_tfidf_logistic,E-DAIC,Text,binary depression classification,TF-IDF + Logistic (front_25),3,binary_classification,AUROC,0.6534090909090909,0.4696540140879047,0.8746446793002915,56
edaic_protocol_front_25_binary_tfidf_logistic,E-DAIC,Text,binary depression classification,TF-IDF + Logistic (front_25),3,binary_classification,AUPRC,0.36017981328187415,0.18438527204778107,0.6296290615859728,56
edaic_protocol_front_25_binary_tfidf_logistic,E-DAIC,Text,binary depression classification,TF-IDF + Logistic (front_25),3,binary_classification,ECE,0.22449247749243056,0.15418562892612672,0.3294000000594814,56
edaic_protocol_front_25_binary_tfidf_logistic,E-DAIC,Text,binary depression classification,TF-IDF + Logistic (front_25),3,binary_classification,Brier Score,0.21427100805276128,0.1996718648113319,0.22756179434592055,56
edaic_protocol_front_25_binary_tfidf_logistic,E-DAIC,Text,binary depression classification,TF-IDF + Logistic (front_25),4,binary_classification,Macro-F1,0.5492260061919505,0.4105263157894737,0.6959692028985508,56
edaic_protocol_front_25_binary_tfidf_logistic,E-DAIC,Text,binary depression classification,TF-IDF + Logistic (front_25),4,binary_classification,Balanced Accuracy,0.5492424242424242,0.447765261627907,0.6707954545454545,56
edaic_protocol_front_25_binary_tfidf_logistic,E-DAIC,Text,binary depression classification,TF-IDF + Logistic (front_25),4,binary_classification,AUROC,0.6534090909090909,0.4696540140879047,0.8746446793002915,56
edaic_protocol_front_25_binary_tfidf_logistic,E-DAIC,Text,binary depression classification,TF-IDF + Logistic (front_25),4,binary_classification,AUPRC,0.36017981328187415,0.18438527204778107,0.6296290615859728,56
edaic_protocol_front_25_binary_tfidf_logistic,E-DAIC,Text,binary depression classification,TF-IDF + Logistic (front_25),4,binary_classification,ECE,0.22449247749243056,0.15418562892612672,0.3294000000594814,56
edaic_protocol_front_25_binary_tfidf_logistic,E-DAIC,Text,binary depression classification,TF-IDF + Logistic (front_25),4,binary_classification,Brier Score,0.21427100805276128,0.1996718648113319,0.22756179434592055,56
edaic_protocol_front_25_phq8_tfidf_ridge,E-DAIC,Text,PHQ-8 regression,TF-IDF + Ridge (front_25),0,severity_regression,CCC,0.009036765684167107,-0.010424942513180505,0.02844153542145316,56
edaic_protocol_front_25_phq8_tfidf_ridge,E-DAIC,Text,PHQ-8 regression,TF-IDF + Ridge (front_25),0,severity_regression,MAE,4.751477749130095,3.875834699254573,5.495860415761878,56
edaic_protocol_front_25_phq8_tfidf_ridge,E-DAIC,Text,PHQ-8 regression,TF-IDF + Ridge (front_25),0,severity_regression,RMSE,5.665231211666899,4.750435551275267,6.454957278340675,56
edaic_protocol_front_25_phq8_tfidf_ridge,E-DAIC,Text,PHQ-8 regression,TF-IDF + Ridge (front_25),0,severity_regression,Spearman,0.0718445054149196,-0.20274442668086007,0.3100838417312843,56
edaic_protocol_front_25_phq8_tfidf_ridge,E-DAIC,Text,PHQ-8 regression,TF-IDF + Ridge (front_25),1,severity_regression,CCC,0.009036765684167107,-0.010424942513180505,0.02844153542145316,56
edaic_protocol_front_25_phq8_tfidf_ridge,E-DAIC,Text,PHQ-8 regression,TF-IDF + Ridge (front_25),1,severity_regression,MAE,4.751477749130095,3.875834699254573,5.495860415761878,56
edaic_protocol_front_25_phq8_tfidf_ridge,E-DAIC,Text,PHQ-8 regression,TF-IDF + Ridge (front_25),1,severity_regression,RMSE,5.665231211666899,4.750435551275267,6.454957278340675,56
edaic_protocol_front_25_phq8_tfidf_ridge,E-DAIC,Text,PHQ-8 regression,TF-IDF + Ridge (front_25),1,severity_regression,Spearman,0.0718445054149196,-0.20274442668086007,0.3100838417312843,56
edaic_protocol_front_25_phq8_tfidf_ridge,E-DAIC,Text,PHQ-8 regression,TF-IDF + Ridge (front_25),2,severity_regression,CCC,0.009036765684167107,-0.010424942513180505,0.02844153542145316,56
edaic_protocol_front_25_phq8_tfidf_ridge,E-DAIC,Text,PHQ-8 regression,TF-IDF + Ridge (front_25),2,severity_regression,MAE,4.751477749130095,3.875834699254573,5.495860415761878,56
edaic_protocol_front_25_phq8_tfidf_ridge,E-DAIC,Text,PHQ-8 regression,TF-IDF + Ridge (front_25),2,severity_regression,RMSE,5.665231211666899,4.750435551275267,6.454957278340675,56
edaic_protocol_front_25_phq8_tfidf_ridge,E-DAIC,Text,PHQ-8 regression,TF-IDF + Ridge (front_25),2,severity_regression,Spearman,0.0718445054149196,-0.20274442668086007,0.3100838417312843,56
edaic_protocol_front_25_phq8_tfidf_ridge,E-DAIC,Text,PHQ-8 regression,TF-IDF + Ridge (front_25),3,severity_regression,CCC,0.009036765684167107,-0.010424942513180505,0.02844153542145316,56
edaic_protocol_front_25_phq8_tfidf_ridge,E-DAIC,Text,PHQ-8 regression,TF-IDF + Ridge (front_25),3,severity_regression,MAE,4.751477749130095,3.875834699254573,5.495860415761878,56
edaic_protocol_front_25_phq8_tfidf_ridge,E-DAIC,Text,PHQ-8 regression,TF-IDF + Ridge (front_25),3,severity_regression,RMSE,5.665231211666899,4.750435551275267,6.454957278340675,56
edaic_protocol_front_25_phq8_tfidf_ridge,E-DAIC,Text,PHQ-8 regression,TF-IDF + Ridge (front_25),3,severity_regression,Spearman,0.0718445054149196,-0.20274442668086007,0.3100838417312843,56
edaic_protocol_front_25_phq8_tfidf_ridge,E-DAIC,Text,PHQ-8 regression,TF-IDF + Ridge (front_25),4,severity_regression,CCC,0.009036765684167107,-0.010424942513180505,0.02844153542145316,56
edaic_protocol_front_25_phq8_tfidf_ridge,E-DAIC,Text,PHQ-8 regression,TF-IDF + Ridge (front_25),4,severity_regression,MAE,4.751477749130095,3.875834699254573,5.495860415761878,56
edaic_protocol_front_25_phq8_tfidf_ridge,E-DAIC,Text,PHQ-8 regression,TF-IDF + Ridge (front_25),4,severity_regression,RMSE,5.665231211666899,4.750435551275267,6.454957278340675,56
edaic_protocol_front_25_phq8_tfidf_ridge,E-DAIC,Text,PHQ-8 regression,TF-IDF + Ridge (front_25),4,severity_regression,Spearman,0.0718445054149196,-0.20274442668086007,0.3100838417312843,56
edaic_protocol_full_dialogue_binary_tfidf_logistic,E-DAIC,Text,binary depression classification,TF-IDF + Logistic (full_dialogue),0,binary_classification,Macro-F1,0.44,0.4105263157894737,0.47169811320754723,56
edaic_protocol_full_dialogue_binary_tfidf_logistic,E-DAIC,Text,binary depression classification,TF-IDF + Logistic (full_dialogue),0,binary_classification,Balanced Accuracy,0.5,0.5,0.5,56
edaic_protocol_full_dialogue_binary_tfidf_logistic,E-DAIC,Text,binary depression classification,TF-IDF + Logistic (full_dialogue),0,binary_classification,AUROC,0.6098484848484849,0.42535736685758396,0.7976325757575758,56
edaic_protocol_full_dialogue_binary_tfidf_logistic,E-DAIC,Text,binary depression classification,TF-IDF + Logistic (full_dialogue),0,binary_classification,AUPRC,0.41778569179522956,0.15081023750411737,0.6552233356523752,56
edaic_protocol_full_dialogue_binary_tfidf_logistic,E-DAIC,Text,binary depression classification,TF-IDF + Logistic (full_dialogue),0,binary_classification,ECE,0.21680166803303977,0.129156211087807,0.3218769188103433,56
edaic_protocol_full_dialogue_binary_tfidf_logistic,E-DAIC,Text,binary depression classification,TF-IDF + Logistic (full_dialogue),0,binary_classification,Brier Score,0.21239668445263357,0.19759930058312028,0.22492308266150166,56
edaic_protocol_full_dialogue_binary_tfidf_logistic,E-DAIC,Text,binary depression classification,TF-IDF + Logistic (full_dialogue),1,binary_classification,Macro-F1,0.44,0.4105263157894737,0.47169811320754723,56
edaic_protocol_full_dialogue_binary_tfidf_logistic,E-DAIC,Text,binary depression classification,TF-IDF + Logistic (full_dialogue),1,binary_classification,Balanced Accuracy,0.5,0.5,0.5,56
edaic_protocol_full_dialogue_binary_tfidf_logistic,E-DAIC,Text,binary depression classification,TF-IDF + Logistic (full_dialogue),1,binary_classification,AUROC,0.6098484848484849,0.42535736685758396,0.7976325757575758,56
edaic_protocol_full_dialogue_binary_tfidf_logistic,E-DAIC,Text,binary depression classification,TF-IDF + Logistic (full_dialogue),1,binary_classification,AUPRC,0.41778569179522956,0.15081023750411737,0.6552233356523752,56
edaic_protocol_full_dialogue_binary_tfidf_logistic,E-DAIC,Text,binary depression classification,TF-IDF + Logistic (full_dialogue),1,binary_classification,ECE,0.21680166803303977,0.129156211087807,0.3218769188103433,56
edaic_protocol_full_dialogue_binary_tfidf_logistic,E-DAIC,Text,binary depression classification,TF-IDF + Logistic (full_dialogue),1,binary_classification,Brier Score,0.21239668445263357,0.19759930058312028,0.22492308266150166,56
edaic_protocol_full_dialogue_binary_tfidf_logistic,E-DAIC,Text,binary depression classification,TF-IDF + Logistic (full_dialogue),2,binary_classification,Macro-F1,0.44,0.4105263157894737,0.47169811320754723,56
edaic_protocol_full_dialogue_binary_tfidf_logistic,E-DAIC,Text,binary depression classification,TF-IDF + Logistic (full_dialogue),2,binary_classification,Balanced Accuracy,0.5,0.5,0.5,56
edaic_protocol_full_dialogue_binary_tfidf_logistic,E-DAIC,Text,binary depression classification,TF-IDF + Logistic (full_dialogue),2,binary_classification,AUROC,0.6098484848484849,0.42535736685758396,0.7976325757575758,56
edaic_protocol_full_dialogue_binary_tfidf_logistic,E-DAIC,Text,binary depression classification,TF-IDF + Logistic (full_dialogue),2,binary_classification,AUPRC,0.41778569179522956,0.15081023750411737,0.6552233356523752,56
edaic_protocol_full_dialogue_binary_tfidf_logistic,E-DAIC,Text,binary depression classification,TF-IDF + Logistic (full_dialogue),2,binary_classification,ECE,0.21680166803303977,0.129156211087807,0.3218769188103433,56
edaic_protocol_full_dialogue_binary_tfidf_logistic,E-DAIC,Text,binary depression classification,TF-IDF + Logistic (full_dialogue),2,binary_classification,Brier Score,0.21239668445263357,0.19759930058312028,0.22492308266150166,56
edaic_protocol_full_dialogue_binary_tfidf_logistic,E-DAIC,Text,binary depression classification,TF-IDF + Logistic (full_dialogue),3,binary_classification,Macro-F1,0.44,0.4105263157894737,0.47169811320754723,56
edaic_protocol_full_dialogue_binary_tfidf_logistic,E-DAIC,Text,binary depression classification,TF-IDF + Logistic (full_dialogue),3,binary_classification,Balanced Accuracy,0.5,0.5,0.5,56
edaic_protocol_full_dialogue_binary_tfidf_logistic,E-DAIC,Text,binary depression classification,TF-IDF + Logistic (full_dialogue),3,binary_classification,AUROC,0.6098484848484849,0.42535736685758396,0.7976325757575758,56
edaic_protocol_full_dialogue_binary_tfidf_logistic,E-DAIC,Text,binary depression classification,TF-IDF + Logistic (full_dialogue),3,binary_classification,AUPRC,0.41778569179522956,0.15081023750411737,0.6552233356523752,56
edaic_protocol_full_dialogue_binary_tfidf_logistic,E-DAIC,Text,binary depression classification,TF-IDF + Logistic (full_dialogue),3,binary_classification,ECE,0.21680166803303977,0.129156211087807,0.3218769188103433,56
edaic_protocol_full_dialogue_binary_tfidf_logistic,E-DAIC,Text,binary depression classification,TF-IDF + Logistic (full_dialogue),3,binary_classification,Brier Score,0.21239668445263357,0.19759930058312028,0.22492308266150166,56
edaic_protocol_full_dialogue_binary_tfidf_logistic,E-DAIC,Text,binary depression classification,TF-IDF + Logistic (full_dialogue),4,binary_classification,Macro-F1,0.44,0.4105263157894737,0.47169811320754723,56
edaic_protocol_full_dialogue_binary_tfidf_logistic,E-DAIC,Text,binary depression classification,TF-IDF + Logistic (full_dialogue),4,binary_classification,Balanced Accuracy,0.5,0.5,0.5,56
edaic_protocol_full_dialogue_binary_tfidf_logistic,E-DAIC,Text,binary depression classification,TF-IDF + Logistic (full_dialogue),4,binary_classification,AUROC,0.6098484848484849,0.42535736685758396,0.7976325757575758,56
edaic_protocol_full_dialogue_binary_tfidf_logistic,E-DAIC,Text,binary depression classification,TF-IDF + Logistic (full_dialogue),4,binary_classification,AUPRC,0.41778569179522956,0.15081023750411737,0.6552233356523752,56
edaic_protocol_full_dialogue_binary_tfidf_logistic,E-DAIC,Text,binary depression classification,TF-IDF + Logistic (full_dialogue),4,binary_classification,ECE,0.21680166803303977,0.129156211087807,0.3218769188103433,56
edaic_protocol_full_dialogue_binary_tfidf_logistic,E-DAIC,Text,binary depression classification,TF-IDF + Logistic (full_dialogue),4,binary_classification,Brier Score,0.21239668445263357,0.19759930058312028,0.22492308266150166,56
edaic_protocol_full_dialogue_phq8_tfidf_ridge,E-DAIC,Text,PHQ-8 regression,TF-IDF + Ridge (full_dialogue),0,severity_regression,CCC,0.014082795115104211,0.002299579215615875,0.023224175980467023,56
edaic_protocol_full_dialogue_phq8_tfidf_ridge,E-DAIC,Text,PHQ-8 regression,TF-IDF + Ridge (full_dialogue),0,severity_regression,MAE,4.74519879017583,3.8937840683584177,5.485377805532308,56
edaic_protocol_full_dialogue_phq8_tfidf_ridge,E-DAIC,Text,PHQ-8 regression,TF-IDF + Ridge (full_dialogue),0,severity_regression,RMSE,5.646598156159236,4.731077273892083,6.406692596028284,56
edaic_protocol_full_dialogue_phq8_tfidf_ridge,E-DAIC,Text,PHQ-8 regression,TF-IDF + Ridge (full_dialogue),0,severity_regression,Spearman,0.34584174526379635,0.03731425360602629,0.6379117535672173,56
edaic_protocol_full_dialogue_phq8_tfidf_ridge,E-DAIC,Text,PHQ-8 regression,TF-IDF + Ridge (full_dialogue),1,severity_regression,CCC,0.014082795115104211,0.002299579215615875,0.023224175980467023,56
edaic_protocol_full_dialogue_phq8_tfidf_ridge,E-DAIC,Text,PHQ-8 regression,TF-IDF + Ridge (full_dialogue),1,severity_regression,MAE,4.74519879017583,3.8937840683584177,5.485377805532308,56
edaic_protocol_full_dialogue_phq8_tfidf_ridge,E-DAIC,Text,PHQ-8 regression,TF-IDF + Ridge (full_dialogue),1,severity_regression,RMSE,5.646598156159236,4.731077273892083,6.406692596028284,56
edaic_protocol_full_dialogue_phq8_tfidf_ridge,E-DAIC,Text,PHQ-8 regression,TF-IDF + Ridge (full_dialogue),1,severity_regression,Spearman,0.34584174526379635,0.03731425360602629,0.6379117535672173,56
edaic_protocol_full_dialogue_phq8_tfidf_ridge,E-DAIC,Text,PHQ-8 regression,TF-IDF + Ridge (full_dialogue),2,severity_regression,CCC,0.014082795115104211,0.002299579215615875,0.023224175980467023,56
edaic_protocol_full_dialogue_phq8_tfidf_ridge,E-DAIC,Text,PHQ-8 regression,TF-IDF + Ridge (full_dialogue),2,severity_regression,MAE,4.74519879017583,3.8937840683584177,5.485377805532308,56
edaic_protocol_full_dialogue_phq8_tfidf_ridge,E-DAIC,Text,PHQ-8 regression,TF-IDF + Ridge (full_dialogue),2,severity_regression,RMSE,5.646598156159236,4.731077273892083,6.406692596028284,56
edaic_protocol_full_dialogue_phq8_tfidf_ridge,E-DAIC,Text,PHQ-8 regression,TF-IDF + Ridge (full_dialogue),2,severity_regression,Spearman,0.34584174526379635,0.03731425360602629,0.6379117535672173,56
edaic_protocol_full_dialogue_phq8_tfidf_ridge,E-DAIC,Text,PHQ-8 regression,TF-IDF + Ridge (full_dialogue),3,severity_regression,CCC,0.014082795115104211,0.002299579215615875,0.023224175980467023,56
edaic_protocol_full_dialogue_phq8_tfidf_ridge,E-DAIC,Text,PHQ-8 regression,TF-IDF + Ridge (full_dialogue),3,severity_regression,MAE,4.74519879017583,3.8937840683584177,5.485377805532308,56
edaic_protocol_full_dialogue_phq8_tfidf_ridge,E-DAIC,Text,PHQ-8 regression,TF-IDF + Ridge (full_dialogue),3,severity_regression,RMSE,5.646598156159236,4.731077273892083,6.406692596028284,56
edaic_protocol_full_dialogue_phq8_tfidf_ridge,E-DAIC,Text,PHQ-8 regression,TF-IDF + Ridge (full_dialogue),3,severity_regression,Spearman,0.34584174526379635,0.03731425360602629,0.6379117535672173,56
edaic_protocol_full_dialogue_phq8_tfidf_ridge,E-DAIC,Text,PHQ-8 regression,TF-IDF + Ridge (full_dialogue),4,severity_regression,CCC,0.014082795115104211,0.002299579215615875,0.023224175980467023,56
edaic_protocol_full_dialogue_phq8_tfidf_ridge,E-DAIC,Text,PHQ-8 regression,TF-IDF + Ridge (full_dialogue),4,severity_regression,MAE,4.74519879017583,3.8937840683584177,5.485377805532308,56
edaic_protocol_full_dialogue_phq8_tfidf_ridge,E-DAIC,Text,PHQ-8 regression,TF-IDF + Ridge (full_dialogue),4,severity_regression,RMSE,5.646598156159236,4.731077273892083,6.406692596028284,56
edaic_protocol_full_dialogue_phq8_tfidf_ridge,E-DAIC,Text,PHQ-8 regression,TF-IDF + Ridge (full_dialogue),4,severity_regression,Spearman,0.34584174526379635,0.03731425360602629,0.6379117535672173,56
edaic_protocol_middle_50_binary_tfidf_logistic,E-DAIC,Text,binary depression classification,TF-IDF + Logistic (middle_50),0,binary_classification,Macro-F1,0.4343434343434343,0.4042553191489362,0.4666666666666667,56
edaic_protocol_middle_50_binary_tfidf_logistic,E-DAIC,Text,binary depression classification,TF-IDF + Logistic (middle_50),0,binary_classification,Balanced Accuracy,0.48863636363636365,0.4650955149501661,0.5,56
edaic_protocol_middle_50_binary_tfidf_logistic,E-DAIC,Text,binary depression classification,TF-IDF + Logistic (middle_50),0,binary_classification,AUROC,0.6439393939393939,0.4702443677325581,0.8277328220249138,56
edaic_protocol_middle_50_binary_tfidf_logistic,E-DAIC,Text,binary depression classification,TF-IDF + Logistic (middle_50),0,binary_classification,AUPRC,0.3592951249530197,0.17563779992834624,0.6320425065995283,56
edaic_protocol_middle_50_binary_tfidf_logistic,E-DAIC,Text,binary depression classification,TF-IDF + Logistic (middle_50),0,binary_classification,ECE,0.21384361901954768,0.12992831134814214,0.31926540851112667,56
edaic_protocol_middle_50_binary_tfidf_logistic,E-DAIC,Text,binary depression classification,TF-IDF + Logistic (middle_50),0,binary_classification,Brier Score,0.21053683824209588,0.19438639803297666,0.2243796089085537,56
edaic_protocol_middle_50_binary_tfidf_logistic,E-DAIC,Text,binary depression classification,TF-IDF + Logistic (middle_50),1,binary_classification,Macro-F1,0.4343434343434343,0.4042553191489362,0.4666666666666667,56
edaic_protocol_middle_50_binary_tfidf_logistic,E-DAIC,Text,binary depression classification,TF-IDF + Logistic (middle_50),1,binary_classification,Balanced Accuracy,0.48863636363636365,0.4650955149501661,0.5,56
edaic_protocol_middle_50_binary_tfidf_logistic,E-DAIC,Text,binary depression classification,TF-IDF + Logistic (middle_50),1,binary_classification,AUROC,0.6439393939393939,0.4702443677325581,0.8277328220249138,56
edaic_protocol_middle_50_binary_tfidf_logistic,E-DAIC,Text,binary depression classification,TF-IDF + Logistic (middle_50),1,binary_classification,AUPRC,0.3592951249530197,0.17563779992834624,0.6320425065995283,56
edaic_protocol_middle_50_binary_tfidf_logistic,E-DAIC,Text,binary depression classification,TF-IDF + Logistic (middle_50),1,binary_classification,ECE,0.21384361901954768,0.12992831134814214,0.31926540851112667,56
edaic_protocol_middle_50_binary_tfidf_logistic,E-DAIC,Text,binary depression classification,TF-IDF + Logistic (middle_50),1,binary_classification,Brier Score,0.21053683824209588,0.19438639803297666,0.2243796089085537,56
edaic_protocol_middle_50_binary_tfidf_logistic,E-DAIC,Text,binary depression classification,TF-IDF + Logistic (middle_50),2,binary_classification,Macro-F1,0.4343434343434343,0.4042553191489362,0.4666666666666667,56
edaic_protocol_middle_50_binary_tfidf_logistic,E-DAIC,Text,binary depression classification,TF-IDF + Logistic (middle_50),2,binary_classification,Balanced Accuracy,0.48863636363636365,0.4650955149501661,0.5,56
edaic_protocol_middle_50_binary_tfidf_logistic,E-DAIC,Text,binary depression classification,TF-IDF + Logistic (middle_50),2,binary_classification,AUROC,0.6439393939393939,0.4702443677325581,0.8277328220249138,56
edaic_protocol_middle_50_binary_tfidf_logistic,E-DAIC,Text,binary depression classification,TF-IDF + Logistic (middle_50),2,binary_classification,AUPRC,0.3592951249530197,0.17563779992834624,0.6320425065995283,56
edaic_protocol_middle_50_binary_tfidf_logistic,E-DAIC,Text,binary depression classification,TF-IDF + Logistic (middle_50),2,binary_classification,ECE,0.21384361901954768,0.12992831134814214,0.31926540851112667,56
edaic_protocol_middle_50_binary_tfidf_logistic,E-DAIC,Text,binary depression classification,TF-IDF + Logistic (middle_50),2,binary_classification,Brier Score,0.21053683824209588,0.19438639803297666,0.2243796089085537,56
edaic_protocol_middle_50_binary_tfidf_logistic,E-DAIC,Text,binary depression classification,TF-IDF + Logistic (middle_50),3,binary_classification,Macro-F1,0.4343434343434343,0.4042553191489362,0.4666666666666667,56
edaic_protocol_middle_50_binary_tfidf_logistic,E-DAIC,Text,binary depression classification,TF-IDF + Logistic (middle_50),3,binary_classification,Balanced Accuracy,0.48863636363636365,0.4650955149501661,0.5,56
edaic_protocol_middle_50_binary_tfidf_logistic,E-DAIC,Text,binary depression classification,TF-IDF + Logistic (middle_50),3,binary_classification,AUROC,0.6439393939393939,0.4702443677325581,0.8277328220249138,56
edaic_protocol_middle_50_binary_tfidf_logistic,E-DAIC,Text,binary depression classification,TF-IDF + Logistic (middle_50),3,binary_classification,AUPRC,0.3592951249530197,0.17563779992834624,0.6320425065995283,56
edaic_protocol_middle_50_binary_tfidf_logistic,E-DAIC,Text,binary depression classification,TF-IDF + Logistic (middle_50),3,binary_classification,ECE,0.21384361901954768,0.12992831134814214,0.31926540851112667,56
edaic_protocol_middle_50_binary_tfidf_logistic,E-DAIC,Text,binary depression classification,TF-IDF + Logistic (middle_50),3,binary_classification,Brier Score,0.21053683824209588,0.19438639803297666,0.2243796089085537,56
edaic_protocol_middle_50_binary_tfidf_logistic,E-DAIC,Text,binary depression classification,TF-IDF + Logistic (middle_50),4,binary_classification,Macro-F1,0.4343434343434343,0.4042553191489362,0.4666666666666667,56
edaic_protocol_middle_50_binary_tfidf_logistic,E-DAIC,Text,binary depression classification,TF-IDF + Logistic (middle_50),4,binary_classification,Balanced Accuracy,0.48863636363636365,0.4650955149501661,0.5,56
edaic_protocol_middle_50_binary_tfidf_logistic,E-DAIC,Text,binary depression classification,TF-IDF + Logistic (middle_50),4,binary_classification,AUROC,0.6439393939393939,0.4702443677325581,0.8277328220249138,56
edaic_protocol_middle_50_binary_tfidf_logistic,E-DAIC,Text,binary depression classification,TF-IDF + Logistic (middle_50),4,binary_classification,AUPRC,0.3592951249530197,0.17563779992834624,0.6320425065995283,56
edaic_protocol_middle_50_binary_tfidf_logistic,E-DAIC,Text,binary depression classification,TF-IDF + Logistic (middle_50),4,binary_classification,ECE,0.21384361901954768,0.12992831134814214,0.31926540851112667,56
edaic_protocol_middle_50_binary_tfidf_logistic,E-DAIC,Text,binary depression classification,TF-IDF + Logistic (middle_50),4,binary_classification,Brier Score,0.21053683824209588,0.19438639803297666,0.2243796089085537,56
edaic_protocol_middle_50_phq8_tfidf_ridge,E-DAIC,Text,PHQ-8 regression,TF-IDF + Ridge (middle_50),0,severity_regression,CCC,0.027474941530167964,0.011805917955901912,0.03935512332040367,56
edaic_protocol_middle_50_phq8_tfidf_ridge,E-DAIC,Text,PHQ-8 regression,TF-IDF + Ridge (middle_50),0,severity_regression,MAE,4.713526786770834,3.85378192407644,5.438661593900754,56
edaic_protocol_middle_50_phq8_tfidf_ridge,E-DAIC,Text,PHQ-8 regression,TF-IDF + Ridge (middle_50),0,severity_regression,RMSE,5.609464925437779,4.694260179573799,6.356733377810443,56
edaic_protocol_middle_50_phq8_tfidf_ridge,E-DAIC,Text,PHQ-8 regression,TF-IDF + Ridge (middle_50),0,severity_regression,Spearman,0.4329540658218101,0.1776940729727178,0.6834959432217785,56
edaic_protocol_middle_50_phq8_tfidf_ridge,E-DAIC,Text,PHQ-8 regression,TF-IDF + Ridge (middle_50),1,severity_regression,CCC,0.027474941530167964,0.011805917955901912,0.03935512332040367,56
edaic_protocol_middle_50_phq8_tfidf_ridge,E-DAIC,Text,PHQ-8 regression,TF-IDF + Ridge (middle_50),1,severity_regression,MAE,4.713526786770834,3.85378192407644,5.438661593900754,56
edaic_protocol_middle_50_phq8_tfidf_ridge,E-DAIC,Text,PHQ-8 regression,TF-IDF + Ridge (middle_50),1,severity_regression,RMSE,5.609464925437779,4.694260179573799,6.356733377810443,56
edaic_protocol_middle_50_phq8_tfidf_ridge,E-DAIC,Text,PHQ-8 regression,TF-IDF + Ridge (middle_50),1,severity_regression,Spearman,0.4329540658218101,0.1776940729727178,0.6834959432217785,56
edaic_protocol_middle_50_phq8_tfidf_ridge,E-DAIC,Text,PHQ-8 regression,TF-IDF + Ridge (middle_50),2,severity_regression,CCC,0.027474941530167964,0.011805917955901912,0.03935512332040367,56
edaic_protocol_middle_50_phq8_tfidf_ridge,E-DAIC,Text,PHQ-8 regression,TF-IDF + Ridge (middle_50),2,severity_regression,MAE,4.713526786770834,3.85378192407644,5.438661593900754,56
edaic_protocol_middle_50_phq8_tfidf_ridge,E-DAIC,Text,PHQ-8 regression,TF-IDF + Ridge (middle_50),2,severity_regression,RMSE,5.609464925437779,4.694260179573799,6.356733377810443,56
edaic_protocol_middle_50_phq8_tfidf_ridge,E-DAIC,Text,PHQ-8 regression,TF-IDF + Ridge (middle_50),2,severity_regression,Spearman,0.4329540658218101,0.1776940729727178,0.6834959432217785,56
edaic_protocol_middle_50_phq8_tfidf_ridge,E-DAIC,Text,PHQ-8 regression,TF-IDF + Ridge (middle_50),3,severity_regression,CCC,0.027474941530167964,0.011805917955901912,0.03935512332040367,56
edaic_protocol_middle_50_phq8_tfidf_ridge,E-DAIC,Text,PHQ-8 regression,TF-IDF + Ridge (middle_50),3,severity_regression,MAE,4.713526786770834,3.85378192407644,5.438661593900754,56
edaic_protocol_middle_50_phq8_tfidf_ridge,E-DAIC,Text,PHQ-8 regression,TF-IDF + Ridge (middle_50),3,severity_regression,RMSE,5.609464925437779,4.694260179573799,6.356733377810443,56
edaic_protocol_middle_50_phq8_tfidf_ridge,E-DAIC,Text,PHQ-8 regression,TF-IDF + Ridge (middle_50),3,severity_regression,Spearman,0.4329540658218101,0.1776940729727178,0.6834959432217785,56
edaic_protocol_middle_50_phq8_tfidf_ridge,E-DAIC,Text,PHQ-8 regression,TF-IDF + Ridge (middle_50),4,severity_regression,CCC,0.027474941530167964,0.011805917955901912,0.03935512332040367,56
edaic_protocol_middle_50_phq8_tfidf_ridge,E-DAIC,Text,PHQ-8 regression,TF-IDF + Ridge (middle_50),4,severity_regression,MAE,4.713526786770834,3.85378192407644,5.438661593900754,56
edaic_protocol_middle_50_phq8_tfidf_ridge,E-DAIC,Text,PHQ-8 regression,TF-IDF + Ridge (middle_50),4,severity_regression,RMSE,5.609464925437779,4.694260179573799,6.356733377810443,56
edaic_protocol_middle_50_phq8_tfidf_ridge,E-DAIC,Text,PHQ-8 regression,TF-IDF + Ridge (middle_50),4,severity_regression,Spearman,0.4329540658218101,0.1776940729727178,0.6834959432217785,56
edaic_protocol_train_repeated_turns_only_binary_tfidf_logistic,E-DAIC,Text,binary depression classification,TF-IDF + Logistic (train_repeated_turns_only),0,binary_classification,Macro-F1,0.620868180007965,0.47600858046063527,0.7210227868157876,56
edaic_protocol_train_repeated_turns_only_binary_tfidf_logistic,E-DAIC,Text,binary depression classification,TF-IDF + Logistic (train_repeated_turns_only),0,binary_classification,Balanced Accuracy,0.6553030303030303,0.4895596590909091,0.7917729591836735,56
edaic_protocol_train_repeated_turns_only_binary_tfidf_logistic,E-DAIC,Text,binary depression classification,TF-IDF + Logistic (train_repeated_turns_only),0,binary_classification,AUROC,0.615530303030303,0.41090813224986045,0.77002065111759,56
edaic_protocol_train_repeated_turns_only_binary_tfidf_logistic,E-DAIC,Text,binary depression classification,TF-IDF + Logistic (train_repeated_turns_only),0,binary_classification,AUPRC,0.314539350113423,0.1482292118145561,0.5393024452819623,56
edaic_protocol_train_repeated_turns_only_binary_tfidf_logistic,E-DAIC,Text,binary depression classification,TF-IDF + Logistic (train_repeated_turns_only),0,binary_classification,ECE,0.22841787522198526,0.1638187135224829,0.33156767693447564,56
edaic_protocol_train_repeated_turns_only_binary_tfidf_logistic,E-DAIC,Text,binary depression classification,TF-IDF + Logistic (train_repeated_turns_only),0,binary_classification,Brier Score,0.21598772589145035,0.19355021725668542,0.2400413731282888,56
edaic_protocol_train_repeated_turns_only_binary_tfidf_logistic,E-DAIC,Text,binary depression classification,TF-IDF + Logistic (train_repeated_turns_only),1,binary_classification,Macro-F1,0.620868180007965,0.47600858046063527,0.7210227868157876,56
edaic_protocol_train_repeated_turns_only_binary_tfidf_logistic,E-DAIC,Text,binary depression classification,TF-IDF + Logistic (train_repeated_turns_only),1,binary_classification,Balanced Accuracy,0.6553030303030303,0.4895596590909091,0.7917729591836735,56
edaic_protocol_train_repeated_turns_only_binary_tfidf_logistic,E-DAIC,Text,binary depression classification,TF-IDF + Logistic (train_repeated_turns_only),1,binary_classification,AUROC,0.615530303030303,0.41090813224986045,0.77002065111759,56
edaic_protocol_train_repeated_turns_only_binary_tfidf_logistic,E-DAIC,Text,binary depression classification,TF-IDF + Logistic (train_repeated_turns_only),1,binary_classification,AUPRC,0.314539350113423,0.1482292118145561,0.5393024452819623,56
edaic_protocol_train_repeated_turns_only_binary_tfidf_logistic,E-DAIC,Text,binary depression classification,TF-IDF + Logistic (train_repeated_turns_only),1,binary_classification,ECE,0.22841787522198526,0.1638187135224829,0.33156767693447564,56
edaic_protocol_train_repeated_turns_only_binary_tfidf_logistic,E-DAIC,Text,binary depression classification,TF-IDF + Logistic (train_repeated_turns_only),1,binary_classification,Brier Score,0.21598772589145035,0.19355021725668542,0.2400413731282888,56
edaic_protocol_train_repeated_turns_only_binary_tfidf_logistic,E-DAIC,Text,binary depression classification,TF-IDF + Logistic (train_repeated_turns_only),2,binary_classification,Macro-F1,0.620868180007965,0.47600858046063527,0.7210227868157876,56
edaic_protocol_train_repeated_turns_only_binary_tfidf_logistic,E-DAIC,Text,binary depression classification,TF-IDF + Logistic (train_repeated_turns_only),2,binary_classification,Balanced Accuracy,0.6553030303030303,0.4895596590909091,0.7917729591836735,56
edaic_protocol_train_repeated_turns_only_binary_tfidf_logistic,E-DAIC,Text,binary depression classification,TF-IDF + Logistic (train_repeated_turns_only),2,binary_classification,AUROC,0.615530303030303,0.41090813224986045,0.77002065111759,56
edaic_protocol_train_repeated_turns_only_binary_tfidf_logistic,E-DAIC,Text,binary depression classification,TF-IDF + Logistic (train_repeated_turns_only),2,binary_classification,AUPRC,0.314539350113423,0.1482292118145561,0.5393024452819623,56
edaic_protocol_train_repeated_turns_only_binary_tfidf_logistic,E-DAIC,Text,binary depression classification,TF-IDF + Logistic (train_repeated_turns_only),2,binary_classification,ECE,0.22841787522198526,0.1638187135224829,0.33156767693447564,56
edaic_protocol_train_repeated_turns_only_binary_tfidf_logistic,E-DAIC,Text,binary depression classification,TF-IDF + Logistic (train_repeated_turns_only),2,binary_classification,Brier Score,0.21598772589145035,0.19355021725668542,0.2400413731282888,56
edaic_protocol_train_repeated_turns_only_binary_tfidf_logistic,E-DAIC,Text,binary depression classification,TF-IDF + Logistic (train_repeated_turns_only),3,binary_classification,Macro-F1,0.620868180007965,0.47600858046063527,0.7210227868157876,56
edaic_protocol_train_repeated_turns_only_binary_tfidf_logistic,E-DAIC,Text,binary depression classification,TF-IDF + Logistic (train_repeated_turns_only),3,binary_classification,Balanced Accuracy,0.6553030303030303,0.4895596590909091,0.7917729591836735,56
edaic_protocol_train_repeated_turns_only_binary_tfidf_logistic,E-DAIC,Text,binary depression classification,TF-IDF + Logistic (train_repeated_turns_only),3,binary_classification,AUROC,0.615530303030303,0.41090813224986045,0.77002065111759,56
edaic_protocol_train_repeated_turns_only_binary_tfidf_logistic,E-DAIC,Text,binary depression classification,TF-IDF + Logistic (train_repeated_turns_only),3,binary_classification,AUPRC,0.314539350113423,0.1482292118145561,0.5393024452819623,56
edaic_protocol_train_repeated_turns_only_binary_tfidf_logistic,E-DAIC,Text,binary depression classification,TF-IDF + Logistic (train_repeated_turns_only),3,binary_classification,ECE,0.22841787522198526,0.1638187135224829,0.33156767693447564,56
edaic_protocol_train_repeated_turns_only_binary_tfidf_logistic,E-DAIC,Text,binary depression classification,TF-IDF + Logistic (train_repeated_turns_only),3,binary_classification,Brier Score,0.21598772589145035,0.19355021725668542,0.2400413731282888,56
edaic_protocol_train_repeated_turns_only_binary_tfidf_logistic,E-DAIC,Text,binary depression classification,TF-IDF + Logistic (train_repeated_turns_only),4,binary_classification,Macro-F1,0.620868180007965,0.47600858046063527,0.7210227868157876,56
edaic_protocol_train_repeated_turns_only_binary_tfidf_logistic,E-DAIC,Text,binary depression classification,TF-IDF + Logistic (train_repeated_turns_only),4,binary_classification,Balanced Accuracy,0.6553030303030303,0.4895596590909091,0.7917729591836735,56
edaic_protocol_train_repeated_turns_only_binary_tfidf_logistic,E-DAIC,Text,binary depression classification,TF-IDF + Logistic (train_repeated_turns_only),4,binary_classification,AUROC,0.615530303030303,0.41090813224986045,0.77002065111759,56
edaic_protocol_train_repeated_turns_only_binary_tfidf_logistic,E-DAIC,Text,binary depression classification,TF-IDF + Logistic (train_repeated_turns_only),4,binary_classification,AUPRC,0.314539350113423,0.1482292118145561,0.5393024452819623,56
edaic_protocol_train_repeated_turns_only_binary_tfidf_logistic,E-DAIC,Text,binary depression classification,TF-IDF + Logistic (train_repeated_turns_only),4,binary_classification,ECE,0.22841787522198526,0.1638187135224829,0.33156767693447564,56
edaic_protocol_train_repeated_turns_only_binary_tfidf_logistic,E-DAIC,Text,binary depression classification,TF-IDF + Logistic (train_repeated_turns_only),4,binary_classification,Brier Score,0.21598772589145035,0.19355021725668542,0.2400413731282888,56
edaic_protocol_train_repeated_turns_only_phq8_tfidf_ridge,E-DAIC,Text,PHQ-8 regression,TF-IDF + Ridge (train_repeated_turns_only),0,severity_regression,CCC,0.049599825052380225,-0.017783147590536418,0.11008191792771396,56
edaic_protocol_train_repeated_turns_only_phq8_tfidf_ridge,E-DAIC,Text,PHQ-8 regression,TF-IDF + Ridge (train_repeated_turns_only),0,severity_regression,MAE,4.657964006999075,3.7704239979850027,5.412085030400037,56
edaic_protocol_train_repeated_turns_only_phq8_tfidf_ridge,E-DAIC,Text,PHQ-8 regression,TF-IDF + Ridge (train_repeated_turns_only),0,severity_regression,RMSE,5.578365392573798,4.6086445865396035,6.408078699936581,56
edaic_protocol_train_repeated_turns_only_phq8_tfidf_ridge,E-DAIC,Text,PHQ-8 regression,TF-IDF + Ridge (train_repeated_turns_only),0,severity_regression,Spearman,0.22932601441896971,-0.07949859061841515,0.4787507976274438,56
edaic_protocol_train_repeated_turns_only_phq8_tfidf_ridge,E-DAIC,Text,PHQ-8 regression,TF-IDF + Ridge (train_repeated_turns_only),1,severity_regression,CCC,0.049599825052380225,-0.017783147590536418,0.11008191792771396,56
edaic_protocol_train_repeated_turns_only_phq8_tfidf_ridge,E-DAIC,Text,PHQ-8 regression,TF-IDF + Ridge (train_repeated_turns_only),1,severity_regression,MAE,4.657964006999075,3.7704239979850027,5.412085030400037,56
edaic_protocol_train_repeated_turns_only_phq8_tfidf_ridge,E-DAIC,Text,PHQ-8 regression,TF-IDF + Ridge (train_repeated_turns_only),1,severity_regression,RMSE,5.578365392573798,4.6086445865396035,6.408078699936581,56
edaic_protocol_train_repeated_turns_only_phq8_tfidf_ridge,E-DAIC,Text,PHQ-8 regression,TF-IDF + Ridge (train_repeated_turns_only),1,severity_regression,Spearman,0.22932601441896971,-0.07949859061841515,0.4787507976274438,56
edaic_protocol_train_repeated_turns_only_phq8_tfidf_ridge,E-DAIC,Text,PHQ-8 regression,TF-IDF + Ridge (train_repeated_turns_only),2,severity_regression,CCC,0.049599825052380225,-0.017783147590536418,0.11008191792771396,56
edaic_protocol_train_repeated_turns_only_phq8_tfidf_ridge,E-DAIC,Text,PHQ-8 regression,TF-IDF + Ridge (train_repeated_turns_only),2,severity_regression,MAE,4.657964006999075,3.7704239979850027,5.412085030400037,56
edaic_protocol_train_repeated_turns_only_phq8_tfidf_ridge,E-DAIC,Text,PHQ-8 regression,TF-IDF + Ridge (train_repeated_turns_only),2,severity_regression,RMSE,5.578365392573798,4.6086445865396035,6.408078699936581,56
edaic_protocol_train_repeated_turns_only_phq8_tfidf_ridge,E-DAIC,Text,PHQ-8 regression,TF-IDF + Ridge (train_repeated_turns_only),2,severity_regression,Spearman,0.22932601441896971,-0.07949859061841515,0.4787507976274438,56
edaic_protocol_train_repeated_turns_only_phq8_tfidf_ridge,E-DAIC,Text,PHQ-8 regression,TF-IDF + Ridge (train_repeated_turns_only),3,severity_regression,CCC,0.049599825052380225,-0.017783147590536418,0.11008191792771396,56
edaic_protocol_train_repeated_turns_only_phq8_tfidf_ridge,E-DAIC,Text,PHQ-8 regression,TF-IDF + Ridge (train_repeated_turns_only),3,severity_regression,MAE,4.657964006999075,3.7704239979850027,5.412085030400037,56
edaic_protocol_train_repeated_turns_only_phq8_tfidf_ridge,E-DAIC,Text,PHQ-8 regression,TF-IDF + Ridge (train_repeated_turns_only),3,severity_regression,RMSE,5.578365392573798,4.6086445865396035,6.408078699936581,56
edaic_protocol_train_repeated_turns_only_phq8_tfidf_ridge,E-DAIC,Text,PHQ-8 regression,TF-IDF + Ridge (train_repeated_turns_only),3,severity_regression,Spearman,0.22932601441896971,-0.07949859061841515,0.4787507976274438,56
edaic_protocol_train_repeated_turns_only_phq8_tfidf_ridge,E-DAIC,Text,PHQ-8 regression,TF-IDF + Ridge (train_repeated_turns_only),4,severity_regression,CCC,0.049599825052380225,-0.017783147590536418,0.11008191792771396,56
edaic_protocol_train_repeated_turns_only_phq8_tfidf_ridge,E-DAIC,Text,PHQ-8 regression,TF-IDF + Ridge (train_repeated_turns_only),4,severity_regression,MAE,4.657964006999075,3.7704239979850027,5.412085030400037,56
edaic_protocol_train_repeated_turns_only_phq8_tfidf_ridge,E-DAIC,Text,PHQ-8 regression,TF-IDF + Ridge (train_repeated_turns_only),4,severity_regression,RMSE,5.578365392573798,4.6086445865396035,6.408078699936581,56
edaic_protocol_train_repeated_turns_only_phq8_tfidf_ridge,E-DAIC,Text,PHQ-8 regression,TF-IDF + Ridge (train_repeated_turns_only),4,severity_regression,Spearman,0.22932601441896971,-0.07949859061841515,0.4787507976274438,56
edaic_protocol_train_repeated_turns_removed_binary_tfidf_logistic,E-DAIC,Text,binary depression classification,TF-IDF + Logistic (train_repeated_turns_removed),0,binary_classification,Macro-F1,0.44,0.4105263157894737,0.47169811320754723,56
edaic_protocol_train_repeated_turns_removed_binary_tfidf_logistic,E-DAIC,Text,binary depression classification,TF-IDF + Logistic (train_repeated_turns_removed),0,binary_classification,Balanced Accuracy,0.5,0.5,0.5,56
edaic_protocol_train_repeated_turns_removed_binary_tfidf_logistic,E-DAIC,Text,binary depression classification,TF-IDF + Logistic (train_repeated_turns_removed),0,binary_classification,AUROC,0.5833333333333334,0.3934727032822036,0.7850156688108197,56
edaic_protocol_train_repeated_turns_removed_binary_tfidf_logistic,E-DAIC,Text,binary depression classification,TF-IDF + Logistic (train_repeated_turns_removed),0,binary_classification,AUPRC,0.3791621504928999,0.13918156540161858,0.6154212470719975,56
edaic_protocol_train_repeated_turns_removed_binary_tfidf_logistic,E-DAIC,Text,binary depression classification,TF-IDF + Logistic (train_repeated_turns_removed),0,binary_classification,ECE,0.21613907877786181,0.12832903739531734,0.32182814265659937,56
edaic_protocol_train_repeated_turns_removed_binary_tfidf_logistic,E-DAIC,Text,binary depression classification,TF-IDF + Logistic (train_repeated_turns_removed),0,binary_classification,Brier Score,0.21248829546312634,0.19769022414113036,0.22523967566179517,56
edaic_protocol_train_repeated_turns_removed_binary_tfidf_logistic,E-DAIC,Text,binary depression classification,TF-IDF + Logistic (train_repeated_turns_removed),1,binary_classification,Macro-F1,0.44,0.4105263157894737,0.47169811320754723,56
edaic_protocol_train_repeated_turns_removed_binary_tfidf_logistic,E-DAIC,Text,binary depression classification,TF-IDF + Logistic (train_repeated_turns_removed),1,binary_classification,Balanced Accuracy,0.5,0.5,0.5,56
edaic_protocol_train_repeated_turns_removed_binary_tfidf_logistic,E-DAIC,Text,binary depression classification,TF-IDF + Logistic (train_repeated_turns_removed),1,binary_classification,AUROC,0.5833333333333334,0.3934727032822036,0.7850156688108197,56
edaic_protocol_train_repeated_turns_removed_binary_tfidf_logistic,E-DAIC,Text,binary depression classification,TF-IDF + Logistic (train_repeated_turns_removed),1,binary_classification,AUPRC,0.3791621504928999,0.13918156540161858,0.6154212470719975,56
edaic_protocol_train_repeated_turns_removed_binary_tfidf_logistic,E-DAIC,Text,binary depression classification,TF-IDF + Logistic (train_repeated_turns_removed),1,binary_classification,ECE,0.21613907877786181,0.12832903739531734,0.32182814265659937,56
edaic_protocol_train_repeated_turns_removed_binary_tfidf_logistic,E-DAIC,Text,binary depression classification,TF-IDF + Logistic (train_repeated_turns_removed),1,binary_classification,Brier Score,0.21248829546312634,0.19769022414113036,0.22523967566179517,56
edaic_protocol_train_repeated_turns_removed_binary_tfidf_logistic,E-DAIC,Text,binary depression classification,TF-IDF + Logistic (train_repeated_turns_removed),2,binary_classification,Macro-F1,0.44,0.4105263157894737,0.47169811320754723,56
edaic_protocol_train_repeated_turns_removed_binary_tfidf_logistic,E-DAIC,Text,binary depression classification,TF-IDF + Logistic (train_repeated_turns_removed),2,binary_classification,Balanced Accuracy,0.5,0.5,0.5,56
edaic_protocol_train_repeated_turns_removed_binary_tfidf_logistic,E-DAIC,Text,binary depression classification,TF-IDF + Logistic (train_repeated_turns_removed),2,binary_classification,AUROC,0.5833333333333334,0.3934727032822036,0.7850156688108197,56
edaic_protocol_train_repeated_turns_removed_binary_tfidf_logistic,E-DAIC,Text,binary depression classification,TF-IDF + Logistic (train_repeated_turns_removed),2,binary_classification,AUPRC,0.3791621504928999,0.13918156540161858,0.6154212470719975,56
edaic_protocol_train_repeated_turns_removed_binary_tfidf_logistic,E-DAIC,Text,binary depression classification,TF-IDF + Logistic (train_repeated_turns_removed),2,binary_classification,ECE,0.21613907877786181,0.12832903739531734,0.32182814265659937,56
edaic_protocol_train_repeated_turns_removed_binary_tfidf_logistic,E-DAIC,Text,binary depression classification,TF-IDF + Logistic (train_repeated_turns_removed),2,binary_classification,Brier Score,0.21248829546312634,0.19769022414113036,0.22523967566179517,56
edaic_protocol_train_repeated_turns_removed_binary_tfidf_logistic,E-DAIC,Text,binary depression classification,TF-IDF + Logistic (train_repeated_turns_removed),3,binary_classification,Macro-F1,0.44,0.4105263157894737,0.47169811320754723,56
edaic_protocol_train_repeated_turns_removed_binary_tfidf_logistic,E-DAIC,Text,binary depression classification,TF-IDF + Logistic (train_repeated_turns_removed),3,binary_classification,Balanced Accuracy,0.5,0.5,0.5,56
edaic_protocol_train_repeated_turns_removed_binary_tfidf_logistic,E-DAIC,Text,binary depression classification,TF-IDF + Logistic (train_repeated_turns_removed),3,binary_classification,AUROC,0.5833333333333334,0.3934727032822036,0.7850156688108197,56
edaic_protocol_train_repeated_turns_removed_binary_tfidf_logistic,E-DAIC,Text,binary depression classification,TF-IDF + Logistic (train_repeated_turns_removed),3,binary_classification,AUPRC,0.3791621504928999,0.13918156540161858,0.6154212470719975,56
edaic_protocol_train_repeated_turns_removed_binary_tfidf_logistic,E-DAIC,Text,binary depression classification,TF-IDF + Logistic (train_repeated_turns_removed),3,binary_classification,ECE,0.21613907877786181,0.12832903739531734,0.32182814265659937,56
edaic_protocol_train_repeated_turns_removed_binary_tfidf_logistic,E-DAIC,Text,binary depression classification,TF-IDF + Logistic (train_repeated_turns_removed),3,binary_classification,Brier Score,0.21248829546312634,0.19769022414113036,0.22523967566179517,56
edaic_protocol_train_repeated_turns_removed_binary_tfidf_logistic,E-DAIC,Text,binary depression classification,TF-IDF + Logistic (train_repeated_turns_removed),4,binary_classification,Macro-F1,0.44,0.4105263157894737,0.47169811320754723,56
edaic_protocol_train_repeated_turns_removed_binary_tfidf_logistic,E-DAIC,Text,binary depression classification,TF-IDF + Logistic (train_repeated_turns_removed),4,binary_classification,Balanced Accuracy,0.5,0.5,0.5,56
edaic_protocol_train_repeated_turns_removed_binary_tfidf_logistic,E-DAIC,Text,binary depression classification,TF-IDF + Logistic (train_repeated_turns_removed),4,binary_classification,AUROC,0.5833333333333334,0.3934727032822036,0.7850156688108197,56
edaic_protocol_train_repeated_turns_removed_binary_tfidf_logistic,E-DAIC,Text,binary depression classification,TF-IDF + Logistic (train_repeated_turns_removed),4,binary_classification,AUPRC,0.3791621504928999,0.13918156540161858,0.6154212470719975,56
edaic_protocol_train_repeated_turns_removed_binary_tfidf_logistic,E-DAIC,Text,binary depression classification,TF-IDF + Logistic (train_repeated_turns_removed),4,binary_classification,ECE,0.21613907877786181,0.12832903739531734,0.32182814265659937,56
edaic_protocol_train_repeated_turns_removed_binary_tfidf_logistic,E-DAIC,Text,binary depression classification,TF-IDF + Logistic (train_repeated_turns_removed),4,binary_classification,Brier Score,0.21248829546312634,0.19769022414113036,0.22523967566179517,56
edaic_protocol_train_repeated_turns_removed_phq8_tfidf_ridge,E-DAIC,Text,PHQ-8 regression,TF-IDF + Ridge (train_repeated_turns_removed),0,severity_regression,CCC,0.013681490822216697,0.0033048672580259,0.02258785795666494,56
edaic_protocol_train_repeated_turns_removed_phq8_tfidf_ridge,E-DAIC,Text,PHQ-8 regression,TF-IDF + Ridge (train_repeated_turns_removed),0,severity_regression,MAE,4.746261601238731,3.8939848661681715,5.489709728536394,56
edaic_protocol_train_repeated_turns_removed_phq8_tfidf_ridge,E-DAIC,Text,PHQ-8 regression,TF-IDF + Ridge (train_repeated_turns_removed),0,severity_regression,RMSE,5.647610592616462,4.729897602661765,6.406434204205605,56
edaic_protocol_train_repeated_turns_removed_phq8_tfidf_ridge,E-DAIC,Text,PHQ-8 regression,TF-IDF + Ridge (train_repeated_turns_removed),0,severity_regression,Spearman,0.32920154224267123,0.0223382014011201,0.6113707139297645,56
edaic_protocol_train_repeated_turns_removed_phq8_tfidf_ridge,E-DAIC,Text,PHQ-8 regression,TF-IDF + Ridge (train_repeated_turns_removed),1,severity_regression,CCC,0.013681490822216697,0.0033048672580259,0.02258785795666494,56
edaic_protocol_train_repeated_turns_removed_phq8_tfidf_ridge,E-DAIC,Text,PHQ-8 regression,TF-IDF + Ridge (train_repeated_turns_removed),1,severity_regression,MAE,4.746261601238731,3.8939848661681715,5.489709728536394,56
edaic_protocol_train_repeated_turns_removed_phq8_tfidf_ridge,E-DAIC,Text,PHQ-8 regression,TF-IDF + Ridge (train_repeated_turns_removed),1,severity_regression,RMSE,5.647610592616462,4.729897602661765,6.406434204205605,56
edaic_protocol_train_repeated_turns_removed_phq8_tfidf_ridge,E-DAIC,Text,PHQ-8 regression,TF-IDF + Ridge (train_repeated_turns_removed),1,severity_regression,Spearman,0.32920154224267123,0.0223382014011201,0.6113707139297645,56
edaic_protocol_train_repeated_turns_removed_phq8_tfidf_ridge,E-DAIC,Text,PHQ-8 regression,TF-IDF + Ridge (train_repeated_turns_removed),2,severity_regression,CCC,0.013681490822216697,0.0033048672580259,0.02258785795666494,56
edaic_protocol_train_repeated_turns_removed_phq8_tfidf_ridge,E-DAIC,Text,PHQ-8 regression,TF-IDF + Ridge (train_repeated_turns_removed),2,severity_regression,MAE,4.746261601238731,3.8939848661681715,5.489709728536394,56
edaic_protocol_train_repeated_turns_removed_phq8_tfidf_ridge,E-DAIC,Text,PHQ-8 regression,TF-IDF + Ridge (train_repeated_turns_removed),2,severity_regression,RMSE,5.647610592616462,4.729897602661765,6.406434204205605,56
edaic_protocol_train_repeated_turns_removed_phq8_tfidf_ridge,E-DAIC,Text,PHQ-8 regression,TF-IDF + Ridge (train_repeated_turns_removed),2,severity_regression,Spearman,0.32920154224267123,0.0223382014011201,0.6113707139297645,56
edaic_protocol_train_repeated_turns_removed_phq8_tfidf_ridge,E-DAIC,Text,PHQ-8 regression,TF-IDF + Ridge (train_repeated_turns_removed),3,severity_regression,CCC,0.013681490822216697,0.0033048672580259,0.02258785795666494,56
edaic_protocol_train_repeated_turns_removed_phq8_tfidf_ridge,E-DAIC,Text,PHQ-8 regression,TF-IDF + Ridge (train_repeated_turns_removed),3,severity_regression,MAE,4.746261601238731,3.8939848661681715,5.489709728536394,56
edaic_protocol_train_repeated_turns_removed_phq8_tfidf_ridge,E-DAIC,Text,PHQ-8 regression,TF-IDF + Ridge (train_repeated_turns_removed),3,severity_regression,RMSE,5.647610592616462,4.729897602661765,6.406434204205605,56
edaic_protocol_train_repeated_turns_removed_phq8_tfidf_ridge,E-DAIC,Text,PHQ-8 regression,TF-IDF + Ridge (train_repeated_turns_removed),3,severity_regression,Spearman,0.32920154224267123,0.0223382014011201,0.6113707139297645,56
edaic_protocol_train_repeated_turns_removed_phq8_tfidf_ridge,E-DAIC,Text,PHQ-8 regression,TF-IDF + Ridge (train_repeated_turns_removed),4,severity_regression,CCC,0.013681490822216697,0.0033048672580259,0.02258785795666494,56
edaic_protocol_train_repeated_turns_removed_phq8_tfidf_ridge,E-DAIC,Text,PHQ-8 regression,TF-IDF + Ridge (train_repeated_turns_removed),4,severity_regression,MAE,4.746261601238731,3.8939848661681715,5.489709728536394,56
edaic_protocol_train_repeated_turns_removed_phq8_tfidf_ridge,E-DAIC,Text,PHQ-8 regression,TF-IDF + Ridge (train_repeated_turns_removed),4,severity_regression,RMSE,5.647610592616462,4.729897602661765,6.406434204205605,56
edaic_protocol_train_repeated_turns_removed_phq8_tfidf_ridge,E-DAIC,Text,PHQ-8 regression,TF-IDF + Ridge (train_repeated_turns_removed),4,severity_regression,Spearman,0.32920154224267123,0.0223382014011201,0.6113707139297645,56
