run_id,dataset,target,control_id,seed,fold,train_subjects,validation_subjects,train_empty_documents,validation_empty_documents,status,blocker,ridge_alpha,clip_regression_to_train,clip_low,clip_high,clipped_predictions,logistic_c
edaic_protocol_full_dialogue_phq8_tfidf_ridge,E-DAIC,phq8_total,full_dialogue,0,official_dev,163,56,0,0,completed,,10.0,True,0.0,23.0,0.0,
edaic_protocol_full_dialogue_phq8_tfidf_ridge,E-DAIC,phq8_total,full_dialogue,1,official_dev,163,56,0,0,completed,,10.0,True,0.0,23.0,0.0,
edaic_protocol_full_dialogue_phq8_tfidf_ridge,E-DAIC,phq8_total,full_dialogue,2,official_dev,163,56,0,0,completed,,10.0,True,0.0,23.0,0.0,
edaic_protocol_full_dialogue_phq8_tfidf_ridge,E-DAIC,phq8_total,full_dialogue,3,official_dev,163,56,0,0,completed,,10.0,True,0.0,23.0,0.0,
edaic_protocol_full_dialogue_phq8_tfidf_ridge,E-DAIC,phq8_total,full_dialogue,4,official_dev,163,56,0,0,completed,,10.0,True,0.0,23.0,0.0,
edaic_protocol_full_dialogue_binary_tfidf_logistic,E-DAIC,binary_label,full_dialogue,0,official_dev,163,56,0,0,completed,,,,,,,1.0
edaic_protocol_full_dialogue_binary_tfidf_logistic,E-DAIC,binary_label,full_dialogue,1,official_dev,163,56,0,0,completed,,,,,,,1.0
edaic_protocol_full_dialogue_binary_tfidf_logistic,E-DAIC,binary_label,full_dialogue,2,official_dev,163,56,0,0,completed,,,,,,,1.0
edaic_protocol_full_dialogue_binary_tfidf_logistic,E-DAIC,binary_label,full_dialogue,3,official_dev,163,56,0,0,completed,,,,,,,1.0
edaic_protocol_full_dialogue_binary_tfidf_logistic,E-DAIC,binary_label,full_dialogue,4,official_dev,163,56,0,0,completed,,,,,,,1.0
edaic_protocol_front_25_phq8_tfidf_ridge,E-DAIC,phq8_total,front_25,0,official_dev,163,56,0,0,completed,,10.0,True,0.0,23.0,0.0,
edaic_protocol_front_25_phq8_tfidf_ridge,E-DAIC,phq8_total,front_25,1,official_dev,163,56,0,0,completed,,10.0,True,0.0,23.0,0.0,
edaic_protocol_front_25_phq8_tfidf_ridge,E-DAIC,phq8_total,front_25,2,official_dev,163,56,0,0,completed,,10.0,True,0.0,23.0,0.0,
edaic_protocol_front_25_phq8_tfidf_ridge,E-DAIC,phq8_total,front_25,3,official_dev,163,56,0,0,completed,,10.0,True,0.0,23.0,0.0,
edaic_protocol_front_25_phq8_tfidf_ridge,E-DAIC,phq8_total,front_25,4,official_dev,163,56,0,0,completed,,10.0,True,0.0,23.0,0.0,
edaic_protocol_front_25_binary_tfidf_logistic,E-DAIC,binary_label,front_25,0,official_dev,163,56,0,0,completed,,,,,,,1.0
edaic_protocol_front_25_binary_tfidf_logistic,E-DAIC,binary_label,front_25,1,official_dev,163,56,0,0,completed,,,,,,,1.0
edaic_protocol_front_25_binary_tfidf_logistic,E-DAIC,binary_label,front_25,2,official_dev,163,56,0,0,completed,,,,,,,1.0
edaic_protocol_front_25_binary_tfidf_logistic,E-DAIC,binary_label,front_25,3,official_dev,163,56,0,0,completed,,,,,,,1.0
edaic_protocol_front_25_binary_tfidf_logistic,E-DAIC,binary_label,front_25,4,official_dev,163,56,0,0,completed,,,,,,,1.0
edaic_protocol_middle_50_phq8_tfidf_ridge,E-DAIC,phq8_total,middle_50,0,official_dev,163,56,0,0,completed,,10.0,True,0.0,23.0,0.0,
edaic_protocol_middle_50_phq8_tfidf_ridge,E-DAIC,phq8_total,middle_50,1,official_dev,163,56,0,0,completed,,10.0,True,0.0,23.0,0.0,
edaic_protocol_middle_50_phq8_tfidf_ridge,E-DAIC,phq8_total,middle_50,2,official_dev,163,56,0,0,completed,,10.0,True,0.0,23.0,0.0,
edaic_protocol_middle_50_phq8_tfidf_ridge,E-DAIC,phq8_total,middle_50,3,official_dev,163,56,0,0,completed,,10.0,True,0.0,23.0,0.0,
edaic_protocol_middle_50_phq8_tfidf_ridge,E-DAIC,phq8_total,middle_50,4,official_dev,163,56,0,0,completed,,10.0,True,0.0,23.0,0.0,
edaic_protocol_middle_50_binary_tfidf_logistic,E-DAIC,binary_label,middle_50,0,official_dev,163,56,0,0,completed,,,,,,,1.0
edaic_protocol_middle_50_binary_tfidf_logistic,E-DAIC,binary_label,middle_50,1,official_dev,163,56,0,0,completed,,,,,,,1.0
edaic_protocol_middle_50_binary_tfidf_logistic,E-DAIC,binary_label,middle_50,2,official_dev,163,56,0,0,completed,,,,,,,1.0
edaic_protocol_middle_50_binary_tfidf_logistic,E-DAIC,binary_label,middle_50,3,official_dev,163,56,0,0,completed,,,,,,,1.0
edaic_protocol_middle_50_binary_tfidf_logistic,E-DAIC,binary_label,middle_50,4,official_dev,163,56,0,0,completed,,,,,,,1.0
edaic_protocol_back_25_phq8_tfidf_ridge,E-DAIC,phq8_total,back_25,0,official_dev,163,56,0,0,completed,,10.0,True,0.0,23.0,0.0,
edaic_protocol_back_25_phq8_tfidf_ridge,E-DAIC,phq8_total,back_25,1,official_dev,163,56,0,0,completed,,10.0,True,0.0,23.0,0.0,
edaic_protocol_back_25_phq8_tfidf_ridge,E-DAIC,phq8_total,back_25,2,official_dev,163,56,0,0,completed,,10.0,True,0.0,23.0,0.0,
edaic_protocol_back_25_phq8_tfidf_ridge,E-DAIC,phq8_total,back_25,3,official_dev,163,56,0,0,completed,,10.0,True,0.0,23.0,0.0,
edaic_protocol_back_25_phq8_tfidf_ridge,E-DAIC,phq8_total,back_25,4,official_dev,163,56,0,0,completed,,10.0,True,0.0,23.0,0.0,
edaic_protocol_back_25_binary_tfidf_logistic,E-DAIC,binary_label,back_25,0,official_dev,163,56,0,0,completed,,,,,,,1.0
edaic_protocol_back_25_binary_tfidf_logistic,E-DAIC,binary_label,back_25,1,official_dev,163,56,0,0,completed,,,,,,,1.0
edaic_protocol_back_25_binary_tfidf_logistic,E-DAIC,binary_label,back_25,2,official_dev,163,56,0,0,completed,,,,,,,1.0
edaic_protocol_back_25_binary_tfidf_logistic,E-DAIC,binary_label,back_25,3,official_dev,163,56,0,0,completed,,,,,,,1.0
edaic_protocol_back_25_binary_tfidf_logistic,E-DAIC,binary_label,back_25,4,official_dev,163,56,0,0,completed,,,,,,,1.0
edaic_protocol_train_repeated_turns_removed_phq8_tfidf_ridge,E-DAIC,phq8_total,train_repeated_turns_removed,0,official_dev,163,56,0,0,completed,,10.0,True,0.0,23.0,0.0,
edaic_protocol_train_repeated_turns_removed_phq8_tfidf_ridge,E-DAIC,phq8_total,train_repeated_turns_removed,1,official_dev,163,56,0,0,completed,,10.0,True,0.0,23.0,0.0,
edaic_protocol_train_repeated_turns_removed_phq8_tfidf_ridge,E-DAIC,phq8_total,train_repeated_turns_removed,2,official_dev,163,56,0,0,completed,,10.0,True,0.0,23.0,0.0,
edaic_protocol_train_repeated_turns_removed_phq8_tfidf_ridge,E-DAIC,phq8_total,train_repeated_turns_removed,3,official_dev,163,56,0,0,completed,,10.0,True,0.0,23.0,0.0,
edaic_protocol_train_repeated_turns_removed_phq8_tfidf_ridge,E-DAIC,phq8_total,train_repeated_turns_removed,4,official_dev,163,56,0,0,completed,,10.0,True,0.0,23.0,0.0,
edaic_protocol_train_repeated_turns_removed_binary_tfidf_logistic,E-DAIC,binary_label,train_repeated_turns_removed,0,official_dev,163,56,0,0,completed,,,,,,,1.0
edaic_protocol_train_repeated_turns_removed_binary_tfidf_logistic,E-DAIC,binary_label,train_repeated_turns_removed,1,official_dev,163,56,0,0,completed,,,,,,,1.0
edaic_protocol_train_repeated_turns_removed_binary_tfidf_logistic,E-DAIC,binary_label,train_repeated_turns_removed,2,official_dev,163,56,0,0,completed,,,,,,,1.0
edaic_protocol_train_repeated_turns_removed_binary_tfidf_logistic,E-DAIC,binary_label,train_repeated_turns_removed,3,official_dev,163,56,0,0,completed,,,,,,,1.0
edaic_protocol_train_repeated_turns_removed_binary_tfidf_logistic,E-DAIC,binary_label,train_repeated_turns_removed,4,official_dev,163,56,0,0,completed,,,,,,,1.0
edaic_protocol_train_repeated_turns_only_phq8_tfidf_ridge,E-DAIC,phq8_total,train_repeated_turns_only,0,official_dev,163,56,0,0,completed,,10.0,True,0.0,23.0,0.0,
edaic_protocol_train_repeated_turns_only_phq8_tfidf_ridge,E-DAIC,phq8_total,train_repeated_turns_only,1,official_dev,163,56,0,0,completed,,10.0,True,0.0,23.0,0.0,
edaic_protocol_train_repeated_turns_only_phq8_tfidf_ridge,E-DAIC,phq8_total,train_repeated_turns_only,2,official_dev,163,56,0,0,completed,,10.0,True,0.0,23.0,0.0,
edaic_protocol_train_repeated_turns_only_phq8_tfidf_ridge,E-DAIC,phq8_total,train_repeated_turns_only,3,official_dev,163,56,0,0,completed,,10.0,True,0.0,23.0,0.0,
edaic_protocol_train_repeated_turns_only_phq8_tfidf_ridge,E-DAIC,phq8_total,train_repeated_turns_only,4,official_dev,163,56,0,0,completed,,10.0,True,0.0,23.0,0.0,
edaic_protocol_train_repeated_turns_only_binary_tfidf_logistic,E-DAIC,binary_label,train_repeated_turns_only,0,official_dev,163,56,0,0,completed,,,,,,,1.0
edaic_protocol_train_repeated_turns_only_binary_tfidf_logistic,E-DAIC,binary_label,train_repeated_turns_only,1,official_dev,163,56,0,0,completed,,,,,,,1.0
edaic_protocol_train_repeated_turns_only_binary_tfidf_logistic,E-DAIC,binary_label,train_repeated_turns_only,2,official_dev,163,56,0,0,completed,,,,,,,1.0
edaic_protocol_train_repeated_turns_only_binary_tfidf_logistic,E-DAIC,binary_label,train_repeated_turns_only,3,official_dev,163,56,0,0,completed,,,,,,,1.0
edaic_protocol_train_repeated_turns_only_binary_tfidf_logistic,E-DAIC,binary_label,train_repeated_turns_only,4,official_dev,163,56,0,0,completed,,,,,,,1.0
cmdc_protocol_all_questions_binary_tfidf_logistic,CMDC,binary_label,all_questions,0,fold_1,61,16,0,0,completed,,,,,,,1.0
cmdc_protocol_all_questions_binary_tfidf_logistic,CMDC,binary_label,all_questions,0,fold_2,61,16,0,0,completed,,,,,,,1.0
cmdc_protocol_all_questions_binary_tfidf_logistic,CMDC,binary_label,all_questions,0,fold_3,62,15,0,0,completed,,,,,,,1.0
cmdc_protocol_all_questions_binary_tfidf_logistic,CMDC,binary_label,all_questions,0,fold_4,62,15,0,0,completed,,,,,,,1.0
cmdc_protocol_all_questions_binary_tfidf_logistic,CMDC,binary_label,all_questions,0,fold_5,62,15,0,0,completed,,,,,,,1.0
cmdc_protocol_all_questions_binary_tfidf_logistic,CMDC,binary_label,all_questions,1,fold_1,61,16,0,0,completed,,,,,,,1.0
cmdc_protocol_all_questions_binary_tfidf_logistic,CMDC,binary_label,all_questions,1,fold_2,61,16,0,0,completed,,,,,,,1.0
cmdc_protocol_all_questions_binary_tfidf_logistic,CMDC,binary_label,all_questions,1,fold_3,62,15,0,0,completed,,,,,,,1.0
cmdc_protocol_all_questions_binary_tfidf_logistic,CMDC,binary_label,all_questions,1,fold_4,62,15,0,0,completed,,,,,,,1.0
cmdc_protocol_all_questions_binary_tfidf_logistic,CMDC,binary_label,all_questions,1,fold_5,62,15,0,0,completed,,,,,,,1.0
cmdc_protocol_all_questions_binary_tfidf_logistic,CMDC,binary_label,all_questions,2,fold_1,61,16,0,0,completed,,,,,,,1.0
cmdc_protocol_all_questions_binary_tfidf_logistic,CMDC,binary_label,all_questions,2,fold_2,61,16,0,0,completed,,,,,,,1.0
cmdc_protocol_all_questions_binary_tfidf_logistic,CMDC,binary_label,all_questions,2,fold_3,62,15,0,0,completed,,,,,,,1.0
cmdc_protocol_all_questions_binary_tfidf_logistic,CMDC,binary_label,all_questions,2,fold_4,62,15,0,0,completed,,,,,,,1.0
cmdc_protocol_all_questions_binary_tfidf_logistic,CMDC,binary_label,all_questions,2,fold_5,62,15,0,0,completed,,,,,,,1.0
cmdc_protocol_all_questions_binary_tfidf_logistic,CMDC,binary_label,all_questions,3,fold_1,61,16,0,0,completed,,,,,,,1.0
cmdc_protocol_all_questions_binary_tfidf_logistic,CMDC,binary_label,all_questions,3,fold_2,61,16,0,0,completed,,,,,,,1.0
cmdc_protocol_all_questions_binary_tfidf_logistic,CMDC,binary_label,all_questions,3,fold_3,62,15,0,0,completed,,,,,,,1.0
cmdc_protocol_all_questions_binary_tfidf_logistic,CMDC,binary_label,all_questions,3,fold_4,62,15,0,0,completed,,,,,,,1.0
cmdc_protocol_all_questions_binary_tfidf_logistic,CMDC,binary_label,all_questions,3,fold_5,62,15,0,0,completed,,,,,,,1.0
cmdc_protocol_all_questions_binary_tfidf_logistic,CMDC,binary_label,all_questions,4,fold_1,61,16,0,0,completed,,,,,,,1.0
cmdc_protocol_all_questions_binary_tfidf_logistic,CMDC,binary_label,all_questions,4,fold_2,61,16,0,0,completed,,,,,,,1.0
cmdc_protocol_all_questions_binary_tfidf_logistic,CMDC,binary_label,all_questions,4,fold_3,62,15,0,0,completed,,,,,,,1.0
cmdc_protocol_all_questions_binary_tfidf_logistic,CMDC,binary_label,all_questions,4,fold_4,62,15,0,0,completed,,,,,,,1.0
cmdc_protocol_all_questions_binary_tfidf_logistic,CMDC,binary_label,all_questions,4,fold_5,62,15,0,0,completed,,,,,,,1.0
cmdc_protocol_q01_only_binary_tfidf_logistic,CMDC,binary_label,q01_only,0,fold_1,61,16,0,0,completed,,,,,,,1.0
cmdc_protocol_q01_only_binary_tfidf_logistic,CMDC,binary_label,q01_only,0,fold_2,61,16,0,0,completed,,,,,,,1.0
cmdc_protocol_q01_only_binary_tfidf_logistic,CMDC,binary_label,q01_only,0,fold_3,62,15,0,0,completed,,,,,,,1.0
cmdc_protocol_q01_only_binary_tfidf_logistic,CMDC,binary_label,q01_only,0,fold_4,62,15,0,0,completed,,,,,,,1.0
cmdc_protocol_q01_only_binary_tfidf_logistic,CMDC,binary_label,q01_only,0,fold_5,62,15,0,0,completed,,,,,,,1.0
cmdc_protocol_q01_only_binary_tfidf_logistic,CMDC,binary_label,q01_only,1,fold_1,61,16,0,0,completed,,,,,,,1.0
cmdc_protocol_q01_only_binary_tfidf_logistic,CMDC,binary_label,q01_only,1,fold_2,61,16,0,0,completed,,,,,,,1.0
cmdc_protocol_q01_only_binary_tfidf_logistic,CMDC,binary_label,q01_only,1,fold_3,62,15,0,0,completed,,,,,,,1.0
cmdc_protocol_q01_only_binary_tfidf_logistic,CMDC,binary_label,q01_only,1,fold_4,62,15,0,0,completed,,,,,,,1.0
cmdc_protocol_q01_only_binary_tfidf_logistic,CMDC,binary_label,q01_only,1,fold_5,62,15,0,0,completed,,,,,,,1.0
cmdc_protocol_q01_only_binary_tfidf_logistic,CMDC,binary_label,q01_only,2,fold_1,61,16,0,0,completed,,,,,,,1.0
cmdc_protocol_q01_only_binary_tfidf_logistic,CMDC,binary_label,q01_only,2,fold_2,61,16,0,0,completed,,,,,,,1.0
cmdc_protocol_q01_only_binary_tfidf_logistic,CMDC,binary_label,q01_only,2,fold_3,62,15,0,0,completed,,,,,,,1.0
cmdc_protocol_q01_only_binary_tfidf_logistic,CMDC,binary_label,q01_only,2,fold_4,62,15,0,0,completed,,,,,,,1.0
cmdc_protocol_q01_only_binary_tfidf_logistic,CMDC,binary_label,q01_only,2,fold_5,62,15,0,0,completed,,,,,,,1.0
cmdc_protocol_q01_only_binary_tfidf_logistic,CMDC,binary_label,q01_only,3,fold_1,61,16,0,0,completed,,,,,,,1.0
cmdc_protocol_q01_only_binary_tfidf_logistic,CMDC,binary_label,q01_only,3,fold_2,61,16,0,0,completed,,,,,,,1.0
cmdc_protocol_q01_only_binary_tfidf_logistic,CMDC,binary_label,q01_only,3,fold_3,62,15,0,0,completed,,,,,,,1.0
cmdc_protocol_q01_only_binary_tfidf_logistic,CMDC,binary_label,q01_only,3,fold_4,62,15,0,0,completed,,,,,,,1.0
cmdc_protocol_q01_only_binary_tfidf_logistic,CMDC,binary_label,q01_only,3,fold_5,62,15,0,0,completed,,,,,,,1.0
cmdc_protocol_q01_only_binary_tfidf_logistic,CMDC,binary_label,q01_only,4,fold_1,61,16,0,0,completed,,,,,,,1.0
cmdc_protocol_q01_only_binary_tfidf_logistic,CMDC,binary_label,q01_only,4,fold_2,61,16,0,0,completed,,,,,,,1.0
cmdc_protocol_q01_only_binary_tfidf_logistic,CMDC,binary_label,q01_only,4,fold_3,62,15,0,0,completed,,,,,,,1.0
cmdc_protocol_q01_only_binary_tfidf_logistic,CMDC,binary_label,q01_only,4,fold_4,62,15,0,0,completed,,,,,,,1.0
cmdc_protocol_q01_only_binary_tfidf_logistic,CMDC,binary_label,q01_only,4,fold_5,62,15,0,0,completed,,,,,,,1.0
cmdc_protocol_q02_only_binary_tfidf_logistic,CMDC,binary_label,q02_only,0,fold_1,61,16,0,0,completed,,,,,,,1.0
cmdc_protocol_q02_only_binary_tfidf_logistic,CMDC,binary_label,q02_only,0,fold_2,61,16,0,0,completed,,,,,,,1.0
cmdc_protocol_q02_only_binary_tfidf_logistic,CMDC,binary_label,q02_only,0,fold_3,62,15,0,0,completed,,,,,,,1.0
cmdc_protocol_q02_only_binary_tfidf_logistic,CMDC,binary_label,q02_only,0,fold_4,62,15,0,0,completed,,,,,,,1.0
cmdc_protocol_q02_only_binary_tfidf_logistic,CMDC,binary_label,q02_only,0,fold_5,62,15,0,0,completed,,,,,,,1.0
cmdc_protocol_q02_only_binary_tfidf_logistic,CMDC,binary_label,q02_only,1,fold_1,61,16,0,0,completed,,,,,,,1.0
cmdc_protocol_q02_only_binary_tfidf_logistic,CMDC,binary_label,q02_only,1,fold_2,61,16,0,0,completed,,,,,,,1.0
cmdc_protocol_q02_only_binary_tfidf_logistic,CMDC,binary_label,q02_only,1,fold_3,62,15,0,0,completed,,,,,,,1.0
cmdc_protocol_q02_only_binary_tfidf_logistic,CMDC,binary_label,q02_only,1,fold_4,62,15,0,0,completed,,,,,,,1.0
cmdc_protocol_q02_only_binary_tfidf_logistic,CMDC,binary_label,q02_only,1,fold_5,62,15,0,0,completed,,,,,,,1.0
cmdc_protocol_q02_only_binary_tfidf_logistic,CMDC,binary_label,q02_only,2,fold_1,61,16,0,0,completed,,,,,,,1.0
cmdc_protocol_q02_only_binary_tfidf_logistic,CMDC,binary_label,q02_only,2,fold_2,61,16,0,0,completed,,,,,,,1.0
cmdc_protocol_q02_only_binary_tfidf_logistic,CMDC,binary_label,q02_only,2,fold_3,62,15,0,0,completed,,,,,,,1.0
cmdc_protocol_q02_only_binary_tfidf_logistic,CMDC,binary_label,q02_only,2,fold_4,62,15,0,0,completed,,,,,,,1.0
cmdc_protocol_q02_only_binary_tfidf_logistic,CMDC,binary_label,q02_only,2,fold_5,62,15,0,0,completed,,,,,,,1.0
cmdc_protocol_q02_only_binary_tfidf_logistic,CMDC,binary_label,q02_only,3,fold_1,61,16,0,0,completed,,,,,,,1.0
cmdc_protocol_q02_only_binary_tfidf_logistic,CMDC,binary_label,q02_only,3,fold_2,61,16,0,0,completed,,,,,,,1.0
cmdc_protocol_q02_only_binary_tfidf_logistic,CMDC,binary_label,q02_only,3,fold_3,62,15,0,0,completed,,,,,,,1.0
cmdc_protocol_q02_only_binary_tfidf_logistic,CMDC,binary_label,q02_only,3,fold_4,62,15,0,0,completed,,,,,,,1.0
cmdc_protocol_q02_only_binary_tfidf_logistic,CMDC,binary_label,q02_only,3,fold_5,62,15,0,0,completed,,,,,,,1.0
cmdc_protocol_q02_only_binary_tfidf_logistic,CMDC,binary_label,q02_only,4,fold_1,61,16,0,0,completed,,,,,,,1.0
cmdc_protocol_q02_only_binary_tfidf_logistic,CMDC,binary_label,q02_only,4,fold_2,61,16,0,0,completed,,,,,,,1.0
cmdc_protocol_q02_only_binary_tfidf_logistic,CMDC,binary_label,q02_only,4,fold_3,62,15,0,0,completed,,,,,,,1.0
cmdc_protocol_q02_only_binary_tfidf_logistic,CMDC,binary_label,q02_only,4,fold_4,62,15,0,0,completed,,,,,,,1.0
cmdc_protocol_q02_only_binary_tfidf_logistic,CMDC,binary_label,q02_only,4,fold_5,62,15,0,0,completed,,,,,,,1.0
cmdc_protocol_q03_only_binary_tfidf_logistic,CMDC,binary_label,q03_only,0,fold_1,61,16,1,0,completed,,,,,,,1.0
cmdc_protocol_q03_only_binary_tfidf_logistic,CMDC,binary_label,q03_only,0,fold_2,61,16,1,0,completed,,,,,,,1.0
cmdc_protocol_q03_only_binary_tfidf_logistic,CMDC,binary_label,q03_only,0,fold_3,62,15,1,0,completed,,,,,,,1.0
cmdc_protocol_q03_only_binary_tfidf_logistic,CMDC,binary_label,q03_only,0,fold_4,62,15,0,1,completed,,,,,,,1.0
cmdc_protocol_q03_only_binary_tfidf_logistic,CMDC,binary_label,q03_only,0,fold_5,62,15,1,0,completed,,,,,,,1.0
cmdc_protocol_q03_only_binary_tfidf_logistic,CMDC,binary_label,q03_only,1,fold_1,61,16,1,0,completed,,,,,,,1.0
cmdc_protocol_q03_only_binary_tfidf_logistic,CMDC,binary_label,q03_only,1,fold_2,61,16,1,0,completed,,,,,,,1.0
cmdc_protocol_q03_only_binary_tfidf_logistic,CMDC,binary_label,q03_only,1,fold_3,62,15,1,0,completed,,,,,,,1.0
cmdc_protocol_q03_only_binary_tfidf_logistic,CMDC,binary_label,q03_only,1,fold_4,62,15,0,1,completed,,,,,,,1.0
cmdc_protocol_q03_only_binary_tfidf_logistic,CMDC,binary_label,q03_only,1,fold_5,62,15,1,0,completed,,,,,,,1.0
cmdc_protocol_q03_only_binary_tfidf_logistic,CMDC,binary_label,q03_only,2,fold_1,61,16,1,0,completed,,,,,,,1.0
cmdc_protocol_q03_only_binary_tfidf_logistic,CMDC,binary_label,q03_only,2,fold_2,61,16,1,0,completed,,,,,,,1.0
cmdc_protocol_q03_only_binary_tfidf_logistic,CMDC,binary_label,q03_only,2,fold_3,62,15,1,0,completed,,,,,,,1.0
cmdc_protocol_q03_only_binary_tfidf_logistic,CMDC,binary_label,q03_only,2,fold_4,62,15,0,1,completed,,,,,,,1.0
cmdc_protocol_q03_only_binary_tfidf_logistic,CMDC,binary_label,q03_only,2,fold_5,62,15,1,0,completed,,,,,,,1.0
cmdc_protocol_q03_only_binary_tfidf_logistic,CMDC,binary_label,q03_only,3,fold_1,61,16,1,0,completed,,,,,,,1.0
cmdc_protocol_q03_only_binary_tfidf_logistic,CMDC,binary_label,q03_only,3,fold_2,61,16,1,0,completed,,,,,,,1.0
cmdc_protocol_q03_only_binary_tfidf_logistic,CMDC,binary_label,q03_only,3,fold_3,62,15,1,0,completed,,,,,,,1.0
cmdc_protocol_q03_only_binary_tfidf_logistic,CMDC,binary_label,q03_only,3,fold_4,62,15,0,1,completed,,,,,,,1.0
cmdc_protocol_q03_only_binary_tfidf_logistic,CMDC,binary_label,q03_only,3,fold_5,62,15,1,0,completed,,,,,,,1.0
cmdc_protocol_q03_only_binary_tfidf_logistic,CMDC,binary_label,q03_only,4,fold_1,61,16,1,0,completed,,,,,,,1.0
cmdc_protocol_q03_only_binary_tfidf_logistic,CMDC,binary_label,q03_only,4,fold_2,61,16,1,0,completed,,,,,,,1.0
cmdc_protocol_q03_only_binary_tfidf_logistic,CMDC,binary_label,q03_only,4,fold_3,62,15,1,0,completed,,,,,,,1.0
cmdc_protocol_q03_only_binary_tfidf_logistic,CMDC,binary_label,q03_only,4,fold_4,62,15,0,1,completed,,,,,,,1.0
cmdc_protocol_q03_only_binary_tfidf_logistic,CMDC,binary_label,q03_only,4,fold_5,62,15,1,0,completed,,,,,,,1.0
cmdc_protocol_q04_only_binary_tfidf_logistic,CMDC,binary_label,q04_only,0,fold_1,61,16,1,0,completed,,,,,,,1.0
cmdc_protocol_q04_only_binary_tfidf_logistic,CMDC,binary_label,q04_only,0,fold_2,61,16,1,0,completed,,,,,,,1.0
cmdc_protocol_q04_only_binary_tfidf_logistic,CMDC,binary_label,q04_only,0,fold_3,62,15,1,0,completed,,,,,,,1.0
cmdc_protocol_q04_only_binary_tfidf_logistic,CMDC,binary_label,q04_only,0,fold_4,62,15,0,1,completed,,,,,,,1.0
cmdc_protocol_q04_only_binary_tfidf_logistic,CMDC,binary_label,q04_only,0,fold_5,62,15,1,0,completed,,,,,,,1.0
cmdc_protocol_q04_only_binary_tfidf_logistic,CMDC,binary_label,q04_only,1,fold_1,61,16,1,0,completed,,,,,,,1.0
cmdc_protocol_q04_only_binary_tfidf_logistic,CMDC,binary_label,q04_only,1,fold_2,61,16,1,0,completed,,,,,,,1.0
cmdc_protocol_q04_only_binary_tfidf_logistic,CMDC,binary_label,q04_only,1,fold_3,62,15,1,0,completed,,,,,,,1.0
cmdc_protocol_q04_only_binary_tfidf_logistic,CMDC,binary_label,q04_only,1,fold_4,62,15,0,1,completed,,,,,,,1.0
cmdc_protocol_q04_only_binary_tfidf_logistic,CMDC,binary_label,q04_only,1,fold_5,62,15,1,0,completed,,,,,,,1.0
cmdc_protocol_q04_only_binary_tfidf_logistic,CMDC,binary_label,q04_only,2,fold_1,61,16,1,0,completed,,,,,,,1.0
cmdc_protocol_q04_only_binary_tfidf_logistic,CMDC,binary_label,q04_only,2,fold_2,61,16,1,0,completed,,,,,,,1.0
cmdc_protocol_q04_only_binary_tfidf_logistic,CMDC,binary_label,q04_only,2,fold_3,62,15,1,0,completed,,,,,,,1.0
cmdc_protocol_q04_only_binary_tfidf_logistic,CMDC,binary_label,q04_only,2,fold_4,62,15,0,1,completed,,,,,,,1.0
cmdc_protocol_q04_only_binary_tfidf_logistic,CMDC,binary_label,q04_only,2,fold_5,62,15,1,0,completed,,,,,,,1.0
cmdc_protocol_q04_only_binary_tfidf_logistic,CMDC,binary_label,q04_only,3,fold_1,61,16,1,0,completed,,,,,,,1.0
cmdc_protocol_q04_only_binary_tfidf_logistic,CMDC,binary_label,q04_only,3,fold_2,61,16,1,0,completed,,,,,,,1.0
cmdc_protocol_q04_only_binary_tfidf_logistic,CMDC,binary_label,q04_only,3,fold_3,62,15,1,0,completed,,,,,,,1.0
cmdc_protocol_q04_only_binary_tfidf_logistic,CMDC,binary_label,q04_only,3,fold_4,62,15,0,1,completed,,,,,,,1.0
cmdc_protocol_q04_only_binary_tfidf_logistic,CMDC,binary_label,q04_only,3,fold_5,62,15,1,0,completed,,,,,,,1.0
cmdc_protocol_q04_only_binary_tfidf_logistic,CMDC,binary_label,q04_only,4,fold_1,61,16,1,0,completed,,,,,,,1.0
cmdc_protocol_q04_only_binary_tfidf_logistic,CMDC,binary_label,q04_only,4,fold_2,61,16,1,0,completed,,,,,,,1.0
cmdc_protocol_q04_only_binary_tfidf_logistic,CMDC,binary_label,q04_only,4,fold_3,62,15,1,0,completed,,,,,,,1.0
cmdc_protocol_q04_only_binary_tfidf_logistic,CMDC,binary_label,q04_only,4,fold_4,62,15,0,1,completed,,,,,,,1.0
cmdc_protocol_q04_only_binary_tfidf_logistic,CMDC,binary_label,q04_only,4,fold_5,62,15,1,0,completed,,,,,,,1.0
cmdc_protocol_q05_only_binary_tfidf_logistic,CMDC,binary_label,q05_only,0,fold_1,61,16,1,0,completed,,,,,,,1.0
cmdc_protocol_q05_only_binary_tfidf_logistic,CMDC,binary_label,q05_only,0,fold_2,61,16,1,0,completed,,,,,,,1.0
cmdc_protocol_q05_only_binary_tfidf_logistic,CMDC,binary_label,q05_only,0,fold_3,62,15,1,0,completed,,,,,,,1.0
cmdc_protocol_q05_only_binary_tfidf_logistic,CMDC,binary_label,q05_only,0,fold_4,62,15,1,0,completed,,,,,,,1.0
cmdc_protocol_q05_only_binary_tfidf_logistic,CMDC,binary_label,q05_only,0,fold_5,62,15,0,1,completed,,,,,,,1.0
cmdc_protocol_q05_only_binary_tfidf_logistic,CMDC,binary_label,q05_only,1,fold_1,61,16,1,0,completed,,,,,,,1.0
cmdc_protocol_q05_only_binary_tfidf_logistic,CMDC,binary_label,q05_only,1,fold_2,61,16,1,0,completed,,,,,,,1.0
cmdc_protocol_q05_only_binary_tfidf_logistic,CMDC,binary_label,q05_only,1,fold_3,62,15,1,0,completed,,,,,,,1.0
cmdc_protocol_q05_only_binary_tfidf_logistic,CMDC,binary_label,q05_only,1,fold_4,62,15,1,0,completed,,,,,,,1.0
cmdc_protocol_q05_only_binary_tfidf_logistic,CMDC,binary_label,q05_only,1,fold_5,62,15,0,1,completed,,,,,,,1.0
cmdc_protocol_q05_only_binary_tfidf_logistic,CMDC,binary_label,q05_only,2,fold_1,61,16,1,0,completed,,,,,,,1.0
cmdc_protocol_q05_only_binary_tfidf_logistic,CMDC,binary_label,q05_only,2,fold_2,61,16,1,0,completed,,,,,,,1.0
cmdc_protocol_q05_only_binary_tfidf_logistic,CMDC,binary_label,q05_only,2,fold_3,62,15,1,0,completed,,,,,,,1.0
cmdc_protocol_q05_only_binary_tfidf_logistic,CMDC,binary_label,q05_only,2,fold_4,62,15,1,0,completed,,,,,,,1.0
cmdc_protocol_q05_only_binary_tfidf_logistic,CMDC,binary_label,q05_only,2,fold_5,62,15,0,1,completed,,,,,,,1.0
cmdc_protocol_q05_only_binary_tfidf_logistic,CMDC,binary_label,q05_only,3,fold_1,61,16,1,0,completed,,,,,,,1.0
cmdc_protocol_q05_only_binary_tfidf_logistic,CMDC,binary_label,q05_only,3,fold_2,61,16,1,0,completed,,,,,,,1.0
cmdc_protocol_q05_only_binary_tfidf_logistic,CMDC,binary_label,q05_only,3,fold_3,62,15,1,0,completed,,,,,,,1.0
cmdc_protocol_q05_only_binary_tfidf_logistic,CMDC,binary_label,q05_only,3,fold_4,62,15,1,0,completed,,,,,,,1.0
cmdc_protocol_q05_only_binary_tfidf_logistic,CMDC,binary_label,q05_only,3,fold_5,62,15,0,1,completed,,,,,,,1.0
cmdc_protocol_q05_only_binary_tfidf_logistic,CMDC,binary_label,q05_only,4,fold_1,61,16,1,0,completed,,,,,,,1.0
cmdc_protocol_q05_only_binary_tfidf_logistic,CMDC,binary_label,q05_only,4,fold_2,61,16,1,0,completed,,,,,,,1.0
cmdc_protocol_q05_only_binary_tfidf_logistic,CMDC,binary_label,q05_only,4,fold_3,62,15,1,0,completed,,,,,,,1.0
cmdc_protocol_q05_only_binary_tfidf_logistic,CMDC,binary_label,q05_only,4,fold_4,62,15,1,0,completed,,,,,,,1.0
cmdc_protocol_q05_only_binary_tfidf_logistic,CMDC,binary_label,q05_only,4,fold_5,62,15,0,1,completed,,,,,,,1.0
cmdc_protocol_q06_only_binary_tfidf_logistic,CMDC,binary_label,q06_only,0,fold_1,61,16,1,0,completed,,,,,,,1.0
cmdc_protocol_q06_only_binary_tfidf_logistic,CMDC,binary_label,q06_only,0,fold_2,61,16,1,0,completed,,,,,,,1.0
cmdc_protocol_q06_only_binary_tfidf_logistic,CMDC,binary_label,q06_only,0,fold_3,62,15,0,1,completed,,,,,,,1.0
cmdc_protocol_q06_only_binary_tfidf_logistic,CMDC,binary_label,q06_only,0,fold_4,62,15,1,0,completed,,,,,,,1.0
cmdc_protocol_q06_only_binary_tfidf_logistic,CMDC,binary_label,q06_only,0,fold_5,62,15,1,0,completed,,,,,,,1.0
cmdc_protocol_q06_only_binary_tfidf_logistic,CMDC,binary_label,q06_only,1,fold_1,61,16,1,0,completed,,,,,,,1.0
cmdc_protocol_q06_only_binary_tfidf_logistic,CMDC,binary_label,q06_only,1,fold_2,61,16,1,0,completed,,,,,,,1.0
cmdc_protocol_q06_only_binary_tfidf_logistic,CMDC,binary_label,q06_only,1,fold_3,62,15,0,1,completed,,,,,,,1.0
cmdc_protocol_q06_only_binary_tfidf_logistic,CMDC,binary_label,q06_only,1,fold_4,62,15,1,0,completed,,,,,,,1.0
cmdc_protocol_q06_only_binary_tfidf_logistic,CMDC,binary_label,q06_only,1,fold_5,62,15,1,0,completed,,,,,,,1.0
cmdc_protocol_q06_only_binary_tfidf_logistic,CMDC,binary_label,q06_only,2,fold_1,61,16,1,0,completed,,,,,,,1.0
cmdc_protocol_q06_only_binary_tfidf_logistic,CMDC,binary_label,q06_only,2,fold_2,61,16,1,0,completed,,,,,,,1.0
cmdc_protocol_q06_only_binary_tfidf_logistic,CMDC,binary_label,q06_only,2,fold_3,62,15,0,1,completed,,,,,,,1.0
cmdc_protocol_q06_only_binary_tfidf_logistic,CMDC,binary_label,q06_only,2,fold_4,62,15,1,0,completed,,,,,,,1.0
cmdc_protocol_q06_only_binary_tfidf_logistic,CMDC,binary_label,q06_only,2,fold_5,62,15,1,0,completed,,,,,,,1.0
cmdc_protocol_q06_only_binary_tfidf_logistic,CMDC,binary_label,q06_only,3,fold_1,61,16,1,0,completed,,,,,,,1.0
cmdc_protocol_q06_only_binary_tfidf_logistic,CMDC,binary_label,q06_only,3,fold_2,61,16,1,0,completed,,,,,,,1.0
cmdc_protocol_q06_only_binary_tfidf_logistic,CMDC,binary_label,q06_only,3,fold_3,62,15,0,1,completed,,,,,,,1.0
cmdc_protocol_q06_only_binary_tfidf_logistic,CMDC,binary_label,q06_only,3,fold_4,62,15,1,0,completed,,,,,,,1.0
cmdc_protocol_q06_only_binary_tfidf_logistic,CMDC,binary_label,q06_only,3,fold_5,62,15,1,0,completed,,,,,,,1.0
cmdc_protocol_q06_only_binary_tfidf_logistic,CMDC,binary_label,q06_only,4,fold_1,61,16,1,0,completed,,,,,,,1.0
cmdc_protocol_q06_only_binary_tfidf_logistic,CMDC,binary_label,q06_only,4,fold_2,61,16,1,0,completed,,,,,,,1.0
cmdc_protocol_q06_only_binary_tfidf_logistic,CMDC,binary_label,q06_only,4,fold_3,62,15,0,1,completed,,,,,,,1.0
cmdc_protocol_q06_only_binary_tfidf_logistic,CMDC,binary_label,q06_only,4,fold_4,62,15,1,0,completed,,,,,,,1.0
cmdc_protocol_q06_only_binary_tfidf_logistic,CMDC,binary_label,q06_only,4,fold_5,62,15,1,0,completed,,,,,,,1.0
cmdc_protocol_q07_only_binary_tfidf_logistic,CMDC,binary_label,q07_only,0,fold_1,61,16,0,0,completed,,,,,,,1.0
cmdc_protocol_q07_only_binary_tfidf_logistic,CMDC,binary_label,q07_only,0,fold_2,61,16,0,0,completed,,,,,,,1.0
cmdc_protocol_q07_only_binary_tfidf_logistic,CMDC,binary_label,q07_only,0,fold_3,62,15,0,0,completed,,,,,,,1.0
cmdc_protocol_q07_only_binary_tfidf_logistic,CMDC,binary_label,q07_only,0,fold_4,62,15,0,0,completed,,,,,,,1.0
cmdc_protocol_q07_only_binary_tfidf_logistic,CMDC,binary_label,q07_only,0,fold_5,62,15,0,0,completed,,,,,,,1.0
cmdc_protocol_q07_only_binary_tfidf_logistic,CMDC,binary_label,q07_only,1,fold_1,61,16,0,0,completed,,,,,,,1.0
cmdc_protocol_q07_only_binary_tfidf_logistic,CMDC,binary_label,q07_only,1,fold_2,61,16,0,0,completed,,,,,,,1.0
cmdc_protocol_q07_only_binary_tfidf_logistic,CMDC,binary_label,q07_only,1,fold_3,62,15,0,0,completed,,,,,,,1.0
cmdc_protocol_q07_only_binary_tfidf_logistic,CMDC,binary_label,q07_only,1,fold_4,62,15,0,0,completed,,,,,,,1.0
cmdc_protocol_q07_only_binary_tfidf_logistic,CMDC,binary_label,q07_only,1,fold_5,62,15,0,0,completed,,,,,,,1.0
cmdc_protocol_q07_only_binary_tfidf_logistic,CMDC,binary_label,q07_only,2,fold_1,61,16,0,0,completed,,,,,,,1.0
cmdc_protocol_q07_only_binary_tfidf_logistic,CMDC,binary_label,q07_only,2,fold_2,61,16,0,0,completed,,,,,,,1.0
cmdc_protocol_q07_only_binary_tfidf_logistic,CMDC,binary_label,q07_only,2,fold_3,62,15,0,0,completed,,,,,,,1.0
cmdc_protocol_q07_only_binary_tfidf_logistic,CMDC,binary_label,q07_only,2,fold_4,62,15,0,0,completed,,,,,,,1.0
cmdc_protocol_q07_only_binary_tfidf_logistic,CMDC,binary_label,q07_only,2,fold_5,62,15,0,0,completed,,,,,,,1.0
cmdc_protocol_q07_only_binary_tfidf_logistic,CMDC,binary_label,q07_only,3,fold_1,61,16,0,0,completed,,,,,,,1.0
cmdc_protocol_q07_only_binary_tfidf_logistic,CMDC,binary_label,q07_only,3,fold_2,61,16,0,0,completed,,,,,,,1.0
cmdc_protocol_q07_only_binary_tfidf_logistic,CMDC,binary_label,q07_only,3,fold_3,62,15,0,0,completed,,,,,,,1.0
cmdc_protocol_q07_only_binary_tfidf_logistic,CMDC,binary_label,q07_only,3,fold_4,62,15,0,0,completed,,,,,,,1.0
cmdc_protocol_q07_only_binary_tfidf_logistic,CMDC,binary_label,q07_only,3,fold_5,62,15,0,0,completed,,,,,,,1.0
cmdc_protocol_q07_only_binary_tfidf_logistic,CMDC,binary_label,q07_only,4,fold_1,61,16,0,0,completed,,,,,,,1.0
cmdc_protocol_q07_only_binary_tfidf_logistic,CMDC,binary_label,q07_only,4,fold_2,61,16,0,0,completed,,,,,,,1.0
cmdc_protocol_q07_only_binary_tfidf_logistic,CMDC,binary_label,q07_only,4,fold_3,62,15,0,0,completed,,,,,,,1.0
cmdc_protocol_q07_only_binary_tfidf_logistic,CMDC,binary_label,q07_only,4,fold_4,62,15,0,0,completed,,,,,,,1.0
cmdc_protocol_q07_only_binary_tfidf_logistic,CMDC,binary_label,q07_only,4,fold_5,62,15,0,0,completed,,,,,,,1.0
cmdc_protocol_q08_only_binary_tfidf_logistic,CMDC,binary_label,q08_only,0,fold_1,61,16,1,0,completed,,,,,,,1.0
cmdc_protocol_q08_only_binary_tfidf_logistic,CMDC,binary_label,q08_only,0,fold_2,61,16,1,0,completed,,,,,,,1.0
cmdc_protocol_q08_only_binary_tfidf_logistic,CMDC,binary_label,q08_only,0,fold_3,62,15,1,0,completed,,,,,,,1.0
cmdc_protocol_q08_only_binary_tfidf_logistic,CMDC,binary_label,q08_only,0,fold_4,62,15,1,0,completed,,,,,,,1.0
cmdc_protocol_q08_only_binary_tfidf_logistic,CMDC,binary_label,q08_only,0,fold_5,62,15,0,1,completed,,,,,,,1.0
cmdc_protocol_q08_only_binary_tfidf_logistic,CMDC,binary_label,q08_only,1,fold_1,61,16,1,0,completed,,,,,,,1.0
cmdc_protocol_q08_only_binary_tfidf_logistic,CMDC,binary_label,q08_only,1,fold_2,61,16,1,0,completed,,,,,,,1.0
cmdc_protocol_q08_only_binary_tfidf_logistic,CMDC,binary_label,q08_only,1,fold_3,62,15,1,0,completed,,,,,,,1.0
cmdc_protocol_q08_only_binary_tfidf_logistic,CMDC,binary_label,q08_only,1,fold_4,62,15,1,0,completed,,,,,,,1.0
cmdc_protocol_q08_only_binary_tfidf_logistic,CMDC,binary_label,q08_only,1,fold_5,62,15,0,1,completed,,,,,,,1.0
cmdc_protocol_q08_only_binary_tfidf_logistic,CMDC,binary_label,q08_only,2,fold_1,61,16,1,0,completed,,,,,,,1.0
cmdc_protocol_q08_only_binary_tfidf_logistic,CMDC,binary_label,q08_only,2,fold_2,61,16,1,0,completed,,,,,,,1.0
cmdc_protocol_q08_only_binary_tfidf_logistic,CMDC,binary_label,q08_only,2,fold_3,62,15,1,0,completed,,,,,,,1.0
cmdc_protocol_q08_only_binary_tfidf_logistic,CMDC,binary_label,q08_only,2,fold_4,62,15,1,0,completed,,,,,,,1.0
cmdc_protocol_q08_only_binary_tfidf_logistic,CMDC,binary_label,q08_only,2,fold_5,62,15,0,1,completed,,,,,,,1.0
cmdc_protocol_q08_only_binary_tfidf_logistic,CMDC,binary_label,q08_only,3,fold_1,61,16,1,0,completed,,,,,,,1.0
cmdc_protocol_q08_only_binary_tfidf_logistic,CMDC,binary_label,q08_only,3,fold_2,61,16,1,0,completed,,,,,,,1.0
cmdc_protocol_q08_only_binary_tfidf_logistic,CMDC,binary_label,q08_only,3,fold_3,62,15,1,0,completed,,,,,,,1.0
cmdc_protocol_q08_only_binary_tfidf_logistic,CMDC,binary_label,q08_only,3,fold_4,62,15,1,0,completed,,,,,,,1.0
cmdc_protocol_q08_only_binary_tfidf_logistic,CMDC,binary_label,q08_only,3,fold_5,62,15,0,1,completed,,,,,,,1.0
cmdc_protocol_q08_only_binary_tfidf_logistic,CMDC,binary_label,q08_only,4,fold_1,61,16,1,0,completed,,,,,,,1.0
cmdc_protocol_q08_only_binary_tfidf_logistic,CMDC,binary_label,q08_only,4,fold_2,61,16,1,0,completed,,,,,,,1.0
cmdc_protocol_q08_only_binary_tfidf_logistic,CMDC,binary_label,q08_only,4,fold_3,62,15,1,0,completed,,,,,,,1.0
cmdc_protocol_q08_only_binary_tfidf_logistic,CMDC,binary_label,q08_only,4,fold_4,62,15,1,0,completed,,,,,,,1.0
cmdc_protocol_q08_only_binary_tfidf_logistic,CMDC,binary_label,q08_only,4,fold_5,62,15,0,1,completed,,,,,,,1.0
cmdc_protocol_q09_only_binary_tfidf_logistic,CMDC,binary_label,q09_only,0,fold_1,61,16,3,1,completed,,,,,,,1.0
cmdc_protocol_q09_only_binary_tfidf_logistic,CMDC,binary_label,q09_only,0,fold_2,61,16,3,1,completed,,,,,,,1.0
cmdc_protocol_q09_only_binary_tfidf_logistic,CMDC,binary_label,q09_only,0,fold_3,62,15,3,1,completed,,,,,,,1.0
cmdc_protocol_q09_only_binary_tfidf_logistic,CMDC,binary_label,q09_only,0,fold_4,62,15,3,1,completed,,,,,,,1.0
cmdc_protocol_q09_only_binary_tfidf_logistic,CMDC,binary_label,q09_only,0,fold_5,62,15,4,0,completed,,,,,,,1.0
cmdc_protocol_q09_only_binary_tfidf_logistic,CMDC,binary_label,q09_only,1,fold_1,61,16,3,1,completed,,,,,,,1.0
cmdc_protocol_q09_only_binary_tfidf_logistic,CMDC,binary_label,q09_only,1,fold_2,61,16,3,1,completed,,,,,,,1.0
cmdc_protocol_q09_only_binary_tfidf_logistic,CMDC,binary_label,q09_only,1,fold_3,62,15,3,1,completed,,,,,,,1.0
cmdc_protocol_q09_only_binary_tfidf_logistic,CMDC,binary_label,q09_only,1,fold_4,62,15,3,1,completed,,,,,,,1.0
cmdc_protocol_q09_only_binary_tfidf_logistic,CMDC,binary_label,q09_only,1,fold_5,62,15,4,0,completed,,,,,,,1.0
cmdc_protocol_q09_only_binary_tfidf_logistic,CMDC,binary_label,q09_only,2,fold_1,61,16,3,1,completed,,,,,,,1.0
cmdc_protocol_q09_only_binary_tfidf_logistic,CMDC,binary_label,q09_only,2,fold_2,61,16,3,1,completed,,,,,,,1.0
cmdc_protocol_q09_only_binary_tfidf_logistic,CMDC,binary_label,q09_only,2,fold_3,62,15,3,1,completed,,,,,,,1.0
cmdc_protocol_q09_only_binary_tfidf_logistic,CMDC,binary_label,q09_only,2,fold_4,62,15,3,1,completed,,,,,,,1.0
cmdc_protocol_q09_only_binary_tfidf_logistic,CMDC,binary_label,q09_only,2,fold_5,62,15,4,0,completed,,,,,,,1.0
cmdc_protocol_q09_only_binary_tfidf_logistic,CMDC,binary_label,q09_only,3,fold_1,61,16,3,1,completed,,,,,,,1.0
cmdc_protocol_q09_only_binary_tfidf_logistic,CMDC,binary_label,q09_only,3,fold_2,61,16,3,1,completed,,,,,,,1.0
cmdc_protocol_q09_only_binary_tfidf_logistic,CMDC,binary_label,q09_only,3,fold_3,62,15,3,1,completed,,,,,,,1.0
cmdc_protocol_q09_only_binary_tfidf_logistic,CMDC,binary_label,q09_only,3,fold_4,62,15,3,1,completed,,,,,,,1.0
cmdc_protocol_q09_only_binary_tfidf_logistic,CMDC,binary_label,q09_only,3,fold_5,62,15,4,0,completed,,,,,,,1.0
cmdc_protocol_q09_only_binary_tfidf_logistic,CMDC,binary_label,q09_only,4,fold_1,61,16,3,1,completed,,,,,,,1.0
cmdc_protocol_q09_only_binary_tfidf_logistic,CMDC,binary_label,q09_only,4,fold_2,61,16,3,1,completed,,,,,,,1.0
cmdc_protocol_q09_only_binary_tfidf_logistic,CMDC,binary_label,q09_only,4,fold_3,62,15,3,1,completed,,,,,,,1.0
cmdc_protocol_q09_only_binary_tfidf_logistic,CMDC,binary_label,q09_only,4,fold_4,62,15,3,1,completed,,,,,,,1.0
cmdc_protocol_q09_only_binary_tfidf_logistic,CMDC,binary_label,q09_only,4,fold_5,62,15,4,0,completed,,,,,,,1.0
cmdc_protocol_q10_only_binary_tfidf_logistic,CMDC,binary_label,q10_only,0,fold_1,61,16,3,0,completed,,,,,,,1.0
cmdc_protocol_q10_only_binary_tfidf_logistic,CMDC,binary_label,q10_only,0,fold_2,61,16,1,2,completed,,,,,,,1.0
cmdc_protocol_q10_only_binary_tfidf_logistic,CMDC,binary_label,q10_only,0,fold_3,62,15,2,1,completed,,,,,,,1.0
cmdc_protocol_q10_only_binary_tfidf_logistic,CMDC,binary_label,q10_only,0,fold_4,62,15,3,0,completed,,,,,,,1.0
cmdc_protocol_q10_only_binary_tfidf_logistic,CMDC,binary_label,q10_only,0,fold_5,62,15,3,0,completed,,,,,,,1.0
cmdc_protocol_q10_only_binary_tfidf_logistic,CMDC,binary_label,q10_only,1,fold_1,61,16,3,0,completed,,,,,,,1.0
cmdc_protocol_q10_only_binary_tfidf_logistic,CMDC,binary_label,q10_only,1,fold_2,61,16,1,2,completed,,,,,,,1.0
cmdc_protocol_q10_only_binary_tfidf_logistic,CMDC,binary_label,q10_only,1,fold_3,62,15,2,1,completed,,,,,,,1.0
cmdc_protocol_q10_only_binary_tfidf_logistic,CMDC,binary_label,q10_only,1,fold_4,62,15,3,0,completed,,,,,,,1.0
cmdc_protocol_q10_only_binary_tfidf_logistic,CMDC,binary_label,q10_only,1,fold_5,62,15,3,0,completed,,,,,,,1.0
cmdc_protocol_q10_only_binary_tfidf_logistic,CMDC,binary_label,q10_only,2,fold_1,61,16,3,0,completed,,,,,,,1.0
cmdc_protocol_q10_only_binary_tfidf_logistic,CMDC,binary_label,q10_only,2,fold_2,61,16,1,2,completed,,,,,,,1.0
cmdc_protocol_q10_only_binary_tfidf_logistic,CMDC,binary_label,q10_only,2,fold_3,62,15,2,1,completed,,,,,,,1.0
cmdc_protocol_q10_only_binary_tfidf_logistic,CMDC,binary_label,q10_only,2,fold_4,62,15,3,0,completed,,,,,,,1.0
cmdc_protocol_q10_only_binary_tfidf_logistic,CMDC,binary_label,q10_only,2,fold_5,62,15,3,0,completed,,,,,,,1.0
cmdc_protocol_q10_only_binary_tfidf_logistic,CMDC,binary_label,q10_only,3,fold_1,61,16,3,0,completed,,,,,,,1.0
cmdc_protocol_q10_only_binary_tfidf_logistic,CMDC,binary_label,q10_only,3,fold_2,61,16,1,2,completed,,,,,,,1.0
cmdc_protocol_q10_only_binary_tfidf_logistic,CMDC,binary_label,q10_only,3,fold_3,62,15,2,1,completed,,,,,,,1.0
cmdc_protocol_q10_only_binary_tfidf_logistic,CMDC,binary_label,q10_only,3,fold_4,62,15,3,0,completed,,,,,,,1.0
cmdc_protocol_q10_only_binary_tfidf_logistic,CMDC,binary_label,q10_only,3,fold_5,62,15,3,0,completed,,,,,,,1.0
cmdc_protocol_q10_only_binary_tfidf_logistic,CMDC,binary_label,q10_only,4,fold_1,61,16,3,0,completed,,,,,,,1.0
cmdc_protocol_q10_only_binary_tfidf_logistic,CMDC,binary_label,q10_only,4,fold_2,61,16,1,2,completed,,,,,,,1.0
cmdc_protocol_q10_only_binary_tfidf_logistic,CMDC,binary_label,q10_only,4,fold_3,62,15,2,1,completed,,,,,,,1.0
cmdc_protocol_q10_only_binary_tfidf_logistic,CMDC,binary_label,q10_only,4,fold_4,62,15,3,0,completed,,,,,,,1.0
cmdc_protocol_q10_only_binary_tfidf_logistic,CMDC,binary_label,q10_only,4,fold_5,62,15,3,0,completed,,,,,,,1.0
cmdc_protocol_q11_only_binary_tfidf_logistic,CMDC,binary_label,q11_only,0,fold_1,61,16,2,0,completed,,,,,,,1.0
cmdc_protocol_q11_only_binary_tfidf_logistic,CMDC,binary_label,q11_only,0,fold_2,61,16,1,1,completed,,,,,,,1.0
cmdc_protocol_q11_only_binary_tfidf_logistic,CMDC,binary_label,q11_only,0,fold_3,62,15,2,0,completed,,,,,,,1.0
cmdc_protocol_q11_only_binary_tfidf_logistic,CMDC,binary_label,q11_only,0,fold_4,62,15,1,1,completed,,,,,,,1.0
cmdc_protocol_q11_only_binary_tfidf_logistic,CMDC,binary_label,q11_only,0,fold_5,62,15,2,0,completed,,,,,,,1.0
cmdc_protocol_q11_only_binary_tfidf_logistic,CMDC,binary_label,q11_only,1,fold_1,61,16,2,0,completed,,,,,,,1.0
cmdc_protocol_q11_only_binary_tfidf_logistic,CMDC,binary_label,q11_only,1,fold_2,61,16,1,1,completed,,,,,,,1.0
cmdc_protocol_q11_only_binary_tfidf_logistic,CMDC,binary_label,q11_only,1,fold_3,62,15,2,0,completed,,,,,,,1.0
cmdc_protocol_q11_only_binary_tfidf_logistic,CMDC,binary_label,q11_only,1,fold_4,62,15,1,1,completed,,,,,,,1.0
cmdc_protocol_q11_only_binary_tfidf_logistic,CMDC,binary_label,q11_only,1,fold_5,62,15,2,0,completed,,,,,,,1.0
cmdc_protocol_q11_only_binary_tfidf_logistic,CMDC,binary_label,q11_only,2,fold_1,61,16,2,0,completed,,,,,,,1.0
cmdc_protocol_q11_only_binary_tfidf_logistic,CMDC,binary_label,q11_only,2,fold_2,61,16,1,1,completed,,,,,,,1.0
cmdc_protocol_q11_only_binary_tfidf_logistic,CMDC,binary_label,q11_only,2,fold_3,62,15,2,0,completed,,,,,,,1.0
cmdc_protocol_q11_only_binary_tfidf_logistic,CMDC,binary_label,q11_only,2,fold_4,62,15,1,1,completed,,,,,,,1.0
cmdc_protocol_q11_only_binary_tfidf_logistic,CMDC,binary_label,q11_only,2,fold_5,62,15,2,0,completed,,,,,,,1.0
cmdc_protocol_q11_only_binary_tfidf_logistic,CMDC,binary_label,q11_only,3,fold_1,61,16,2,0,completed,,,,,,,1.0
cmdc_protocol_q11_only_binary_tfidf_logistic,CMDC,binary_label,q11_only,3,fold_2,61,16,1,1,completed,,,,,,,1.0
cmdc_protocol_q11_only_binary_tfidf_logistic,CMDC,binary_label,q11_only,3,fold_3,62,15,2,0,completed,,,,,,,1.0
cmdc_protocol_q11_only_binary_tfidf_logistic,CMDC,binary_label,q11_only,3,fold_4,62,15,1,1,completed,,,,,,,1.0
cmdc_protocol_q11_only_binary_tfidf_logistic,CMDC,binary_label,q11_only,3,fold_5,62,15,2,0,completed,,,,,,,1.0
cmdc_protocol_q11_only_binary_tfidf_logistic,CMDC,binary_label,q11_only,4,fold_1,61,16,2,0,completed,,,,,,,1.0
cmdc_protocol_q11_only_binary_tfidf_logistic,CMDC,binary_label,q11_only,4,fold_2,61,16,1,1,completed,,,,,,,1.0
cmdc_protocol_q11_only_binary_tfidf_logistic,CMDC,binary_label,q11_only,4,fold_3,62,15,2,0,completed,,,,,,,1.0
cmdc_protocol_q11_only_binary_tfidf_logistic,CMDC,binary_label,q11_only,4,fold_4,62,15,1,1,completed,,,,,,,1.0
cmdc_protocol_q11_only_binary_tfidf_logistic,CMDC,binary_label,q11_only,4,fold_5,62,15,2,0,completed,,,,,,,1.0
cmdc_protocol_q12_only_binary_tfidf_logistic,CMDC,binary_label,q12_only,0,fold_1,61,16,2,0,completed,,,,,,,1.0
cmdc_protocol_q12_only_binary_tfidf_logistic,CMDC,binary_label,q12_only,0,fold_2,61,16,1,1,completed,,,,,,,1.0
cmdc_protocol_q12_only_binary_tfidf_logistic,CMDC,binary_label,q12_only,0,fold_3,62,15,2,0,completed,,,,,,,1.0
cmdc_protocol_q12_only_binary_tfidf_logistic,CMDC,binary_label,q12_only,0,fold_4,62,15,1,1,completed,,,,,,,1.0
cmdc_protocol_q12_only_binary_tfidf_logistic,CMDC,binary_label,q12_only,0,fold_5,62,15,2,0,completed,,,,,,,1.0
cmdc_protocol_q12_only_binary_tfidf_logistic,CMDC,binary_label,q12_only,1,fold_1,61,16,2,0,completed,,,,,,,1.0
cmdc_protocol_q12_only_binary_tfidf_logistic,CMDC,binary_label,q12_only,1,fold_2,61,16,1,1,completed,,,,,,,1.0
cmdc_protocol_q12_only_binary_tfidf_logistic,CMDC,binary_label,q12_only,1,fold_3,62,15,2,0,completed,,,,,,,1.0
cmdc_protocol_q12_only_binary_tfidf_logistic,CMDC,binary_label,q12_only,1,fold_4,62,15,1,1,completed,,,,,,,1.0
cmdc_protocol_q12_only_binary_tfidf_logistic,CMDC,binary_label,q12_only,1,fold_5,62,15,2,0,completed,,,,,,,1.0
cmdc_protocol_q12_only_binary_tfidf_logistic,CMDC,binary_label,q12_only,2,fold_1,61,16,2,0,completed,,,,,,,1.0
cmdc_protocol_q12_only_binary_tfidf_logistic,CMDC,binary_label,q12_only,2,fold_2,61,16,1,1,completed,,,,,,,1.0
cmdc_protocol_q12_only_binary_tfidf_logistic,CMDC,binary_label,q12_only,2,fold_3,62,15,2,0,completed,,,,,,,1.0
cmdc_protocol_q12_only_binary_tfidf_logistic,CMDC,binary_label,q12_only,2,fold_4,62,15,1,1,completed,,,,,,,1.0
cmdc_protocol_q12_only_binary_tfidf_logistic,CMDC,binary_label,q12_only,2,fold_5,62,15,2,0,completed,,,,,,,1.0
cmdc_protocol_q12_only_binary_tfidf_logistic,CMDC,binary_label,q12_only,3,fold_1,61,16,2,0,completed,,,,,,,1.0
cmdc_protocol_q12_only_binary_tfidf_logistic,CMDC,binary_label,q12_only,3,fold_2,61,16,1,1,completed,,,,,,,1.0
cmdc_protocol_q12_only_binary_tfidf_logistic,CMDC,binary_label,q12_only,3,fold_3,62,15,2,0,completed,,,,,,,1.0
cmdc_protocol_q12_only_binary_tfidf_logistic,CMDC,binary_label,q12_only,3,fold_4,62,15,1,1,completed,,,,,,,1.0
cmdc_protocol_q12_only_binary_tfidf_logistic,CMDC,binary_label,q12_only,3,fold_5,62,15,2,0,completed,,,,,,,1.0
cmdc_protocol_q12_only_binary_tfidf_logistic,CMDC,binary_label,q12_only,4,fold_1,61,16,2,0,completed,,,,,,,1.0
cmdc_protocol_q12_only_binary_tfidf_logistic,CMDC,binary_label,q12_only,4,fold_2,61,16,1,1,completed,,,,,,,1.0
cmdc_protocol_q12_only_binary_tfidf_logistic,CMDC,binary_label,q12_only,4,fold_3,62,15,2,0,completed,,,,,,,1.0
cmdc_protocol_q12_only_binary_tfidf_logistic,CMDC,binary_label,q12_only,4,fold_4,62,15,1,1,completed,,,,,,,1.0
cmdc_protocol_q12_only_binary_tfidf_logistic,CMDC,binary_label,q12_only,4,fold_5,62,15,2,0,completed,,,,,,,1.0
cmdc_protocol_q01_q04_binary_tfidf_logistic,CMDC,binary_label,q01_q04,0,fold_1,61,16,0,0,completed,,,,,,,1.0
cmdc_protocol_q01_q04_binary_tfidf_logistic,CMDC,binary_label,q01_q04,0,fold_2,61,16,0,0,completed,,,,,,,1.0
cmdc_protocol_q01_q04_binary_tfidf_logistic,CMDC,binary_label,q01_q04,0,fold_3,62,15,0,0,completed,,,,,,,1.0
cmdc_protocol_q01_q04_binary_tfidf_logistic,CMDC,binary_label,q01_q04,0,fold_4,62,15,0,0,completed,,,,,,,1.0
cmdc_protocol_q01_q04_binary_tfidf_logistic,CMDC,binary_label,q01_q04,0,fold_5,62,15,0,0,completed,,,,,,,1.0
cmdc_protocol_q01_q04_binary_tfidf_logistic,CMDC,binary_label,q01_q04,1,fold_1,61,16,0,0,completed,,,,,,,1.0
cmdc_protocol_q01_q04_binary_tfidf_logistic,CMDC,binary_label,q01_q04,1,fold_2,61,16,0,0,completed,,,,,,,1.0
cmdc_protocol_q01_q04_binary_tfidf_logistic,CMDC,binary_label,q01_q04,1,fold_3,62,15,0,0,completed,,,,,,,1.0
cmdc_protocol_q01_q04_binary_tfidf_logistic,CMDC,binary_label,q01_q04,1,fold_4,62,15,0,0,completed,,,,,,,1.0
cmdc_protocol_q01_q04_binary_tfidf_logistic,CMDC,binary_label,q01_q04,1,fold_5,62,15,0,0,completed,,,,,,,1.0
cmdc_protocol_q01_q04_binary_tfidf_logistic,CMDC,binary_label,q01_q04,2,fold_1,61,16,0,0,completed,,,,,,,1.0
cmdc_protocol_q01_q04_binary_tfidf_logistic,CMDC,binary_label,q01_q04,2,fold_2,61,16,0,0,completed,,,,,,,1.0
cmdc_protocol_q01_q04_binary_tfidf_logistic,CMDC,binary_label,q01_q04,2,fold_3,62,15,0,0,completed,,,,,,,1.0
cmdc_protocol_q01_q04_binary_tfidf_logistic,CMDC,binary_label,q01_q04,2,fold_4,62,15,0,0,completed,,,,,,,1.0
cmdc_protocol_q01_q04_binary_tfidf_logistic,CMDC,binary_label,q01_q04,2,fold_5,62,15,0,0,completed,,,,,,,1.0
cmdc_protocol_q01_q04_binary_tfidf_logistic,CMDC,binary_label,q01_q04,3,fold_1,61,16,0,0,completed,,,,,,,1.0
cmdc_protocol_q01_q04_binary_tfidf_logistic,CMDC,binary_label,q01_q04,3,fold_2,61,16,0,0,completed,,,,,,,1.0
cmdc_protocol_q01_q04_binary_tfidf_logistic,CMDC,binary_label,q01_q04,3,fold_3,62,15,0,0,completed,,,,,,,1.0
cmdc_protocol_q01_q04_binary_tfidf_logistic,CMDC,binary_label,q01_q04,3,fold_4,62,15,0,0,completed,,,,,,,1.0
cmdc_protocol_q01_q04_binary_tfidf_logistic,CMDC,binary_label,q01_q04,3,fold_5,62,15,0,0,completed,,,,,,,1.0
cmdc_protocol_q01_q04_binary_tfidf_logistic,CMDC,binary_label,q01_q04,4,fold_1,61,16,0,0,completed,,,,,,,1.0
cmdc_protocol_q01_q04_binary_tfidf_logistic,CMDC,binary_label,q01_q04,4,fold_2,61,16,0,0,completed,,,,,,,1.0
cmdc_protocol_q01_q04_binary_tfidf_logistic,CMDC,binary_label,q01_q04,4,fold_3,62,15,0,0,completed,,,,,,,1.0
cmdc_protocol_q01_q04_binary_tfidf_logistic,CMDC,binary_label,q01_q04,4,fold_4,62,15,0,0,completed,,,,,,,1.0
cmdc_protocol_q01_q04_binary_tfidf_logistic,CMDC,binary_label,q01_q04,4,fold_5,62,15,0,0,completed,,,,,,,1.0
cmdc_protocol_q05_q08_binary_tfidf_logistic,CMDC,binary_label,q05_q08,0,fold_1,61,16,0,0,completed,,,,,,,1.0
cmdc_protocol_q05_q08_binary_tfidf_logistic,CMDC,binary_label,q05_q08,0,fold_2,61,16,0,0,completed,,,,,,,1.0
cmdc_protocol_q05_q08_binary_tfidf_logistic,CMDC,binary_label,q05_q08,0,fold_3,62,15,0,0,completed,,,,,,,1.0
cmdc_protocol_q05_q08_binary_tfidf_logistic,CMDC,binary_label,q05_q08,0,fold_4,62,15,0,0,completed,,,,,,,1.0
cmdc_protocol_q05_q08_binary_tfidf_logistic,CMDC,binary_label,q05_q08,0,fold_5,62,15,0,0,completed,,,,,,,1.0
cmdc_protocol_q05_q08_binary_tfidf_logistic,CMDC,binary_label,q05_q08,1,fold_1,61,16,0,0,completed,,,,,,,1.0
cmdc_protocol_q05_q08_binary_tfidf_logistic,CMDC,binary_label,q05_q08,1,fold_2,61,16,0,0,completed,,,,,,,1.0
cmdc_protocol_q05_q08_binary_tfidf_logistic,CMDC,binary_label,q05_q08,1,fold_3,62,15,0,0,completed,,,,,,,1.0
cmdc_protocol_q05_q08_binary_tfidf_logistic,CMDC,binary_label,q05_q08,1,fold_4,62,15,0,0,completed,,,,,,,1.0
cmdc_protocol_q05_q08_binary_tfidf_logistic,CMDC,binary_label,q05_q08,1,fold_5,62,15,0,0,completed,,,,,,,1.0
cmdc_protocol_q05_q08_binary_tfidf_logistic,CMDC,binary_label,q05_q08,2,fold_1,61,16,0,0,completed,,,,,,,1.0
cmdc_protocol_q05_q08_binary_tfidf_logistic,CMDC,binary_label,q05_q08,2,fold_2,61,16,0,0,completed,,,,,,,1.0
cmdc_protocol_q05_q08_binary_tfidf_logistic,CMDC,binary_label,q05_q08,2,fold_3,62,15,0,0,completed,,,,,,,1.0
cmdc_protocol_q05_q08_binary_tfidf_logistic,CMDC,binary_label,q05_q08,2,fold_4,62,15,0,0,completed,,,,,,,1.0
cmdc_protocol_q05_q08_binary_tfidf_logistic,CMDC,binary_label,q05_q08,2,fold_5,62,15,0,0,completed,,,,,,,1.0
cmdc_protocol_q05_q08_binary_tfidf_logistic,CMDC,binary_label,q05_q08,3,fold_1,61,16,0,0,completed,,,,,,,1.0
cmdc_protocol_q05_q08_binary_tfidf_logistic,CMDC,binary_label,q05_q08,3,fold_2,61,16,0,0,completed,,,,,,,1.0
cmdc_protocol_q05_q08_binary_tfidf_logistic,CMDC,binary_label,q05_q08,3,fold_3,62,15,0,0,completed,,,,,,,1.0
cmdc_protocol_q05_q08_binary_tfidf_logistic,CMDC,binary_label,q05_q08,3,fold_4,62,15,0,0,completed,,,,,,,1.0
cmdc_protocol_q05_q08_binary_tfidf_logistic,CMDC,binary_label,q05_q08,3,fold_5,62,15,0,0,completed,,,,,,,1.0
cmdc_protocol_q05_q08_binary_tfidf_logistic,CMDC,binary_label,q05_q08,4,fold_1,61,16,0,0,completed,,,,,,,1.0
cmdc_protocol_q05_q08_binary_tfidf_logistic,CMDC,binary_label,q05_q08,4,fold_2,61,16,0,0,completed,,,,,,,1.0
cmdc_protocol_q05_q08_binary_tfidf_logistic,CMDC,binary_label,q05_q08,4,fold_3,62,15,0,0,completed,,,,,,,1.0
cmdc_protocol_q05_q08_binary_tfidf_logistic,CMDC,binary_label,q05_q08,4,fold_4,62,15,0,0,completed,,,,,,,1.0
cmdc_protocol_q05_q08_binary_tfidf_logistic,CMDC,binary_label,q05_q08,4,fold_5,62,15,0,0,completed,,,,,,,1.0
cmdc_protocol_q09_q12_binary_tfidf_logistic,CMDC,binary_label,q09_q12,0,fold_1,61,16,1,0,completed,,,,,,,1.0
cmdc_protocol_q09_q12_binary_tfidf_logistic,CMDC,binary_label,q09_q12,0,fold_2,61,16,0,1,completed,,,,,,,1.0
cmdc_protocol_q09_q12_binary_tfidf_logistic,CMDC,binary_label,q09_q12,0,fold_3,62,15,1,0,completed,,,,,,,1.0
cmdc_protocol_q09_q12_binary_tfidf_logistic,CMDC,binary_label,q09_q12,0,fold_4,62,15,1,0,completed,,,,,,,1.0
cmdc_protocol_q09_q12_binary_tfidf_logistic,CMDC,binary_label,q09_q12,0,fold_5,62,15,1,0,completed,,,,,,,1.0
cmdc_protocol_q09_q12_binary_tfidf_logistic,CMDC,binary_label,q09_q12,1,fold_1,61,16,1,0,completed,,,,,,,1.0
cmdc_protocol_q09_q12_binary_tfidf_logistic,CMDC,binary_label,q09_q12,1,fold_2,61,16,0,1,completed,,,,,,,1.0
cmdc_protocol_q09_q12_binary_tfidf_logistic,CMDC,binary_label,q09_q12,1,fold_3,62,15,1,0,completed,,,,,,,1.0
cmdc_protocol_q09_q12_binary_tfidf_logistic,CMDC,binary_label,q09_q12,1,fold_4,62,15,1,0,completed,,,,,,,1.0
cmdc_protocol_q09_q12_binary_tfidf_logistic,CMDC,binary_label,q09_q12,1,fold_5,62,15,1,0,completed,,,,,,,1.0
cmdc_protocol_q09_q12_binary_tfidf_logistic,CMDC,binary_label,q09_q12,2,fold_1,61,16,1,0,completed,,,,,,,1.0
cmdc_protocol_q09_q12_binary_tfidf_logistic,CMDC,binary_label,q09_q12,2,fold_2,61,16,0,1,completed,,,,,,,1.0
cmdc_protocol_q09_q12_binary_tfidf_logistic,CMDC,binary_label,q09_q12,2,fold_3,62,15,1,0,completed,,,,,,,1.0
cmdc_protocol_q09_q12_binary_tfidf_logistic,CMDC,binary_label,q09_q12,2,fold_4,62,15,1,0,completed,,,,,,,1.0
cmdc_protocol_q09_q12_binary_tfidf_logistic,CMDC,binary_label,q09_q12,2,fold_5,62,15,1,0,completed,,,,,,,1.0
cmdc_protocol_q09_q12_binary_tfidf_logistic,CMDC,binary_label,q09_q12,3,fold_1,61,16,1,0,completed,,,,,,,1.0
cmdc_protocol_q09_q12_binary_tfidf_logistic,CMDC,binary_label,q09_q12,3,fold_2,61,16,0,1,completed,,,,,,,1.0
cmdc_protocol_q09_q12_binary_tfidf_logistic,CMDC,binary_label,q09_q12,3,fold_3,62,15,1,0,completed,,,,,,,1.0
cmdc_protocol_q09_q12_binary_tfidf_logistic,CMDC,binary_label,q09_q12,3,fold_4,62,15,1,0,completed,,,,,,,1.0
cmdc_protocol_q09_q12_binary_tfidf_logistic,CMDC,binary_label,q09_q12,3,fold_5,62,15,1,0,completed,,,,,,,1.0
cmdc_protocol_q09_q12_binary_tfidf_logistic,CMDC,binary_label,q09_q12,4,fold_1,61,16,1,0,completed,,,,,,,1.0
cmdc_protocol_q09_q12_binary_tfidf_logistic,CMDC,binary_label,q09_q12,4,fold_2,61,16,0,1,completed,,,,,,,1.0
cmdc_protocol_q09_q12_binary_tfidf_logistic,CMDC,binary_label,q09_q12,4,fold_3,62,15,1,0,completed,,,,,,,1.0
cmdc_protocol_q09_q12_binary_tfidf_logistic,CMDC,binary_label,q09_q12,4,fold_4,62,15,1,0,completed,,,,,,,1.0
cmdc_protocol_q09_q12_binary_tfidf_logistic,CMDC,binary_label,q09_q12,4,fold_5,62,15,1,0,completed,,,,,,,1.0
cmdc_protocol_all_questions_phq9_tfidf_ridge,CMDC,phq9_total,all_questions,0,fold_1,61,16,0,0,completed,,10.0,False,,,0.0,
cmdc_protocol_all_questions_phq9_tfidf_ridge,CMDC,phq9_total,all_questions,0,fold_2,61,16,0,0,completed,,10.0,False,,,0.0,
cmdc_protocol_all_questions_phq9_tfidf_ridge,CMDC,phq9_total,all_questions,0,fold_3,62,15,0,0,completed,,10.0,False,,,0.0,
cmdc_protocol_all_questions_phq9_tfidf_ridge,CMDC,phq9_total,all_questions,0,fold_4,62,15,0,0,completed,,10.0,False,,,0.0,
cmdc_protocol_all_questions_phq9_tfidf_ridge,CMDC,phq9_total,all_questions,0,fold_5,62,15,0,0,completed,,10.0,False,,,0.0,
cmdc_protocol_all_questions_phq9_tfidf_ridge,CMDC,phq9_total,all_questions,1,fold_1,61,16,0,0,completed,,10.0,False,,,0.0,
cmdc_protocol_all_questions_phq9_tfidf_ridge,CMDC,phq9_total,all_questions,1,fold_2,61,16,0,0,completed,,10.0,False,,,0.0,
cmdc_protocol_all_questions_phq9_tfidf_ridge,CMDC,phq9_total,all_questions,1,fold_3,62,15,0,0,completed,,10.0,False,,,0.0,
cmdc_protocol_all_questions_phq9_tfidf_ridge,CMDC,phq9_total,all_questions,1,fold_4,62,15,0,0,completed,,10.0,False,,,0.0,
cmdc_protocol_all_questions_phq9_tfidf_ridge,CMDC,phq9_total,all_questions,1,fold_5,62,15,0,0,completed,,10.0,False,,,0.0,
cmdc_protocol_all_questions_phq9_tfidf_ridge,CMDC,phq9_total,all_questions,2,fold_1,61,16,0,0,completed,,10.0,False,,,0.0,
cmdc_protocol_all_questions_phq9_tfidf_ridge,CMDC,phq9_total,all_questions,2,fold_2,61,16,0,0,completed,,10.0,False,,,0.0,
cmdc_protocol_all_questions_phq9_tfidf_ridge,CMDC,phq9_total,all_questions,2,fold_3,62,15,0,0,completed,,10.0,False,,,0.0,
cmdc_protocol_all_questions_phq9_tfidf_ridge,CMDC,phq9_total,all_questions,2,fold_4,62,15,0,0,completed,,10.0,False,,,0.0,
cmdc_protocol_all_questions_phq9_tfidf_ridge,CMDC,phq9_total,all_questions,2,fold_5,62,15,0,0,completed,,10.0,False,,,0.0,
cmdc_protocol_all_questions_phq9_tfidf_ridge,CMDC,phq9_total,all_questions,3,fold_1,61,16,0,0,completed,,10.0,False,,,0.0,
cmdc_protocol_all_questions_phq9_tfidf_ridge,CMDC,phq9_total,all_questions,3,fold_2,61,16,0,0,completed,,10.0,False,,,0.0,
cmdc_protocol_all_questions_phq9_tfidf_ridge,CMDC,phq9_total,all_questions,3,fold_3,62,15,0,0,completed,,10.0,False,,,0.0,
cmdc_protocol_all_questions_phq9_tfidf_ridge,CMDC,phq9_total,all_questions,3,fold_4,62,15,0,0,completed,,10.0,False,,,0.0,
cmdc_protocol_all_questions_phq9_tfidf_ridge,CMDC,phq9_total,all_questions,3,fold_5,62,15,0,0,completed,,10.0,False,,,0.0,
cmdc_protocol_all_questions_phq9_tfidf_ridge,CMDC,phq9_total,all_questions,4,fold_1,61,16,0,0,completed,,10.0,False,,,0.0,
cmdc_protocol_all_questions_phq9_tfidf_ridge,CMDC,phq9_total,all_questions,4,fold_2,61,16,0,0,completed,,10.0,False,,,0.0,
cmdc_protocol_all_questions_phq9_tfidf_ridge,CMDC,phq9_total,all_questions,4,fold_3,62,15,0,0,completed,,10.0,False,,,0.0,
cmdc_protocol_all_questions_phq9_tfidf_ridge,CMDC,phq9_total,all_questions,4,fold_4,62,15,0,0,completed,,10.0,False,,,0.0,
cmdc_protocol_all_questions_phq9_tfidf_ridge,CMDC,phq9_total,all_questions,4,fold_5,62,15,0,0,completed,,10.0,False,,,0.0,
cmdc_protocol_q01_only_phq9_tfidf_ridge,CMDC,phq9_total,q01_only,0,fold_1,61,16,0,0,completed,,10.0,False,,,0.0,
cmdc_protocol_q01_only_phq9_tfidf_ridge,CMDC,phq9_total,q01_only,0,fold_2,61,16,0,0,completed,,10.0,False,,,0.0,
cmdc_protocol_q01_only_phq9_tfidf_ridge,CMDC,phq9_total,q01_only,0,fold_3,62,15,0,0,completed,,10.0,False,,,0.0,
cmdc_protocol_q01_only_phq9_tfidf_ridge,CMDC,phq9_total,q01_only,0,fold_4,62,15,0,0,completed,,10.0,False,,,0.0,
cmdc_protocol_q01_only_phq9_tfidf_ridge,CMDC,phq9_total,q01_only,0,fold_5,62,15,0,0,completed,,10.0,False,,,0.0,
cmdc_protocol_q01_only_phq9_tfidf_ridge,CMDC,phq9_total,q01_only,1,fold_1,61,16,0,0,completed,,10.0,False,,,0.0,
cmdc_protocol_q01_only_phq9_tfidf_ridge,CMDC,phq9_total,q01_only,1,fold_2,61,16,0,0,completed,,10.0,False,,,0.0,
cmdc_protocol_q01_only_phq9_tfidf_ridge,CMDC,phq9_total,q01_only,1,fold_3,62,15,0,0,completed,,10.0,False,,,0.0,
cmdc_protocol_q01_only_phq9_tfidf_ridge,CMDC,phq9_total,q01_only,1,fold_4,62,15,0,0,completed,,10.0,False,,,0.0,
cmdc_protocol_q01_only_phq9_tfidf_ridge,CMDC,phq9_total,q01_only,1,fold_5,62,15,0,0,completed,,10.0,False,,,0.0,
cmdc_protocol_q01_only_phq9_tfidf_ridge,CMDC,phq9_total,q01_only,2,fold_1,61,16,0,0,completed,,10.0,False,,,0.0,
cmdc_protocol_q01_only_phq9_tfidf_ridge,CMDC,phq9_total,q01_only,2,fold_2,61,16,0,0,completed,,10.0,False,,,0.0,
cmdc_protocol_q01_only_phq9_tfidf_ridge,CMDC,phq9_total,q01_only,2,fold_3,62,15,0,0,completed,,10.0,False,,,0.0,
cmdc_protocol_q01_only_phq9_tfidf_ridge,CMDC,phq9_total,q01_only,2,fold_4,62,15,0,0,completed,,10.0,False,,,0.0,
cmdc_protocol_q01_only_phq9_tfidf_ridge,CMDC,phq9_total,q01_only,2,fold_5,62,15,0,0,completed,,10.0,False,,,0.0,
cmdc_protocol_q01_only_phq9_tfidf_ridge,CMDC,phq9_total,q01_only,3,fold_1,61,16,0,0,completed,,10.0,False,,,0.0,
cmdc_protocol_q01_only_phq9_tfidf_ridge,CMDC,phq9_total,q01_only,3,fold_2,61,16,0,0,completed,,10.0,False,,,0.0,
cmdc_protocol_q01_only_phq9_tfidf_ridge,CMDC,phq9_total,q01_only,3,fold_3,62,15,0,0,completed,,10.0,False,,,0.0,
cmdc_protocol_q01_only_phq9_tfidf_ridge,CMDC,phq9_total,q01_only,3,fold_4,62,15,0,0,completed,,10.0,False,,,0.0,
cmdc_protocol_q01_only_phq9_tfidf_ridge,CMDC,phq9_total,q01_only,3,fold_5,62,15,0,0,completed,,10.0,False,,,0.0,
cmdc_protocol_q01_only_phq9_tfidf_ridge,CMDC,phq9_total,q01_only,4,fold_1,61,16,0,0,completed,,10.0,False,,,0.0,
cmdc_protocol_q01_only_phq9_tfidf_ridge,CMDC,phq9_total,q01_only,4,fold_2,61,16,0,0,completed,,10.0,False,,,0.0,
cmdc_protocol_q01_only_phq9_tfidf_ridge,CMDC,phq9_total,q01_only,4,fold_3,62,15,0,0,completed,,10.0,False,,,0.0,
cmdc_protocol_q01_only_phq9_tfidf_ridge,CMDC,phq9_total,q01_only,4,fold_4,62,15,0,0,completed,,10.0,False,,,0.0,
cmdc_protocol_q01_only_phq9_tfidf_ridge,CMDC,phq9_total,q01_only,4,fold_5,62,15,0,0,completed,,10.0,False,,,0.0,
cmdc_protocol_q02_only_phq9_tfidf_ridge,CMDC,phq9_total,q02_only,0,fold_1,61,16,0,0,completed,,10.0,False,,,0.0,
cmdc_protocol_q02_only_phq9_tfidf_ridge,CMDC,phq9_total,q02_only,0,fold_2,61,16,0,0,completed,,10.0,False,,,0.0,
cmdc_protocol_q02_only_phq9_tfidf_ridge,CMDC,phq9_total,q02_only,0,fold_3,62,15,0,0,completed,,10.0,False,,,0.0,
cmdc_protocol_q02_only_phq9_tfidf_ridge,CMDC,phq9_total,q02_only,0,fold_4,62,15,0,0,completed,,10.0,False,,,0.0,
cmdc_protocol_q02_only_phq9_tfidf_ridge,CMDC,phq9_total,q02_only,0,fold_5,62,15,0,0,completed,,10.0,False,,,0.0,
cmdc_protocol_q02_only_phq9_tfidf_ridge,CMDC,phq9_total,q02_only,1,fold_1,61,16,0,0,completed,,10.0,False,,,0.0,
cmdc_protocol_q02_only_phq9_tfidf_ridge,CMDC,phq9_total,q02_only,1,fold_2,61,16,0,0,completed,,10.0,False,,,0.0,
cmdc_protocol_q02_only_phq9_tfidf_ridge,CMDC,phq9_total,q02_only,1,fold_3,62,15,0,0,completed,,10.0,False,,,0.0,
cmdc_protocol_q02_only_phq9_tfidf_ridge,CMDC,phq9_total,q02_only,1,fold_4,62,15,0,0,completed,,10.0,False,,,0.0,
cmdc_protocol_q02_only_phq9_tfidf_ridge,CMDC,phq9_total,q02_only,1,fold_5,62,15,0,0,completed,,10.0,False,,,0.0,
cmdc_protocol_q02_only_phq9_tfidf_ridge,CMDC,phq9_total,q02_only,2,fold_1,61,16,0,0,completed,,10.0,False,,,0.0,
cmdc_protocol_q02_only_phq9_tfidf_ridge,CMDC,phq9_total,q02_only,2,fold_2,61,16,0,0,completed,,10.0,False,,,0.0,
cmdc_protocol_q02_only_phq9_tfidf_ridge,CMDC,phq9_total,q02_only,2,fold_3,62,15,0,0,completed,,10.0,False,,,0.0,
cmdc_protocol_q02_only_phq9_tfidf_ridge,CMDC,phq9_total,q02_only,2,fold_4,62,15,0,0,completed,,10.0,False,,,0.0,
cmdc_protocol_q02_only_phq9_tfidf_ridge,CMDC,phq9_total,q02_only,2,fold_5,62,15,0,0,completed,,10.0,False,,,0.0,
cmdc_protocol_q02_only_phq9_tfidf_ridge,CMDC,phq9_total,q02_only,3,fold_1,61,16,0,0,completed,,10.0,False,,,0.0,
cmdc_protocol_q02_only_phq9_tfidf_ridge,CMDC,phq9_total,q02_only,3,fold_2,61,16,0,0,completed,,10.0,False,,,0.0,
cmdc_protocol_q02_only_phq9_tfidf_ridge,CMDC,phq9_total,q02_only,3,fold_3,62,15,0,0,completed,,10.0,False,,,0.0,
cmdc_protocol_q02_only_phq9_tfidf_ridge,CMDC,phq9_total,q02_only,3,fold_4,62,15,0,0,completed,,10.0,False,,,0.0,
cmdc_protocol_q02_only_phq9_tfidf_ridge,CMDC,phq9_total,q02_only,3,fold_5,62,15,0,0,completed,,10.0,False,,,0.0,
cmdc_protocol_q02_only_phq9_tfidf_ridge,CMDC,phq9_total,q02_only,4,fold_1,61,16,0,0,completed,,10.0,False,,,0.0,
cmdc_protocol_q02_only_phq9_tfidf_ridge,CMDC,phq9_total,q02_only,4,fold_2,61,16,0,0,completed,,10.0,False,,,0.0,
cmdc_protocol_q02_only_phq9_tfidf_ridge,CMDC,phq9_total,q02_only,4,fold_3,62,15,0,0,completed,,10.0,False,,,0.0,
cmdc_protocol_q02_only_phq9_tfidf_ridge,CMDC,phq9_total,q02_only,4,fold_4,62,15,0,0,completed,,10.0,False,,,0.0,
cmdc_protocol_q02_only_phq9_tfidf_ridge,CMDC,phq9_total,q02_only,4,fold_5,62,15,0,0,completed,,10.0,False,,,0.0,
cmdc_protocol_q03_only_phq9_tfidf_ridge,CMDC,phq9_total,q03_only,0,fold_1,61,16,1,0,completed,,10.0,False,,,0.0,
cmdc_protocol_q03_only_phq9_tfidf_ridge,CMDC,phq9_total,q03_only,0,fold_2,61,16,1,0,completed,,10.0,False,,,0.0,
cmdc_protocol_q03_only_phq9_tfidf_ridge,CMDC,phq9_total,q03_only,0,fold_3,62,15,1,0,completed,,10.0,False,,,0.0,
cmdc_protocol_q03_only_phq9_tfidf_ridge,CMDC,phq9_total,q03_only,0,fold_4,62,15,0,1,completed,,10.0,False,,,0.0,
cmdc_protocol_q03_only_phq9_tfidf_ridge,CMDC,phq9_total,q03_only,0,fold_5,62,15,1,0,completed,,10.0,False,,,0.0,
cmdc_protocol_q03_only_phq9_tfidf_ridge,CMDC,phq9_total,q03_only,1,fold_1,61,16,1,0,completed,,10.0,False,,,0.0,
cmdc_protocol_q03_only_phq9_tfidf_ridge,CMDC,phq9_total,q03_only,1,fold_2,61,16,1,0,completed,,10.0,False,,,0.0,
cmdc_protocol_q03_only_phq9_tfidf_ridge,CMDC,phq9_total,q03_only,1,fold_3,62,15,1,0,completed,,10.0,False,,,0.0,
cmdc_protocol_q03_only_phq9_tfidf_ridge,CMDC,phq9_total,q03_only,1,fold_4,62,15,0,1,completed,,10.0,False,,,0.0,
cmdc_protocol_q03_only_phq9_tfidf_ridge,CMDC,phq9_total,q03_only,1,fold_5,62,15,1,0,completed,,10.0,False,,,0.0,
cmdc_protocol_q03_only_phq9_tfidf_ridge,CMDC,phq9_total,q03_only,2,fold_1,61,16,1,0,completed,,10.0,False,,,0.0,
cmdc_protocol_q03_only_phq9_tfidf_ridge,CMDC,phq9_total,q03_only,2,fold_2,61,16,1,0,completed,,10.0,False,,,0.0,
cmdc_protocol_q03_only_phq9_tfidf_ridge,CMDC,phq9_total,q03_only,2,fold_3,62,15,1,0,completed,,10.0,False,,,0.0,
cmdc_protocol_q03_only_phq9_tfidf_ridge,CMDC,phq9_total,q03_only,2,fold_4,62,15,0,1,completed,,10.0,False,,,0.0,
cmdc_protocol_q03_only_phq9_tfidf_ridge,CMDC,phq9_total,q03_only,2,fold_5,62,15,1,0,completed,,10.0,False,,,0.0,
cmdc_protocol_q03_only_phq9_tfidf_ridge,CMDC,phq9_total,q03_only,3,fold_1,61,16,1,0,completed,,10.0,False,,,0.0,
cmdc_protocol_q03_only_phq9_tfidf_ridge,CMDC,phq9_total,q03_only,3,fold_2,61,16,1,0,completed,,10.0,False,,,0.0,
cmdc_protocol_q03_only_phq9_tfidf_ridge,CMDC,phq9_total,q03_only,3,fold_3,62,15,1,0,completed,,10.0,False,,,0.0,
cmdc_protocol_q03_only_phq9_tfidf_ridge,CMDC,phq9_total,q03_only,3,fold_4,62,15,0,1,completed,,10.0,False,,,0.0,
cmdc_protocol_q03_only_phq9_tfidf_ridge,CMDC,phq9_total,q03_only,3,fold_5,62,15,1,0,completed,,10.0,False,,,0.0,
cmdc_protocol_q03_only_phq9_tfidf_ridge,CMDC,phq9_total,q03_only,4,fold_1,61,16,1,0,completed,,10.0,False,,,0.0,
cmdc_protocol_q03_only_phq9_tfidf_ridge,CMDC,phq9_total,q03_only,4,fold_2,61,16,1,0,completed,,10.0,False,,,0.0,
cmdc_protocol_q03_only_phq9_tfidf_ridge,CMDC,phq9_total,q03_only,4,fold_3,62,15,1,0,completed,,10.0,False,,,0.0,
cmdc_protocol_q03_only_phq9_tfidf_ridge,CMDC,phq9_total,q03_only,4,fold_4,62,15,0,1,completed,,10.0,False,,,0.0,
cmdc_protocol_q03_only_phq9_tfidf_ridge,CMDC,phq9_total,q03_only,4,fold_5,62,15,1,0,completed,,10.0,False,,,0.0,
cmdc_protocol_q04_only_phq9_tfidf_ridge,CMDC,phq9_total,q04_only,0,fold_1,61,16,0,1,completed,,10.0,False,,,0.0,
cmdc_protocol_q04_only_phq9_tfidf_ridge,CMDC,phq9_total,q04_only,0,fold_2,61,16,1,0,completed,,10.0,False,,,0.0,
cmdc_protocol_q04_only_phq9_tfidf_ridge,CMDC,phq9_total,q04_only,0,fold_3,62,15,1,0,completed,,10.0,False,,,0.0,
cmdc_protocol_q04_only_phq9_tfidf_ridge,CMDC,phq9_total,q04_only,0,fold_4,62,15,1,0,completed,,10.0,False,,,0.0,
cmdc_protocol_q04_only_phq9_tfidf_ridge,CMDC,phq9_total,q04_only,0,fold_5,62,15,1,0,completed,,10.0,False,,,0.0,
cmdc_protocol_q04_only_phq9_tfidf_ridge,CMDC,phq9_total,q04_only,1,fold_1,61,16,0,1,completed,,10.0,False,,,0.0,
cmdc_protocol_q04_only_phq9_tfidf_ridge,CMDC,phq9_total,q04_only,1,fold_2,61,16,1,0,completed,,10.0,False,,,0.0,
cmdc_protocol_q04_only_phq9_tfidf_ridge,CMDC,phq9_total,q04_only,1,fold_3,62,15,1,0,completed,,10.0,False,,,0.0,
cmdc_protocol_q04_only_phq9_tfidf_ridge,CMDC,phq9_total,q04_only,1,fold_4,62,15,1,0,completed,,10.0,False,,,0.0,
cmdc_protocol_q04_only_phq9_tfidf_ridge,CMDC,phq9_total,q04_only,1,fold_5,62,15,1,0,completed,,10.0,False,,,0.0,
cmdc_protocol_q04_only_phq9_tfidf_ridge,CMDC,phq9_total,q04_only,2,fold_1,61,16,0,1,completed,,10.0,False,,,0.0,
cmdc_protocol_q04_only_phq9_tfidf_ridge,CMDC,phq9_total,q04_only,2,fold_2,61,16,1,0,completed,,10.0,False,,,0.0,
cmdc_protocol_q04_only_phq9_tfidf_ridge,CMDC,phq9_total,q04_only,2,fold_3,62,15,1,0,completed,,10.0,False,,,0.0,
cmdc_protocol_q04_only_phq9_tfidf_ridge,CMDC,phq9_total,q04_only,2,fold_4,62,15,1,0,completed,,10.0,False,,,0.0,
cmdc_protocol_q04_only_phq9_tfidf_ridge,CMDC,phq9_total,q04_only,2,fold_5,62,15,1,0,completed,,10.0,False,,,0.0,
cmdc_protocol_q04_only_phq9_tfidf_ridge,CMDC,phq9_total,q04_only,3,fold_1,61,16,0,1,completed,,10.0,False,,,0.0,
cmdc_protocol_q04_only_phq9_tfidf_ridge,CMDC,phq9_total,q04_only,3,fold_2,61,16,1,0,completed,,10.0,False,,,0.0,
cmdc_protocol_q04_only_phq9_tfidf_ridge,CMDC,phq9_total,q04_only,3,fold_3,62,15,1,0,completed,,10.0,False,,,0.0,
cmdc_protocol_q04_only_phq9_tfidf_ridge,CMDC,phq9_total,q04_only,3,fold_4,62,15,1,0,completed,,10.0,False,,,0.0,
cmdc_protocol_q04_only_phq9_tfidf_ridge,CMDC,phq9_total,q04_only,3,fold_5,62,15,1,0,completed,,10.0,False,,,0.0,
cmdc_protocol_q04_only_phq9_tfidf_ridge,CMDC,phq9_total,q04_only,4,fold_1,61,16,0,1,completed,,10.0,False,,,0.0,
cmdc_protocol_q04_only_phq9_tfidf_ridge,CMDC,phq9_total,q04_only,4,fold_2,61,16,1,0,completed,,10.0,False,,,0.0,
cmdc_protocol_q04_only_phq9_tfidf_ridge,CMDC,phq9_total,q04_only,4,fold_3,62,15,1,0,completed,,10.0,False,,,0.0,
cmdc_protocol_q04_only_phq9_tfidf_ridge,CMDC,phq9_total,q04_only,4,fold_4,62,15,1,0,completed,,10.0,False,,,0.0,
cmdc_protocol_q04_only_phq9_tfidf_ridge,CMDC,phq9_total,q04_only,4,fold_5,62,15,1,0,completed,,10.0,False,,,0.0,
cmdc_protocol_q05_only_phq9_tfidf_ridge,CMDC,phq9_total,q05_only,0,fold_1,61,16,1,0,completed,,10.0,False,,,0.0,
cmdc_protocol_q05_only_phq9_tfidf_ridge,CMDC,phq9_total,q05_only,0,fold_2,61,16,0,1,completed,,10.0,False,,,0.0,
cmdc_protocol_q05_only_phq9_tfidf_ridge,CMDC,phq9_total,q05_only,0,fold_3,62,15,1,0,completed,,10.0,False,,,0.0,
cmdc_protocol_q05_only_phq9_tfidf_ridge,CMDC,phq9_total,q05_only,0,fold_4,62,15,1,0,completed,,10.0,False,,,0.0,
cmdc_protocol_q05_only_phq9_tfidf_ridge,CMDC,phq9_total,q05_only,0,fold_5,62,15,1,0,completed,,10.0,False,,,0.0,
cmdc_protocol_q05_only_phq9_tfidf_ridge,CMDC,phq9_total,q05_only,1,fold_1,61,16,1,0,completed,,10.0,False,,,0.0,
cmdc_protocol_q05_only_phq9_tfidf_ridge,CMDC,phq9_total,q05_only,1,fold_2,61,16,0,1,completed,,10.0,False,,,0.0,
cmdc_protocol_q05_only_phq9_tfidf_ridge,CMDC,phq9_total,q05_only,1,fold_3,62,15,1,0,completed,,10.0,False,,,0.0,
cmdc_protocol_q05_only_phq9_tfidf_ridge,CMDC,phq9_total,q05_only,1,fold_4,62,15,1,0,completed,,10.0,False,,,0.0,
cmdc_protocol_q05_only_phq9_tfidf_ridge,CMDC,phq9_total,q05_only,1,fold_5,62,15,1,0,completed,,10.0,False,,,0.0,
cmdc_protocol_q05_only_phq9_tfidf_ridge,CMDC,phq9_total,q05_only,2,fold_1,61,16,1,0,completed,,10.0,False,,,0.0,
cmdc_protocol_q05_only_phq9_tfidf_ridge,CMDC,phq9_total,q05_only,2,fold_2,61,16,0,1,completed,,10.0,False,,,0.0,
cmdc_protocol_q05_only_phq9_tfidf_ridge,CMDC,phq9_total,q05_only,2,fold_3,62,15,1,0,completed,,10.0,False,,,0.0,
cmdc_protocol_q05_only_phq9_tfidf_ridge,CMDC,phq9_total,q05_only,2,fold_4,62,15,1,0,completed,,10.0,False,,,0.0,
cmdc_protocol_q05_only_phq9_tfidf_ridge,CMDC,phq9_total,q05_only,2,fold_5,62,15,1,0,completed,,10.0,False,,,0.0,
cmdc_protocol_q05_only_phq9_tfidf_ridge,CMDC,phq9_total,q05_only,3,fold_1,61,16,1,0,completed,,10.0,False,,,0.0,
cmdc_protocol_q05_only_phq9_tfidf_ridge,CMDC,phq9_total,q05_only,3,fold_2,61,16,0,1,completed,,10.0,False,,,0.0,
cmdc_protocol_q05_only_phq9_tfidf_ridge,CMDC,phq9_total,q05_only,3,fold_3,62,15,1,0,completed,,10.0,False,,,0.0,
cmdc_protocol_q05_only_phq9_tfidf_ridge,CMDC,phq9_total,q05_only,3,fold_4,62,15,1,0,completed,,10.0,False,,,0.0,
cmdc_protocol_q05_only_phq9_tfidf_ridge,CMDC,phq9_total,q05_only,3,fold_5,62,15,1,0,completed,,10.0,False,,,0.0,
cmdc_protocol_q05_only_phq9_tfidf_ridge,CMDC,phq9_total,q05_only,4,fold_1,61,16,1,0,completed,,10.0,False,,,0.0,
cmdc_protocol_q05_only_phq9_tfidf_ridge,CMDC,phq9_total,q05_only,4,fold_2,61,16,0,1,completed,,10.0,False,,,0.0,
cmdc_protocol_q05_only_phq9_tfidf_ridge,CMDC,phq9_total,q05_only,4,fold_3,62,15,1,0,completed,,10.0,False,,,0.0,
cmdc_protocol_q05_only_phq9_tfidf_ridge,CMDC,phq9_total,q05_only,4,fold_4,62,15,1,0,completed,,10.0,False,,,0.0,
cmdc_protocol_q05_only_phq9_tfidf_ridge,CMDC,phq9_total,q05_only,4,fold_5,62,15,1,0,completed,,10.0,False,,,0.0,
cmdc_protocol_q06_only_phq9_tfidf_ridge,CMDC,phq9_total,q06_only,0,fold_1,61,16,1,0,completed,,10.0,False,,,0.0,
cmdc_protocol_q06_only_phq9_tfidf_ridge,CMDC,phq9_total,q06_only,0,fold_2,61,16,1,0,completed,,10.0,False,,,0.0,
cmdc_protocol_q06_only_phq9_tfidf_ridge,CMDC,phq9_total,q06_only,0,fold_3,62,15,0,1,completed,,10.0,False,,,0.0,
cmdc_protocol_q06_only_phq9_tfidf_ridge,CMDC,phq9_total,q06_only,0,fold_4,62,15,1,0,completed,,10.0,False,,,0.0,
cmdc_protocol_q06_only_phq9_tfidf_ridge,CMDC,phq9_total,q06_only,0,fold_5,62,15,1,0,completed,,10.0,False,,,0.0,
cmdc_protocol_q06_only_phq9_tfidf_ridge,CMDC,phq9_total,q06_only,1,fold_1,61,16,1,0,completed,,10.0,False,,,0.0,
cmdc_protocol_q06_only_phq9_tfidf_ridge,CMDC,phq9_total,q06_only,1,fold_2,61,16,1,0,completed,,10.0,False,,,0.0,
cmdc_protocol_q06_only_phq9_tfidf_ridge,CMDC,phq9_total,q06_only,1,fold_3,62,15,0,1,completed,,10.0,False,,,0.0,
cmdc_protocol_q06_only_phq9_tfidf_ridge,CMDC,phq9_total,q06_only,1,fold_4,62,15,1,0,completed,,10.0,False,,,0.0,
cmdc_protocol_q06_only_phq9_tfidf_ridge,CMDC,phq9_total,q06_only,1,fold_5,62,15,1,0,completed,,10.0,False,,,0.0,
cmdc_protocol_q06_only_phq9_tfidf_ridge,CMDC,phq9_total,q06_only,2,fold_1,61,16,1,0,completed,,10.0,False,,,0.0,
cmdc_protocol_q06_only_phq9_tfidf_ridge,CMDC,phq9_total,q06_only,2,fold_2,61,16,1,0,completed,,10.0,False,,,0.0,
cmdc_protocol_q06_only_phq9_tfidf_ridge,CMDC,phq9_total,q06_only,2,fold_3,62,15,0,1,completed,,10.0,False,,,0.0,
cmdc_protocol_q06_only_phq9_tfidf_ridge,CMDC,phq9_total,q06_only,2,fold_4,62,15,1,0,completed,,10.0,False,,,0.0,
cmdc_protocol_q06_only_phq9_tfidf_ridge,CMDC,phq9_total,q06_only,2,fold_5,62,15,1,0,completed,,10.0,False,,,0.0,
cmdc_protocol_q06_only_phq9_tfidf_ridge,CMDC,phq9_total,q06_only,3,fold_1,61,16,1,0,completed,,10.0,False,,,0.0,
cmdc_protocol_q06_only_phq9_tfidf_ridge,CMDC,phq9_total,q06_only,3,fold_2,61,16,1,0,completed,,10.0,False,,,0.0,
cmdc_protocol_q06_only_phq9_tfidf_ridge,CMDC,phq9_total,q06_only,3,fold_3,62,15,0,1,completed,,10.0,False,,,0.0,
cmdc_protocol_q06_only_phq9_tfidf_ridge,CMDC,phq9_total,q06_only,3,fold_4,62,15,1,0,completed,,10.0,False,,,0.0,
cmdc_protocol_q06_only_phq9_tfidf_ridge,CMDC,phq9_total,q06_only,3,fold_5,62,15,1,0,completed,,10.0,False,,,0.0,
cmdc_protocol_q06_only_phq9_tfidf_ridge,CMDC,phq9_total,q06_only,4,fold_1,61,16,1,0,completed,,10.0,False,,,0.0,
cmdc_protocol_q06_only_phq9_tfidf_ridge,CMDC,phq9_total,q06_only,4,fold_2,61,16,1,0,completed,,10.0,False,,,0.0,
cmdc_protocol_q06_only_phq9_tfidf_ridge,CMDC,phq9_total,q06_only,4,fold_3,62,15,0,1,completed,,10.0,False,,,0.0,
cmdc_protocol_q06_only_phq9_tfidf_ridge,CMDC,phq9_total,q06_only,4,fold_4,62,15,1,0,completed,,10.0,False,,,0.0,
cmdc_protocol_q06_only_phq9_tfidf_ridge,CMDC,phq9_total,q06_only,4,fold_5,62,15,1,0,completed,,10.0,False,,,0.0,
cmdc_protocol_q07_only_phq9_tfidf_ridge,CMDC,phq9_total,q07_only,0,fold_1,61,16,0,0,completed,,10.0,False,,,0.0,
cmdc_protocol_q07_only_phq9_tfidf_ridge,CMDC,phq9_total,q07_only,0,fold_2,61,16,0,0,completed,,10.0,False,,,0.0,
cmdc_protocol_q07_only_phq9_tfidf_ridge,CMDC,phq9_total,q07_only,0,fold_3,62,15,0,0,completed,,10.0,False,,,0.0,
cmdc_protocol_q07_only_phq9_tfidf_ridge,CMDC,phq9_total,q07_only,0,fold_4,62,15,0,0,completed,,10.0,False,,,0.0,
cmdc_protocol_q07_only_phq9_tfidf_ridge,CMDC,phq9_total,q07_only,0,fold_5,62,15,0,0,completed,,10.0,False,,,0.0,
cmdc_protocol_q07_only_phq9_tfidf_ridge,CMDC,phq9_total,q07_only,1,fold_1,61,16,0,0,completed,,10.0,False,,,0.0,
cmdc_protocol_q07_only_phq9_tfidf_ridge,CMDC,phq9_total,q07_only,1,fold_2,61,16,0,0,completed,,10.0,False,,,0.0,
cmdc_protocol_q07_only_phq9_tfidf_ridge,CMDC,phq9_total,q07_only,1,fold_3,62,15,0,0,completed,,10.0,False,,,0.0,
cmdc_protocol_q07_only_phq9_tfidf_ridge,CMDC,phq9_total,q07_only,1,fold_4,62,15,0,0,completed,,10.0,False,,,0.0,
cmdc_protocol_q07_only_phq9_tfidf_ridge,CMDC,phq9_total,q07_only,1,fold_5,62,15,0,0,completed,,10.0,False,,,0.0,
cmdc_protocol_q07_only_phq9_tfidf_ridge,CMDC,phq9_total,q07_only,2,fold_1,61,16,0,0,completed,,10.0,False,,,0.0,
cmdc_protocol_q07_only_phq9_tfidf_ridge,CMDC,phq9_total,q07_only,2,fold_2,61,16,0,0,completed,,10.0,False,,,0.0,
cmdc_protocol_q07_only_phq9_tfidf_ridge,CMDC,phq9_total,q07_only,2,fold_3,62,15,0,0,completed,,10.0,False,,,0.0,
cmdc_protocol_q07_only_phq9_tfidf_ridge,CMDC,phq9_total,q07_only,2,fold_4,62,15,0,0,completed,,10.0,False,,,0.0,
cmdc_protocol_q07_only_phq9_tfidf_ridge,CMDC,phq9_total,q07_only,2,fold_5,62,15,0,0,completed,,10.0,False,,,0.0,
cmdc_protocol_q07_only_phq9_tfidf_ridge,CMDC,phq9_total,q07_only,3,fold_1,61,16,0,0,completed,,10.0,False,,,0.0,
cmdc_protocol_q07_only_phq9_tfidf_ridge,CMDC,phq9_total,q07_only,3,fold_2,61,16,0,0,completed,,10.0,False,,,0.0,
cmdc_protocol_q07_only_phq9_tfidf_ridge,CMDC,phq9_total,q07_only,3,fold_3,62,15,0,0,completed,,10.0,False,,,0.0,
cmdc_protocol_q07_only_phq9_tfidf_ridge,CMDC,phq9_total,q07_only,3,fold_4,62,15,0,0,completed,,10.0,False,,,0.0,
cmdc_protocol_q07_only_phq9_tfidf_ridge,CMDC,phq9_total,q07_only,3,fold_5,62,15,0,0,completed,,10.0,False,,,0.0,
cmdc_protocol_q07_only_phq9_tfidf_ridge,CMDC,phq9_total,q07_only,4,fold_1,61,16,0,0,completed,,10.0,False,,,0.0,
cmdc_protocol_q07_only_phq9_tfidf_ridge,CMDC,phq9_total,q07_only,4,fold_2,61,16,0,0,completed,,10.0,False,,,0.0,
cmdc_protocol_q07_only_phq9_tfidf_ridge,CMDC,phq9_total,q07_only,4,fold_3,62,15,0,0,completed,,10.0,False,,,0.0,
cmdc_protocol_q07_only_phq9_tfidf_ridge,CMDC,phq9_total,q07_only,4,fold_4,62,15,0,0,completed,,10.0,False,,,0.0,
cmdc_protocol_q07_only_phq9_tfidf_ridge,CMDC,phq9_total,q07_only,4,fold_5,62,15,0,0,completed,,10.0,False,,,0.0,
cmdc_protocol_q08_only_phq9_tfidf_ridge,CMDC,phq9_total,q08_only,0,fold_1,61,16,0,1,completed,,10.0,False,,,0.0,
cmdc_protocol_q08_only_phq9_tfidf_ridge,CMDC,phq9_total,q08_only,0,fold_2,61,16,1,0,completed,,10.0,False,,,0.0,
cmdc_protocol_q08_only_phq9_tfidf_ridge,CMDC,phq9_total,q08_only,0,fold_3,62,15,1,0,completed,,10.0,False,,,0.0,
cmdc_protocol_q08_only_phq9_tfidf_ridge,CMDC,phq9_total,q08_only,0,fold_4,62,15,1,0,completed,,10.0,False,,,0.0,
cmdc_protocol_q08_only_phq9_tfidf_ridge,CMDC,phq9_total,q08_only,0,fold_5,62,15,1,0,completed,,10.0,False,,,0.0,
cmdc_protocol_q08_only_phq9_tfidf_ridge,CMDC,phq9_total,q08_only,1,fold_1,61,16,0,1,completed,,10.0,False,,,0.0,
cmdc_protocol_q08_only_phq9_tfidf_ridge,CMDC,phq9_total,q08_only,1,fold_2,61,16,1,0,completed,,10.0,False,,,0.0,
cmdc_protocol_q08_only_phq9_tfidf_ridge,CMDC,phq9_total,q08_only,1,fold_3,62,15,1,0,completed,,10.0,False,,,0.0,
cmdc_protocol_q08_only_phq9_tfidf_ridge,CMDC,phq9_total,q08_only,1,fold_4,62,15,1,0,completed,,10.0,False,,,0.0,
cmdc_protocol_q08_only_phq9_tfidf_ridge,CMDC,phq9_total,q08_only,1,fold_5,62,15,1,0,completed,,10.0,False,,,0.0,
cmdc_protocol_q08_only_phq9_tfidf_ridge,CMDC,phq9_total,q08_only,2,fold_1,61,16,0,1,completed,,10.0,False,,,0.0,
cmdc_protocol_q08_only_phq9_tfidf_ridge,CMDC,phq9_total,q08_only,2,fold_2,61,16,1,0,completed,,10.0,False,,,0.0,
cmdc_protocol_q08_only_phq9_tfidf_ridge,CMDC,phq9_total,q08_only,2,fold_3,62,15,1,0,completed,,10.0,False,,,0.0,
cmdc_protocol_q08_only_phq9_tfidf_ridge,CMDC,phq9_total,q08_only,2,fold_4,62,15,1,0,completed,,10.0,False,,,0.0,
cmdc_protocol_q08_only_phq9_tfidf_ridge,CMDC,phq9_total,q08_only,2,fold_5,62,15,1,0,completed,,10.0,False,,,0.0,
cmdc_protocol_q08_only_phq9_tfidf_ridge,CMDC,phq9_total,q08_only,3,fold_1,61,16,0,1,completed,,10.0,False,,,0.0,
cmdc_protocol_q08_only_phq9_tfidf_ridge,CMDC,phq9_total,q08_only,3,fold_2,61,16,1,0,completed,,10.0,False,,,0.0,
cmdc_protocol_q08_only_phq9_tfidf_ridge,CMDC,phq9_total,q08_only,3,fold_3,62,15,1,0,completed,,10.0,False,,,0.0,
cmdc_protocol_q08_only_phq9_tfidf_ridge,CMDC,phq9_total,q08_only,3,fold_4,62,15,1,0,completed,,10.0,False,,,0.0,
cmdc_protocol_q08_only_phq9_tfidf_ridge,CMDC,phq9_total,q08_only,3,fold_5,62,15,1,0,completed,,10.0,False,,,0.0,
cmdc_protocol_q08_only_phq9_tfidf_ridge,CMDC,phq9_total,q08_only,4,fold_1,61,16,0,1,completed,,10.0,False,,,0.0,
cmdc_protocol_q08_only_phq9_tfidf_ridge,CMDC,phq9_total,q08_only,4,fold_2,61,16,1,0,completed,,10.0,False,,,0.0,
cmdc_protocol_q08_only_phq9_tfidf_ridge,CMDC,phq9_total,q08_only,4,fold_3,62,15,1,0,completed,,10.0,False,,,0.0,
cmdc_protocol_q08_only_phq9_tfidf_ridge,CMDC,phq9_total,q08_only,4,fold_4,62,15,1,0,completed,,10.0,False,,,0.0,
cmdc_protocol_q08_only_phq9_tfidf_ridge,CMDC,phq9_total,q08_only,4,fold_5,62,15,1,0,completed,,10.0,False,,,0.0,
cmdc_protocol_q09_only_phq9_tfidf_ridge,CMDC,phq9_total,q09_only,0,fold_1,61,16,3,1,completed,,10.0,False,,,0.0,
cmdc_protocol_q09_only_phq9_tfidf_ridge,CMDC,phq9_total,q09_only,0,fold_2,61,16,4,0,completed,,10.0,False,,,0.0,
cmdc_protocol_q09_only_phq9_tfidf_ridge,CMDC,phq9_total,q09_only,0,fold_3,62,15,3,1,completed,,10.0,False,,,0.0,
cmdc_protocol_q09_only_phq9_tfidf_ridge,CMDC,phq9_total,q09_only,0,fold_4,62,15,3,1,completed,,10.0,False,,,0.0,
cmdc_protocol_q09_only_phq9_tfidf_ridge,CMDC,phq9_total,q09_only,0,fold_5,62,15,3,1,completed,,10.0,False,,,0.0,
cmdc_protocol_q09_only_phq9_tfidf_ridge,CMDC,phq9_total,q09_only,1,fold_1,61,16,3,1,completed,,10.0,False,,,0.0,
cmdc_protocol_q09_only_phq9_tfidf_ridge,CMDC,phq9_total,q09_only,1,fold_2,61,16,4,0,completed,,10.0,False,,,0.0,
cmdc_protocol_q09_only_phq9_tfidf_ridge,CMDC,phq9_total,q09_only,1,fold_3,62,15,3,1,completed,,10.0,False,,,0.0,
cmdc_protocol_q09_only_phq9_tfidf_ridge,CMDC,phq9_total,q09_only,1,fold_4,62,15,3,1,completed,,10.0,False,,,0.0,
cmdc_protocol_q09_only_phq9_tfidf_ridge,CMDC,phq9_total,q09_only,1,fold_5,62,15,3,1,completed,,10.0,False,,,0.0,
cmdc_protocol_q09_only_phq9_tfidf_ridge,CMDC,phq9_total,q09_only,2,fold_1,61,16,3,1,completed,,10.0,False,,,0.0,
cmdc_protocol_q09_only_phq9_tfidf_ridge,CMDC,phq9_total,q09_only,2,fold_2,61,16,4,0,completed,,10.0,False,,,0.0,
cmdc_protocol_q09_only_phq9_tfidf_ridge,CMDC,phq9_total,q09_only,2,fold_3,62,15,3,1,completed,,10.0,False,,,0.0,
cmdc_protocol_q09_only_phq9_tfidf_ridge,CMDC,phq9_total,q09_only,2,fold_4,62,15,3,1,completed,,10.0,False,,,0.0,
cmdc_protocol_q09_only_phq9_tfidf_ridge,CMDC,phq9_total,q09_only,2,fold_5,62,15,3,1,completed,,10.0,False,,,0.0,
cmdc_protocol_q09_only_phq9_tfidf_ridge,CMDC,phq9_total,q09_only,3,fold_1,61,16,3,1,completed,,10.0,False,,,0.0,
cmdc_protocol_q09_only_phq9_tfidf_ridge,CMDC,phq9_total,q09_only,3,fold_2,61,16,4,0,completed,,10.0,False,,,0.0,
cmdc_protocol_q09_only_phq9_tfidf_ridge,CMDC,phq9_total,q09_only,3,fold_3,62,15,3,1,completed,,10.0,False,,,0.0,
cmdc_protocol_q09_only_phq9_tfidf_ridge,CMDC,phq9_total,q09_only,3,fold_4,62,15,3,1,completed,,10.0,False,,,0.0,
cmdc_protocol_q09_only_phq9_tfidf_ridge,CMDC,phq9_total,q09_only,3,fold_5,62,15,3,1,completed,,10.0,False,,,0.0,
cmdc_protocol_q09_only_phq9_tfidf_ridge,CMDC,phq9_total,q09_only,4,fold_1,61,16,3,1,completed,,10.0,False,,,0.0,
cmdc_protocol_q09_only_phq9_tfidf_ridge,CMDC,phq9_total,q09_only,4,fold_2,61,16,4,0,completed,,10.0,False,,,0.0,
cmdc_protocol_q09_only_phq9_tfidf_ridge,CMDC,phq9_total,q09_only,4,fold_3,62,15,3,1,completed,,10.0,False,,,0.0,
cmdc_protocol_q09_only_phq9_tfidf_ridge,CMDC,phq9_total,q09_only,4,fold_4,62,15,3,1,completed,,10.0,False,,,0.0,
cmdc_protocol_q09_only_phq9_tfidf_ridge,CMDC,phq9_total,q09_only,4,fold_5,62,15,3,1,completed,,10.0,False,,,0.0,
cmdc_protocol_q10_only_phq9_tfidf_ridge,CMDC,phq9_total,q10_only,0,fold_1,61,16,3,0,completed,,10.0,False,,,0.0,
cmdc_protocol_q10_only_phq9_tfidf_ridge,CMDC,phq9_total,q10_only,0,fold_2,61,16,3,0,completed,,10.0,False,,,0.0,
cmdc_protocol_q10_only_phq9_tfidf_ridge,CMDC,phq9_total,q10_only,0,fold_3,62,15,2,1,completed,,10.0,False,,,0.0,
cmdc_protocol_q10_only_phq9_tfidf_ridge,CMDC,phq9_total,q10_only,0,fold_4,62,15,1,2,completed,,10.0,False,,,0.0,
cmdc_protocol_q10_only_phq9_tfidf_ridge,CMDC,phq9_total,q10_only,0,fold_5,62,15,3,0,completed,,10.0,False,,,0.0,
cmdc_protocol_q10_only_phq9_tfidf_ridge,CMDC,phq9_total,q10_only,1,fold_1,61,16,3,0,completed,,10.0,False,,,0.0,
cmdc_protocol_q10_only_phq9_tfidf_ridge,CMDC,phq9_total,q10_only,1,fold_2,61,16,3,0,completed,,10.0,False,,,0.0,
cmdc_protocol_q10_only_phq9_tfidf_ridge,CMDC,phq9_total,q10_only,1,fold_3,62,15,2,1,completed,,10.0,False,,,0.0,
cmdc_protocol_q10_only_phq9_tfidf_ridge,CMDC,phq9_total,q10_only,1,fold_4,62,15,1,2,completed,,10.0,False,,,0.0,
cmdc_protocol_q10_only_phq9_tfidf_ridge,CMDC,phq9_total,q10_only,1,fold_5,62,15,3,0,completed,,10.0,False,,,0.0,
cmdc_protocol_q10_only_phq9_tfidf_ridge,CMDC,phq9_total,q10_only,2,fold_1,61,16,3,0,completed,,10.0,False,,,0.0,
cmdc_protocol_q10_only_phq9_tfidf_ridge,CMDC,phq9_total,q10_only,2,fold_2,61,16,3,0,completed,,10.0,False,,,0.0,
cmdc_protocol_q10_only_phq9_tfidf_ridge,CMDC,phq9_total,q10_only,2,fold_3,62,15,2,1,completed,,10.0,False,,,0.0,
cmdc_protocol_q10_only_phq9_tfidf_ridge,CMDC,phq9_total,q10_only,2,fold_4,62,15,1,2,completed,,10.0,False,,,0.0,
cmdc_protocol_q10_only_phq9_tfidf_ridge,CMDC,phq9_total,q10_only,2,fold_5,62,15,3,0,completed,,10.0,False,,,0.0,
cmdc_protocol_q10_only_phq9_tfidf_ridge,CMDC,phq9_total,q10_only,3,fold_1,61,16,3,0,completed,,10.0,False,,,0.0,
cmdc_protocol_q10_only_phq9_tfidf_ridge,CMDC,phq9_total,q10_only,3,fold_2,61,16,3,0,completed,,10.0,False,,,0.0,
cmdc_protocol_q10_only_phq9_tfidf_ridge,CMDC,phq9_total,q10_only,3,fold_3,62,15,2,1,completed,,10.0,False,,,0.0,
cmdc_protocol_q10_only_phq9_tfidf_ridge,CMDC,phq9_total,q10_only,3,fold_4,62,15,1,2,completed,,10.0,False,,,0.0,
cmdc_protocol_q10_only_phq9_tfidf_ridge,CMDC,phq9_total,q10_only,3,fold_5,62,15,3,0,completed,,10.0,False,,,0.0,
cmdc_protocol_q10_only_phq9_tfidf_ridge,CMDC,phq9_total,q10_only,4,fold_1,61,16,3,0,completed,,10.0,False,,,0.0,
cmdc_protocol_q10_only_phq9_tfidf_ridge,CMDC,phq9_total,q10_only,4,fold_2,61,16,3,0,completed,,10.0,False,,,0.0,
cmdc_protocol_q10_only_phq9_tfidf_ridge,CMDC,phq9_total,q10_only,4,fold_3,62,15,2,1,completed,,10.0,False,,,0.0,
cmdc_protocol_q10_only_phq9_tfidf_ridge,CMDC,phq9_total,q10_only,4,fold_4,62,15,1,2,completed,,10.0,False,,,0.0,
cmdc_protocol_q10_only_phq9_tfidf_ridge,CMDC,phq9_total,q10_only,4,fold_5,62,15,3,0,completed,,10.0,False,,,0.0,
cmdc_protocol_q11_only_phq9_tfidf_ridge,CMDC,phq9_total,q11_only,0,fold_1,61,16,2,0,completed,,10.0,False,,,0.0,
cmdc_protocol_q11_only_phq9_tfidf_ridge,CMDC,phq9_total,q11_only,0,fold_2,61,16,1,1,completed,,10.0,False,,,0.0,
cmdc_protocol_q11_only_phq9_tfidf_ridge,CMDC,phq9_total,q11_only,0,fold_3,62,15,2,0,completed,,10.0,False,,,0.0,
cmdc_protocol_q11_only_phq9_tfidf_ridge,CMDC,phq9_total,q11_only,0,fold_4,62,15,1,1,completed,,10.0,False,,,0.0,
cmdc_protocol_q11_only_phq9_tfidf_ridge,CMDC,phq9_total,q11_only,0,fold_5,62,15,2,0,completed,,10.0,False,,,0.0,
cmdc_protocol_q11_only_phq9_tfidf_ridge,CMDC,phq9_total,q11_only,1,fold_1,61,16,2,0,completed,,10.0,False,,,0.0,
cmdc_protocol_q11_only_phq9_tfidf_ridge,CMDC,phq9_total,q11_only,1,fold_2,61,16,1,1,completed,,10.0,False,,,0.0,
cmdc_protocol_q11_only_phq9_tfidf_ridge,CMDC,phq9_total,q11_only,1,fold_3,62,15,2,0,completed,,10.0,False,,,0.0,
cmdc_protocol_q11_only_phq9_tfidf_ridge,CMDC,phq9_total,q11_only,1,fold_4,62,15,1,1,completed,,10.0,False,,,0.0,
cmdc_protocol_q11_only_phq9_tfidf_ridge,CMDC,phq9_total,q11_only,1,fold_5,62,15,2,0,completed,,10.0,False,,,0.0,
cmdc_protocol_q11_only_phq9_tfidf_ridge,CMDC,phq9_total,q11_only,2,fold_1,61,16,2,0,completed,,10.0,False,,,0.0,
cmdc_protocol_q11_only_phq9_tfidf_ridge,CMDC,phq9_total,q11_only,2,fold_2,61,16,1,1,completed,,10.0,False,,,0.0,
cmdc_protocol_q11_only_phq9_tfidf_ridge,CMDC,phq9_total,q11_only,2,fold_3,62,15,2,0,completed,,10.0,False,,,0.0,
cmdc_protocol_q11_only_phq9_tfidf_ridge,CMDC,phq9_total,q11_only,2,fold_4,62,15,1,1,completed,,10.0,False,,,0.0,
cmdc_protocol_q11_only_phq9_tfidf_ridge,CMDC,phq9_total,q11_only,2,fold_5,62,15,2,0,completed,,10.0,False,,,0.0,
cmdc_protocol_q11_only_phq9_tfidf_ridge,CMDC,phq9_total,q11_only,3,fold_1,61,16,2,0,completed,,10.0,False,,,0.0,
cmdc_protocol_q11_only_phq9_tfidf_ridge,CMDC,phq9_total,q11_only,3,fold_2,61,16,1,1,completed,,10.0,False,,,0.0,
cmdc_protocol_q11_only_phq9_tfidf_ridge,CMDC,phq9_total,q11_only,3,fold_3,62,15,2,0,completed,,10.0,False,,,0.0,
cmdc_protocol_q11_only_phq9_tfidf_ridge,CMDC,phq9_total,q11_only,3,fold_4,62,15,1,1,completed,,10.0,False,,,0.0,
cmdc_protocol_q11_only_phq9_tfidf_ridge,CMDC,phq9_total,q11_only,3,fold_5,62,15,2,0,completed,,10.0,False,,,0.0,
cmdc_protocol_q11_only_phq9_tfidf_ridge,CMDC,phq9_total,q11_only,4,fold_1,61,16,2,0,completed,,10.0,False,,,0.0,
cmdc_protocol_q11_only_phq9_tfidf_ridge,CMDC,phq9_total,q11_only,4,fold_2,61,16,1,1,completed,,10.0,False,,,0.0,
cmdc_protocol_q11_only_phq9_tfidf_ridge,CMDC,phq9_total,q11_only,4,fold_3,62,15,2,0,completed,,10.0,False,,,0.0,
cmdc_protocol_q11_only_phq9_tfidf_ridge,CMDC,phq9_total,q11_only,4,fold_4,62,15,1,1,completed,,10.0,False,,,0.0,
cmdc_protocol_q11_only_phq9_tfidf_ridge,CMDC,phq9_total,q11_only,4,fold_5,62,15,2,0,completed,,10.0,False,,,0.0,
cmdc_protocol_q12_only_phq9_tfidf_ridge,CMDC,phq9_total,q12_only,0,fold_1,61,16,2,0,completed,,10.0,False,,,0.0,
cmdc_protocol_q12_only_phq9_tfidf_ridge,CMDC,phq9_total,q12_only,0,fold_2,61,16,2,0,completed,,10.0,False,,,0.0,
cmdc_protocol_q12_only_phq9_tfidf_ridge,CMDC,phq9_total,q12_only,0,fold_3,62,15,2,0,completed,,10.0,False,,,0.0,
cmdc_protocol_q12_only_phq9_tfidf_ridge,CMDC,phq9_total,q12_only,0,fold_4,62,15,0,2,completed,,10.0,False,,,0.0,
cmdc_protocol_q12_only_phq9_tfidf_ridge,CMDC,phq9_total,q12_only,0,fold_5,62,15,2,0,completed,,10.0,False,,,0.0,
cmdc_protocol_q12_only_phq9_tfidf_ridge,CMDC,phq9_total,q12_only,1,fold_1,61,16,2,0,completed,,10.0,False,,,0.0,
cmdc_protocol_q12_only_phq9_tfidf_ridge,CMDC,phq9_total,q12_only,1,fold_2,61,16,2,0,completed,,10.0,False,,,0.0,
cmdc_protocol_q12_only_phq9_tfidf_ridge,CMDC,phq9_total,q12_only,1,fold_3,62,15,2,0,completed,,10.0,False,,,0.0,
cmdc_protocol_q12_only_phq9_tfidf_ridge,CMDC,phq9_total,q12_only,1,fold_4,62,15,0,2,completed,,10.0,False,,,0.0,
cmdc_protocol_q12_only_phq9_tfidf_ridge,CMDC,phq9_total,q12_only,1,fold_5,62,15,2,0,completed,,10.0,False,,,0.0,
cmdc_protocol_q12_only_phq9_tfidf_ridge,CMDC,phq9_total,q12_only,2,fold_1,61,16,2,0,completed,,10.0,False,,,0.0,
cmdc_protocol_q12_only_phq9_tfidf_ridge,CMDC,phq9_total,q12_only,2,fold_2,61,16,2,0,completed,,10.0,False,,,0.0,
cmdc_protocol_q12_only_phq9_tfidf_ridge,CMDC,phq9_total,q12_only,2,fold_3,62,15,2,0,completed,,10.0,False,,,0.0,
cmdc_protocol_q12_only_phq9_tfidf_ridge,CMDC,phq9_total,q12_only,2,fold_4,62,15,0,2,completed,,10.0,False,,,0.0,
cmdc_protocol_q12_only_phq9_tfidf_ridge,CMDC,phq9_total,q12_only,2,fold_5,62,15,2,0,completed,,10.0,False,,,0.0,
cmdc_protocol_q12_only_phq9_tfidf_ridge,CMDC,phq9_total,q12_only,3,fold_1,61,16,2,0,completed,,10.0,False,,,0.0,
cmdc_protocol_q12_only_phq9_tfidf_ridge,CMDC,phq9_total,q12_only,3,fold_2,61,16,2,0,completed,,10.0,False,,,0.0,
cmdc_protocol_q12_only_phq9_tfidf_ridge,CMDC,phq9_total,q12_only,3,fold_3,62,15,2,0,completed,,10.0,False,,,0.0,
cmdc_protocol_q12_only_phq9_tfidf_ridge,CMDC,phq9_total,q12_only,3,fold_4,62,15,0,2,completed,,10.0,False,,,0.0,
cmdc_protocol_q12_only_phq9_tfidf_ridge,CMDC,phq9_total,q12_only,3,fold_5,62,15,2,0,completed,,10.0,False,,,0.0,
cmdc_protocol_q12_only_phq9_tfidf_ridge,CMDC,phq9_total,q12_only,4,fold_1,61,16,2,0,completed,,10.0,False,,,0.0,
cmdc_protocol_q12_only_phq9_tfidf_ridge,CMDC,phq9_total,q12_only,4,fold_2,61,16,2,0,completed,,10.0,False,,,0.0,
cmdc_protocol_q12_only_phq9_tfidf_ridge,CMDC,phq9_total,q12_only,4,fold_3,62,15,2,0,completed,,10.0,False,,,0.0,
cmdc_protocol_q12_only_phq9_tfidf_ridge,CMDC,phq9_total,q12_only,4,fold_4,62,15,0,2,completed,,10.0,False,,,0.0,
cmdc_protocol_q12_only_phq9_tfidf_ridge,CMDC,phq9_total,q12_only,4,fold_5,62,15,2,0,completed,,10.0,False,,,0.0,
cmdc_protocol_q01_q04_phq9_tfidf_ridge,CMDC,phq9_total,q01_q04,0,fold_1,61,16,0,0,completed,,10.0,False,,,0.0,
cmdc_protocol_q01_q04_phq9_tfidf_ridge,CMDC,phq9_total,q01_q04,0,fold_2,61,16,0,0,completed,,10.0,False,,,0.0,
cmdc_protocol_q01_q04_phq9_tfidf_ridge,CMDC,phq9_total,q01_q04,0,fold_3,62,15,0,0,completed,,10.0,False,,,0.0,
cmdc_protocol_q01_q04_phq9_tfidf_ridge,CMDC,phq9_total,q01_q04,0,fold_4,62,15,0,0,completed,,10.0,False,,,0.0,
cmdc_protocol_q01_q04_phq9_tfidf_ridge,CMDC,phq9_total,q01_q04,0,fold_5,62,15,0,0,completed,,10.0,False,,,0.0,
cmdc_protocol_q01_q04_phq9_tfidf_ridge,CMDC,phq9_total,q01_q04,1,fold_1,61,16,0,0,completed,,10.0,False,,,0.0,
cmdc_protocol_q01_q04_phq9_tfidf_ridge,CMDC,phq9_total,q01_q04,1,fold_2,61,16,0,0,completed,,10.0,False,,,0.0,
cmdc_protocol_q01_q04_phq9_tfidf_ridge,CMDC,phq9_total,q01_q04,1,fold_3,62,15,0,0,completed,,10.0,False,,,0.0,
cmdc_protocol_q01_q04_phq9_tfidf_ridge,CMDC,phq9_total,q01_q04,1,fold_4,62,15,0,0,completed,,10.0,False,,,0.0,
cmdc_protocol_q01_q04_phq9_tfidf_ridge,CMDC,phq9_total,q01_q04,1,fold_5,62,15,0,0,completed,,10.0,False,,,0.0,
cmdc_protocol_q01_q04_phq9_tfidf_ridge,CMDC,phq9_total,q01_q04,2,fold_1,61,16,0,0,completed,,10.0,False,,,0.0,
cmdc_protocol_q01_q04_phq9_tfidf_ridge,CMDC,phq9_total,q01_q04,2,fold_2,61,16,0,0,completed,,10.0,False,,,0.0,
cmdc_protocol_q01_q04_phq9_tfidf_ridge,CMDC,phq9_total,q01_q04,2,fold_3,62,15,0,0,completed,,10.0,False,,,0.0,
cmdc_protocol_q01_q04_phq9_tfidf_ridge,CMDC,phq9_total,q01_q04,2,fold_4,62,15,0,0,completed,,10.0,False,,,0.0,
cmdc_protocol_q01_q04_phq9_tfidf_ridge,CMDC,phq9_total,q01_q04,2,fold_5,62,15,0,0,completed,,10.0,False,,,0.0,
cmdc_protocol_q01_q04_phq9_tfidf_ridge,CMDC,phq9_total,q01_q04,3,fold_1,61,16,0,0,completed,,10.0,False,,,0.0,
cmdc_protocol_q01_q04_phq9_tfidf_ridge,CMDC,phq9_total,q01_q04,3,fold_2,61,16,0,0,completed,,10.0,False,,,0.0,
cmdc_protocol_q01_q04_phq9_tfidf_ridge,CMDC,phq9_total,q01_q04,3,fold_3,62,15,0,0,completed,,10.0,False,,,0.0,
cmdc_protocol_q01_q04_phq9_tfidf_ridge,CMDC,phq9_total,q01_q04,3,fold_4,62,15,0,0,completed,,10.0,False,,,0.0,
cmdc_protocol_q01_q04_phq9_tfidf_ridge,CMDC,phq9_total,q01_q04,3,fold_5,62,15,0,0,completed,,10.0,False,,,0.0,
cmdc_protocol_q01_q04_phq9_tfidf_ridge,CMDC,phq9_total,q01_q04,4,fold_1,61,16,0,0,completed,,10.0,False,,,0.0,
cmdc_protocol_q01_q04_phq9_tfidf_ridge,CMDC,phq9_total,q01_q04,4,fold_2,61,16,0,0,completed,,10.0,False,,,0.0,
cmdc_protocol_q01_q04_phq9_tfidf_ridge,CMDC,phq9_total,q01_q04,4,fold_3,62,15,0,0,completed,,10.0,False,,,0.0,
cmdc_protocol_q01_q04_phq9_tfidf_ridge,CMDC,phq9_total,q01_q04,4,fold_4,62,15,0,0,completed,,10.0,False,,,0.0,
cmdc_protocol_q01_q04_phq9_tfidf_ridge,CMDC,phq9_total,q01_q04,4,fold_5,62,15,0,0,completed,,10.0,False,,,0.0,
cmdc_protocol_q05_q08_phq9_tfidf_ridge,CMDC,phq9_total,q05_q08,0,fold_1,61,16,0,0,completed,,10.0,False,,,0.0,
cmdc_protocol_q05_q08_phq9_tfidf_ridge,CMDC,phq9_total,q05_q08,0,fold_2,61,16,0,0,completed,,10.0,False,,,0.0,
cmdc_protocol_q05_q08_phq9_tfidf_ridge,CMDC,phq9_total,q05_q08,0,fold_3,62,15,0,0,completed,,10.0,False,,,0.0,
cmdc_protocol_q05_q08_phq9_tfidf_ridge,CMDC,phq9_total,q05_q08,0,fold_4,62,15,0,0,completed,,10.0,False,,,0.0,
cmdc_protocol_q05_q08_phq9_tfidf_ridge,CMDC,phq9_total,q05_q08,0,fold_5,62,15,0,0,completed,,10.0,False,,,0.0,
cmdc_protocol_q05_q08_phq9_tfidf_ridge,CMDC,phq9_total,q05_q08,1,fold_1,61,16,0,0,completed,,10.0,False,,,0.0,
cmdc_protocol_q05_q08_phq9_tfidf_ridge,CMDC,phq9_total,q05_q08,1,fold_2,61,16,0,0,completed,,10.0,False,,,0.0,
cmdc_protocol_q05_q08_phq9_tfidf_ridge,CMDC,phq9_total,q05_q08,1,fold_3,62,15,0,0,completed,,10.0,False,,,0.0,
cmdc_protocol_q05_q08_phq9_tfidf_ridge,CMDC,phq9_total,q05_q08,1,fold_4,62,15,0,0,completed,,10.0,False,,,0.0,
cmdc_protocol_q05_q08_phq9_tfidf_ridge,CMDC,phq9_total,q05_q08,1,fold_5,62,15,0,0,completed,,10.0,False,,,0.0,
cmdc_protocol_q05_q08_phq9_tfidf_ridge,CMDC,phq9_total,q05_q08,2,fold_1,61,16,0,0,completed,,10.0,False,,,0.0,
cmdc_protocol_q05_q08_phq9_tfidf_ridge,CMDC,phq9_total,q05_q08,2,fold_2,61,16,0,0,completed,,10.0,False,,,0.0,
cmdc_protocol_q05_q08_phq9_tfidf_ridge,CMDC,phq9_total,q05_q08,2,fold_3,62,15,0,0,completed,,10.0,False,,,0.0,
cmdc_protocol_q05_q08_phq9_tfidf_ridge,CMDC,phq9_total,q05_q08,2,fold_4,62,15,0,0,completed,,10.0,False,,,0.0,
cmdc_protocol_q05_q08_phq9_tfidf_ridge,CMDC,phq9_total,q05_q08,2,fold_5,62,15,0,0,completed,,10.0,False,,,0.0,
cmdc_protocol_q05_q08_phq9_tfidf_ridge,CMDC,phq9_total,q05_q08,3,fold_1,61,16,0,0,completed,,10.0,False,,,0.0,
cmdc_protocol_q05_q08_phq9_tfidf_ridge,CMDC,phq9_total,q05_q08,3,fold_2,61,16,0,0,completed,,10.0,False,,,0.0,
cmdc_protocol_q05_q08_phq9_tfidf_ridge,CMDC,phq9_total,q05_q08,3,fold_3,62,15,0,0,completed,,10.0,False,,,0.0,
cmdc_protocol_q05_q08_phq9_tfidf_ridge,CMDC,phq9_total,q05_q08,3,fold_4,62,15,0,0,completed,,10.0,False,,,0.0,
cmdc_protocol_q05_q08_phq9_tfidf_ridge,CMDC,phq9_total,q05_q08,3,fold_5,62,15,0,0,completed,,10.0,False,,,0.0,
cmdc_protocol_q05_q08_phq9_tfidf_ridge,CMDC,phq9_total,q05_q08,4,fold_1,61,16,0,0,completed,,10.0,False,,,0.0,
cmdc_protocol_q05_q08_phq9_tfidf_ridge,CMDC,phq9_total,q05_q08,4,fold_2,61,16,0,0,completed,,10.0,False,,,0.0,
cmdc_protocol_q05_q08_phq9_tfidf_ridge,CMDC,phq9_total,q05_q08,4,fold_3,62,15,0,0,completed,,10.0,False,,,0.0,
cmdc_protocol_q05_q08_phq9_tfidf_ridge,CMDC,phq9_total,q05_q08,4,fold_4,62,15,0,0,completed,,10.0,False,,,0.0,
cmdc_protocol_q05_q08_phq9_tfidf_ridge,CMDC,phq9_total,q05_q08,4,fold_5,62,15,0,0,completed,,10.0,False,,,0.0,
cmdc_protocol_q09_q12_phq9_tfidf_ridge,CMDC,phq9_total,q09_q12,0,fold_1,61,16,1,0,completed,,10.0,False,,,0.0,
cmdc_protocol_q09_q12_phq9_tfidf_ridge,CMDC,phq9_total,q09_q12,0,fold_2,61,16,1,0,completed,,10.0,False,,,0.0,
cmdc_protocol_q09_q12_phq9_tfidf_ridge,CMDC,phq9_total,q09_q12,0,fold_3,62,15,1,0,completed,,10.0,False,,,0.0,
cmdc_protocol_q09_q12_phq9_tfidf_ridge,CMDC,phq9_total,q09_q12,0,fold_4,62,15,0,1,completed,,10.0,False,,,0.0,
cmdc_protocol_q09_q12_phq9_tfidf_ridge,CMDC,phq9_total,q09_q12,0,fold_5,62,15,1,0,completed,,10.0,False,,,0.0,
cmdc_protocol_q09_q12_phq9_tfidf_ridge,CMDC,phq9_total,q09_q12,1,fold_1,61,16,1,0,completed,,10.0,False,,,0.0,
cmdc_protocol_q09_q12_phq9_tfidf_ridge,CMDC,phq9_total,q09_q12,1,fold_2,61,16,1,0,completed,,10.0,False,,,0.0,
cmdc_protocol_q09_q12_phq9_tfidf_ridge,CMDC,phq9_total,q09_q12,1,fold_3,62,15,1,0,completed,,10.0,False,,,0.0,
cmdc_protocol_q09_q12_phq9_tfidf_ridge,CMDC,phq9_total,q09_q12,1,fold_4,62,15,0,1,completed,,10.0,False,,,0.0,
cmdc_protocol_q09_q12_phq9_tfidf_ridge,CMDC,phq9_total,q09_q12,1,fold_5,62,15,1,0,completed,,10.0,False,,,0.0,
cmdc_protocol_q09_q12_phq9_tfidf_ridge,CMDC,phq9_total,q09_q12,2,fold_1,61,16,1,0,completed,,10.0,False,,,0.0,
cmdc_protocol_q09_q12_phq9_tfidf_ridge,CMDC,phq9_total,q09_q12,2,fold_2,61,16,1,0,completed,,10.0,False,,,0.0,
cmdc_protocol_q09_q12_phq9_tfidf_ridge,CMDC,phq9_total,q09_q12,2,fold_3,62,15,1,0,completed,,10.0,False,,,0.0,
cmdc_protocol_q09_q12_phq9_tfidf_ridge,CMDC,phq9_total,q09_q12,2,fold_4,62,15,0,1,completed,,10.0,False,,,0.0,
cmdc_protocol_q09_q12_phq9_tfidf_ridge,CMDC,phq9_total,q09_q12,2,fold_5,62,15,1,0,completed,,10.0,False,,,0.0,
cmdc_protocol_q09_q12_phq9_tfidf_ridge,CMDC,phq9_total,q09_q12,3,fold_1,61,16,1,0,completed,,10.0,False,,,0.0,
cmdc_protocol_q09_q12_phq9_tfidf_ridge,CMDC,phq9_total,q09_q12,3,fold_2,61,16,1,0,completed,,10.0,False,,,0.0,
cmdc_protocol_q09_q12_phq9_tfidf_ridge,CMDC,phq9_total,q09_q12,3,fold_3,62,15,1,0,completed,,10.0,False,,,0.0,
cmdc_protocol_q09_q12_phq9_tfidf_ridge,CMDC,phq9_total,q09_q12,3,fold_4,62,15,0,1,completed,,10.0,False,,,0.0,
cmdc_protocol_q09_q12_phq9_tfidf_ridge,CMDC,phq9_total,q09_q12,3,fold_5,62,15,1,0,completed,,10.0,False,,,0.0,
cmdc_protocol_q09_q12_phq9_tfidf_ridge,CMDC,phq9_total,q09_q12,4,fold_1,61,16,1,0,completed,,10.0,False,,,0.0,
cmdc_protocol_q09_q12_phq9_tfidf_ridge,CMDC,phq9_total,q09_q12,4,fold_2,61,16,1,0,completed,,10.0,False,,,0.0,
cmdc_protocol_q09_q12_phq9_tfidf_ridge,CMDC,phq9_total,q09_q12,4,fold_3,62,15,1,0,completed,,10.0,False,,,0.0,
cmdc_protocol_q09_q12_phq9_tfidf_ridge,CMDC,phq9_total,q09_q12,4,fold_4,62,15,0,1,completed,,10.0,False,,,0.0,
cmdc_protocol_q09_q12_phq9_tfidf_ridge,CMDC,phq9_total,q09_q12,4,fold_5,62,15,1,0,completed,,10.0,False,,,0.0,
cmdc_protocol_all_questions_hamd17_tfidf_ridge,CMDC,hamd17_total,all_questions,0,fold_1,20,5,0,0,completed,,10.0,False,,,0.0,
cmdc_protocol_all_questions_hamd17_tfidf_ridge,CMDC,hamd17_total,all_questions,0,fold_2,20,5,0,0,completed,,10.0,False,,,0.0,
cmdc_protocol_all_questions_hamd17_tfidf_ridge,CMDC,hamd17_total,all_questions,0,fold_3,20,5,0,0,completed,,10.0,False,,,0.0,
cmdc_protocol_all_questions_hamd17_tfidf_ridge,CMDC,hamd17_total,all_questions,0,fold_4,20,5,0,0,completed,,10.0,False,,,0.0,
cmdc_protocol_all_questions_hamd17_tfidf_ridge,CMDC,hamd17_total,all_questions,0,fold_5,20,5,0,0,completed,,10.0,False,,,0.0,
cmdc_protocol_all_questions_hamd17_tfidf_ridge,CMDC,hamd17_total,all_questions,1,fold_1,20,5,0,0,completed,,10.0,False,,,0.0,
cmdc_protocol_all_questions_hamd17_tfidf_ridge,CMDC,hamd17_total,all_questions,1,fold_2,20,5,0,0,completed,,10.0,False,,,0.0,
cmdc_protocol_all_questions_hamd17_tfidf_ridge,CMDC,hamd17_total,all_questions,1,fold_3,20,5,0,0,completed,,10.0,False,,,0.0,
cmdc_protocol_all_questions_hamd17_tfidf_ridge,CMDC,hamd17_total,all_questions,1,fold_4,20,5,0,0,completed,,10.0,False,,,0.0,
cmdc_protocol_all_questions_hamd17_tfidf_ridge,CMDC,hamd17_total,all_questions,1,fold_5,20,5,0,0,completed,,10.0,False,,,0.0,
cmdc_protocol_all_questions_hamd17_tfidf_ridge,CMDC,hamd17_total,all_questions,2,fold_1,20,5,0,0,completed,,10.0,False,,,0.0,
cmdc_protocol_all_questions_hamd17_tfidf_ridge,CMDC,hamd17_total,all_questions,2,fold_2,20,5,0,0,completed,,10.0,False,,,0.0,
cmdc_protocol_all_questions_hamd17_tfidf_ridge,CMDC,hamd17_total,all_questions,2,fold_3,20,5,0,0,completed,,10.0,False,,,0.0,
cmdc_protocol_all_questions_hamd17_tfidf_ridge,CMDC,hamd17_total,all_questions,2,fold_4,20,5,0,0,completed,,10.0,False,,,0.0,
cmdc_protocol_all_questions_hamd17_tfidf_ridge,CMDC,hamd17_total,all_questions,2,fold_5,20,5,0,0,completed,,10.0,False,,,0.0,
cmdc_protocol_all_questions_hamd17_tfidf_ridge,CMDC,hamd17_total,all_questions,3,fold_1,20,5,0,0,completed,,10.0,False,,,0.0,
cmdc_protocol_all_questions_hamd17_tfidf_ridge,CMDC,hamd17_total,all_questions,3,fold_2,20,5,0,0,completed,,10.0,False,,,0.0,
cmdc_protocol_all_questions_hamd17_tfidf_ridge,CMDC,hamd17_total,all_questions,3,fold_3,20,5,0,0,completed,,10.0,False,,,0.0,
cmdc_protocol_all_questions_hamd17_tfidf_ridge,CMDC,hamd17_total,all_questions,3,fold_4,20,5,0,0,completed,,10.0,False,,,0.0,
cmdc_protocol_all_questions_hamd17_tfidf_ridge,CMDC,hamd17_total,all_questions,3,fold_5,20,5,0,0,completed,,10.0,False,,,0.0,
cmdc_protocol_all_questions_hamd17_tfidf_ridge,CMDC,hamd17_total,all_questions,4,fold_1,20,5,0,0,completed,,10.0,False,,,0.0,
cmdc_protocol_all_questions_hamd17_tfidf_ridge,CMDC,hamd17_total,all_questions,4,fold_2,20,5,0,0,completed,,10.0,False,,,0.0,
cmdc_protocol_all_questions_hamd17_tfidf_ridge,CMDC,hamd17_total,all_questions,4,fold_3,20,5,0,0,completed,,10.0,False,,,0.0,
cmdc_protocol_all_questions_hamd17_tfidf_ridge,CMDC,hamd17_total,all_questions,4,fold_4,20,5,0,0,completed,,10.0,False,,,0.0,
cmdc_protocol_all_questions_hamd17_tfidf_ridge,CMDC,hamd17_total,all_questions,4,fold_5,20,5,0,0,completed,,10.0,False,,,0.0,
cmdc_protocol_q01_only_hamd17_tfidf_ridge,CMDC,hamd17_total,q01_only,0,fold_1,20,5,0,0,completed,,10.0,False,,,0.0,
cmdc_protocol_q01_only_hamd17_tfidf_ridge,CMDC,hamd17_total,q01_only,0,fold_2,20,5,0,0,completed,,10.0,False,,,0.0,
cmdc_protocol_q01_only_hamd17_tfidf_ridge,CMDC,hamd17_total,q01_only,0,fold_3,20,5,0,0,completed,,10.0,False,,,0.0,
cmdc_protocol_q01_only_hamd17_tfidf_ridge,CMDC,hamd17_total,q01_only,0,fold_4,20,5,0,0,completed,,10.0,False,,,0.0,
cmdc_protocol_q01_only_hamd17_tfidf_ridge,CMDC,hamd17_total,q01_only,0,fold_5,20,5,0,0,completed,,10.0,False,,,0.0,
cmdc_protocol_q01_only_hamd17_tfidf_ridge,CMDC,hamd17_total,q01_only,1,fold_1,20,5,0,0,completed,,10.0,False,,,0.0,
cmdc_protocol_q01_only_hamd17_tfidf_ridge,CMDC,hamd17_total,q01_only,1,fold_2,20,5,0,0,completed,,10.0,False,,,0.0,
cmdc_protocol_q01_only_hamd17_tfidf_ridge,CMDC,hamd17_total,q01_only,1,fold_3,20,5,0,0,completed,,10.0,False,,,0.0,
cmdc_protocol_q01_only_hamd17_tfidf_ridge,CMDC,hamd17_total,q01_only,1,fold_4,20,5,0,0,completed,,10.0,False,,,0.0,
cmdc_protocol_q01_only_hamd17_tfidf_ridge,CMDC,hamd17_total,q01_only,1,fold_5,20,5,0,0,completed,,10.0,False,,,0.0,
cmdc_protocol_q01_only_hamd17_tfidf_ridge,CMDC,hamd17_total,q01_only,2,fold_1,20,5,0,0,completed,,10.0,False,,,0.0,
cmdc_protocol_q01_only_hamd17_tfidf_ridge,CMDC,hamd17_total,q01_only,2,fold_2,20,5,0,0,completed,,10.0,False,,,0.0,
cmdc_protocol_q01_only_hamd17_tfidf_ridge,CMDC,hamd17_total,q01_only,2,fold_3,20,5,0,0,completed,,10.0,False,,,0.0,
cmdc_protocol_q01_only_hamd17_tfidf_ridge,CMDC,hamd17_total,q01_only,2,fold_4,20,5,0,0,completed,,10.0,False,,,0.0,
cmdc_protocol_q01_only_hamd17_tfidf_ridge,CMDC,hamd17_total,q01_only,2,fold_5,20,5,0,0,completed,,10.0,False,,,0.0,
cmdc_protocol_q01_only_hamd17_tfidf_ridge,CMDC,hamd17_total,q01_only,3,fold_1,20,5,0,0,completed,,10.0,False,,,0.0,
cmdc_protocol_q01_only_hamd17_tfidf_ridge,CMDC,hamd17_total,q01_only,3,fold_2,20,5,0,0,completed,,10.0,False,,,0.0,
cmdc_protocol_q01_only_hamd17_tfidf_ridge,CMDC,hamd17_total,q01_only,3,fold_3,20,5,0,0,completed,,10.0,False,,,0.0,
cmdc_protocol_q01_only_hamd17_tfidf_ridge,CMDC,hamd17_total,q01_only,3,fold_4,20,5,0,0,completed,,10.0,False,,,0.0,
cmdc_protocol_q01_only_hamd17_tfidf_ridge,CMDC,hamd17_total,q01_only,3,fold_5,20,5,0,0,completed,,10.0,False,,,0.0,
cmdc_protocol_q01_only_hamd17_tfidf_ridge,CMDC,hamd17_total,q01_only,4,fold_1,20,5,0,0,completed,,10.0,False,,,0.0,
cmdc_protocol_q01_only_hamd17_tfidf_ridge,CMDC,hamd17_total,q01_only,4,fold_2,20,5,0,0,completed,,10.0,False,,,0.0,
cmdc_protocol_q01_only_hamd17_tfidf_ridge,CMDC,hamd17_total,q01_only,4,fold_3,20,5,0,0,completed,,10.0,False,,,0.0,
cmdc_protocol_q01_only_hamd17_tfidf_ridge,CMDC,hamd17_total,q01_only,4,fold_4,20,5,0,0,completed,,10.0,False,,,0.0,
cmdc_protocol_q01_only_hamd17_tfidf_ridge,CMDC,hamd17_total,q01_only,4,fold_5,20,5,0,0,completed,,10.0,False,,,0.0,
cmdc_protocol_q02_only_hamd17_tfidf_ridge,CMDC,hamd17_total,q02_only,0,fold_1,20,5,0,0,completed,,10.0,False,,,0.0,
cmdc_protocol_q02_only_hamd17_tfidf_ridge,CMDC,hamd17_total,q02_only,0,fold_2,20,5,0,0,completed,,10.0,False,,,0.0,
cmdc_protocol_q02_only_hamd17_tfidf_ridge,CMDC,hamd17_total,q02_only,0,fold_3,20,5,0,0,completed,,10.0,False,,,0.0,
cmdc_protocol_q02_only_hamd17_tfidf_ridge,CMDC,hamd17_total,q02_only,0,fold_4,20,5,0,0,completed,,10.0,False,,,0.0,
cmdc_protocol_q02_only_hamd17_tfidf_ridge,CMDC,hamd17_total,q02_only,0,fold_5,20,5,0,0,completed,,10.0,False,,,0.0,
cmdc_protocol_q02_only_hamd17_tfidf_ridge,CMDC,hamd17_total,q02_only,1,fold_1,20,5,0,0,completed,,10.0,False,,,0.0,
cmdc_protocol_q02_only_hamd17_tfidf_ridge,CMDC,hamd17_total,q02_only,1,fold_2,20,5,0,0,completed,,10.0,False,,,0.0,
cmdc_protocol_q02_only_hamd17_tfidf_ridge,CMDC,hamd17_total,q02_only,1,fold_3,20,5,0,0,completed,,10.0,False,,,0.0,
cmdc_protocol_q02_only_hamd17_tfidf_ridge,CMDC,hamd17_total,q02_only,1,fold_4,20,5,0,0,completed,,10.0,False,,,0.0,
cmdc_protocol_q02_only_hamd17_tfidf_ridge,CMDC,hamd17_total,q02_only,1,fold_5,20,5,0,0,completed,,10.0,False,,,0.0,
cmdc_protocol_q02_only_hamd17_tfidf_ridge,CMDC,hamd17_total,q02_only,2,fold_1,20,5,0,0,completed,,10.0,False,,,0.0,
cmdc_protocol_q02_only_hamd17_tfidf_ridge,CMDC,hamd17_total,q02_only,2,fold_2,20,5,0,0,completed,,10.0,False,,,0.0,
cmdc_protocol_q02_only_hamd17_tfidf_ridge,CMDC,hamd17_total,q02_only,2,fold_3,20,5,0,0,completed,,10.0,False,,,0.0,
cmdc_protocol_q02_only_hamd17_tfidf_ridge,CMDC,hamd17_total,q02_only,2,fold_4,20,5,0,0,completed,,10.0,False,,,0.0,
cmdc_protocol_q02_only_hamd17_tfidf_ridge,CMDC,hamd17_total,q02_only,2,fold_5,20,5,0,0,completed,,10.0,False,,,0.0,
cmdc_protocol_q02_only_hamd17_tfidf_ridge,CMDC,hamd17_total,q02_only,3,fold_1,20,5,0,0,completed,,10.0,False,,,0.0,
cmdc_protocol_q02_only_hamd17_tfidf_ridge,CMDC,hamd17_total,q02_only,3,fold_2,20,5,0,0,completed,,10.0,False,,,0.0,
cmdc_protocol_q02_only_hamd17_tfidf_ridge,CMDC,hamd17_total,q02_only,3,fold_3,20,5,0,0,completed,,10.0,False,,,0.0,
cmdc_protocol_q02_only_hamd17_tfidf_ridge,CMDC,hamd17_total,q02_only,3,fold_4,20,5,0,0,completed,,10.0,False,,,0.0,
cmdc_protocol_q02_only_hamd17_tfidf_ridge,CMDC,hamd17_total,q02_only,3,fold_5,20,5,0,0,completed,,10.0,False,,,0.0,
cmdc_protocol_q02_only_hamd17_tfidf_ridge,CMDC,hamd17_total,q02_only,4,fold_1,20,5,0,0,completed,,10.0,False,,,0.0,
cmdc_protocol_q02_only_hamd17_tfidf_ridge,CMDC,hamd17_total,q02_only,4,fold_2,20,5,0,0,completed,,10.0,False,,,0.0,
cmdc_protocol_q02_only_hamd17_tfidf_ridge,CMDC,hamd17_total,q02_only,4,fold_3,20,5,0,0,completed,,10.0,False,,,0.0,
cmdc_protocol_q02_only_hamd17_tfidf_ridge,CMDC,hamd17_total,q02_only,4,fold_4,20,5,0,0,completed,,10.0,False,,,0.0,
cmdc_protocol_q02_only_hamd17_tfidf_ridge,CMDC,hamd17_total,q02_only,4,fold_5,20,5,0,0,completed,,10.0,False,,,0.0,
cmdc_protocol_q03_only_hamd17_tfidf_ridge,CMDC,hamd17_total,q03_only,0,fold_1,20,5,0,0,completed,,10.0,False,,,0.0,
cmdc_protocol_q03_only_hamd17_tfidf_ridge,CMDC,hamd17_total,q03_only,0,fold_2,20,5,0,0,completed,,10.0,False,,,0.0,
cmdc_protocol_q03_only_hamd17_tfidf_ridge,CMDC,hamd17_total,q03_only,0,fold_3,20,5,0,0,completed,,10.0,False,,,0.0,
cmdc_protocol_q03_only_hamd17_tfidf_ridge,CMDC,hamd17_total,q03_only,0,fold_4,20,5,0,0,completed,,10.0,False,,,0.0,
cmdc_protocol_q03_only_hamd17_tfidf_ridge,CMDC,hamd17_total,q03_only,0,fold_5,20,5,0,0,completed,,10.0,False,,,0.0,
cmdc_protocol_q03_only_hamd17_tfidf_ridge,CMDC,hamd17_total,q03_only,1,fold_1,20,5,0,0,completed,,10.0,False,,,0.0,
cmdc_protocol_q03_only_hamd17_tfidf_ridge,CMDC,hamd17_total,q03_only,1,fold_2,20,5,0,0,completed,,10.0,False,,,0.0,
cmdc_protocol_q03_only_hamd17_tfidf_ridge,CMDC,hamd17_total,q03_only,1,fold_3,20,5,0,0,completed,,10.0,False,,,0.0,
cmdc_protocol_q03_only_hamd17_tfidf_ridge,CMDC,hamd17_total,q03_only,1,fold_4,20,5,0,0,completed,,10.0,False,,,0.0,
cmdc_protocol_q03_only_hamd17_tfidf_ridge,CMDC,hamd17_total,q03_only,1,fold_5,20,5,0,0,completed,,10.0,False,,,0.0,
cmdc_protocol_q03_only_hamd17_tfidf_ridge,CMDC,hamd17_total,q03_only,2,fold_1,20,5,0,0,completed,,10.0,False,,,0.0,
cmdc_protocol_q03_only_hamd17_tfidf_ridge,CMDC,hamd17_total,q03_only,2,fold_2,20,5,0,0,completed,,10.0,False,,,0.0,
cmdc_protocol_q03_only_hamd17_tfidf_ridge,CMDC,hamd17_total,q03_only,2,fold_3,20,5,0,0,completed,,10.0,False,,,0.0,
cmdc_protocol_q03_only_hamd17_tfidf_ridge,CMDC,hamd17_total,q03_only,2,fold_4,20,5,0,0,completed,,10.0,False,,,0.0,
cmdc_protocol_q03_only_hamd17_tfidf_ridge,CMDC,hamd17_total,q03_only,2,fold_5,20,5,0,0,completed,,10.0,False,,,0.0,
cmdc_protocol_q03_only_hamd17_tfidf_ridge,CMDC,hamd17_total,q03_only,3,fold_1,20,5,0,0,completed,,10.0,False,,,0.0,
cmdc_protocol_q03_only_hamd17_tfidf_ridge,CMDC,hamd17_total,q03_only,3,fold_2,20,5,0,0,completed,,10.0,False,,,0.0,
cmdc_protocol_q03_only_hamd17_tfidf_ridge,CMDC,hamd17_total,q03_only,3,fold_3,20,5,0,0,completed,,10.0,False,,,0.0,
cmdc_protocol_q03_only_hamd17_tfidf_ridge,CMDC,hamd17_total,q03_only,3,fold_4,20,5,0,0,completed,,10.0,False,,,0.0,
cmdc_protocol_q03_only_hamd17_tfidf_ridge,CMDC,hamd17_total,q03_only,3,fold_5,20,5,0,0,completed,,10.0,False,,,0.0,
cmdc_protocol_q03_only_hamd17_tfidf_ridge,CMDC,hamd17_total,q03_only,4,fold_1,20,5,0,0,completed,,10.0,False,,,0.0,
cmdc_protocol_q03_only_hamd17_tfidf_ridge,CMDC,hamd17_total,q03_only,4,fold_2,20,5,0,0,completed,,10.0,False,,,0.0,
cmdc_protocol_q03_only_hamd17_tfidf_ridge,CMDC,hamd17_total,q03_only,4,fold_3,20,5,0,0,completed,,10.0,False,,,0.0,
cmdc_protocol_q03_only_hamd17_tfidf_ridge,CMDC,hamd17_total,q03_only,4,fold_4,20,5,0,0,completed,,10.0,False,,,0.0,
cmdc_protocol_q03_only_hamd17_tfidf_ridge,CMDC,hamd17_total,q03_only,4,fold_5,20,5,0,0,completed,,10.0,False,,,0.0,
cmdc_protocol_q04_only_hamd17_tfidf_ridge,CMDC,hamd17_total,q04_only,0,fold_1,20,5,0,0,completed,,10.0,False,,,0.0,
cmdc_protocol_q04_only_hamd17_tfidf_ridge,CMDC,hamd17_total,q04_only,0,fold_2,20,5,0,0,completed,,10.0,False,,,0.0,
cmdc_protocol_q04_only_hamd17_tfidf_ridge,CMDC,hamd17_total,q04_only,0,fold_3,20,5,0,0,completed,,10.0,False,,,0.0,
cmdc_protocol_q04_only_hamd17_tfidf_ridge,CMDC,hamd17_total,q04_only,0,fold_4,20,5,0,0,completed,,10.0,False,,,0.0,
cmdc_protocol_q04_only_hamd17_tfidf_ridge,CMDC,hamd17_total,q04_only,0,fold_5,20,5,0,0,completed,,10.0,False,,,0.0,
cmdc_protocol_q04_only_hamd17_tfidf_ridge,CMDC,hamd17_total,q04_only,1,fold_1,20,5,0,0,completed,,10.0,False,,,0.0,
cmdc_protocol_q04_only_hamd17_tfidf_ridge,CMDC,hamd17_total,q04_only,1,fold_2,20,5,0,0,completed,,10.0,False,,,0.0,
cmdc_protocol_q04_only_hamd17_tfidf_ridge,CMDC,hamd17_total,q04_only,1,fold_3,20,5,0,0,completed,,10.0,False,,,0.0,
cmdc_protocol_q04_only_hamd17_tfidf_ridge,CMDC,hamd17_total,q04_only,1,fold_4,20,5,0,0,completed,,10.0,False,,,0.0,
cmdc_protocol_q04_only_hamd17_tfidf_ridge,CMDC,hamd17_total,q04_only,1,fold_5,20,5,0,0,completed,,10.0,False,,,0.0,
cmdc_protocol_q04_only_hamd17_tfidf_ridge,CMDC,hamd17_total,q04_only,2,fold_1,20,5,0,0,completed,,10.0,False,,,0.0,
cmdc_protocol_q04_only_hamd17_tfidf_ridge,CMDC,hamd17_total,q04_only,2,fold_2,20,5,0,0,completed,,10.0,False,,,0.0,
cmdc_protocol_q04_only_hamd17_tfidf_ridge,CMDC,hamd17_total,q04_only,2,fold_3,20,5,0,0,completed,,10.0,False,,,0.0,
cmdc_protocol_q04_only_hamd17_tfidf_ridge,CMDC,hamd17_total,q04_only,2,fold_4,20,5,0,0,completed,,10.0,False,,,0.0,
cmdc_protocol_q04_only_hamd17_tfidf_ridge,CMDC,hamd17_total,q04_only,2,fold_5,20,5,0,0,completed,,10.0,False,,,0.0,
cmdc_protocol_q04_only_hamd17_tfidf_ridge,CMDC,hamd17_total,q04_only,3,fold_1,20,5,0,0,completed,,10.0,False,,,0.0,
cmdc_protocol_q04_only_hamd17_tfidf_ridge,CMDC,hamd17_total,q04_only,3,fold_2,20,5,0,0,completed,,10.0,False,,,0.0,
cmdc_protocol_q04_only_hamd17_tfidf_ridge,CMDC,hamd17_total,q04_only,3,fold_3,20,5,0,0,completed,,10.0,False,,,0.0,
cmdc_protocol_q04_only_hamd17_tfidf_ridge,CMDC,hamd17_total,q04_only,3,fold_4,20,5,0,0,completed,,10.0,False,,,0.0,
cmdc_protocol_q04_only_hamd17_tfidf_ridge,CMDC,hamd17_total,q04_only,3,fold_5,20,5,0,0,completed,,10.0,False,,,0.0,
cmdc_protocol_q04_only_hamd17_tfidf_ridge,CMDC,hamd17_total,q04_only,4,fold_1,20,5,0,0,completed,,10.0,False,,,0.0,
cmdc_protocol_q04_only_hamd17_tfidf_ridge,CMDC,hamd17_total,q04_only,4,fold_2,20,5,0,0,completed,,10.0,False,,,0.0,
cmdc_protocol_q04_only_hamd17_tfidf_ridge,CMDC,hamd17_total,q04_only,4,fold_3,20,5,0,0,completed,,10.0,False,,,0.0,
cmdc_protocol_q04_only_hamd17_tfidf_ridge,CMDC,hamd17_total,q04_only,4,fold_4,20,5,0,0,completed,,10.0,False,,,0.0,
cmdc_protocol_q04_only_hamd17_tfidf_ridge,CMDC,hamd17_total,q04_only,4,fold_5,20,5,0,0,completed,,10.0,False,,,0.0,
cmdc_protocol_q05_only_hamd17_tfidf_ridge,CMDC,hamd17_total,q05_only,0,fold_1,20,5,0,0,completed,,10.0,False,,,0.0,
cmdc_protocol_q05_only_hamd17_tfidf_ridge,CMDC,hamd17_total,q05_only,0,fold_2,20,5,0,0,completed,,10.0,False,,,0.0,
cmdc_protocol_q05_only_hamd17_tfidf_ridge,CMDC,hamd17_total,q05_only,0,fold_3,20,5,0,0,completed,,10.0,False,,,0.0,
cmdc_protocol_q05_only_hamd17_tfidf_ridge,CMDC,hamd17_total,q05_only,0,fold_4,20,5,0,0,completed,,10.0,False,,,0.0,
cmdc_protocol_q05_only_hamd17_tfidf_ridge,CMDC,hamd17_total,q05_only,0,fold_5,20,5,0,0,completed,,10.0,False,,,0.0,
cmdc_protocol_q05_only_hamd17_tfidf_ridge,CMDC,hamd17_total,q05_only,1,fold_1,20,5,0,0,completed,,10.0,False,,,0.0,
cmdc_protocol_q05_only_hamd17_tfidf_ridge,CMDC,hamd17_total,q05_only,1,fold_2,20,5,0,0,completed,,10.0,False,,,0.0,
cmdc_protocol_q05_only_hamd17_tfidf_ridge,CMDC,hamd17_total,q05_only,1,fold_3,20,5,0,0,completed,,10.0,False,,,0.0,
cmdc_protocol_q05_only_hamd17_tfidf_ridge,CMDC,hamd17_total,q05_only,1,fold_4,20,5,0,0,completed,,10.0,False,,,0.0,
cmdc_protocol_q05_only_hamd17_tfidf_ridge,CMDC,hamd17_total,q05_only,1,fold_5,20,5,0,0,completed,,10.0,False,,,0.0,
cmdc_protocol_q05_only_hamd17_tfidf_ridge,CMDC,hamd17_total,q05_only,2,fold_1,20,5,0,0,completed,,10.0,False,,,0.0,
cmdc_protocol_q05_only_hamd17_tfidf_ridge,CMDC,hamd17_total,q05_only,2,fold_2,20,5,0,0,completed,,10.0,False,,,0.0,
cmdc_protocol_q05_only_hamd17_tfidf_ridge,CMDC,hamd17_total,q05_only,2,fold_3,20,5,0,0,completed,,10.0,False,,,0.0,
cmdc_protocol_q05_only_hamd17_tfidf_ridge,CMDC,hamd17_total,q05_only,2,fold_4,20,5,0,0,completed,,10.0,False,,,0.0,
cmdc_protocol_q05_only_hamd17_tfidf_ridge,CMDC,hamd17_total,q05_only,2,fold_5,20,5,0,0,completed,,10.0,False,,,0.0,
cmdc_protocol_q05_only_hamd17_tfidf_ridge,CMDC,hamd17_total,q05_only,3,fold_1,20,5,0,0,completed,,10.0,False,,,0.0,
cmdc_protocol_q05_only_hamd17_tfidf_ridge,CMDC,hamd17_total,q05_only,3,fold_2,20,5,0,0,completed,,10.0,False,,,0.0,
cmdc_protocol_q05_only_hamd17_tfidf_ridge,CMDC,hamd17_total,q05_only,3,fold_3,20,5,0,0,completed,,10.0,False,,,0.0,
cmdc_protocol_q05_only_hamd17_tfidf_ridge,CMDC,hamd17_total,q05_only,3,fold_4,20,5,0,0,completed,,10.0,False,,,0.0,
cmdc_protocol_q05_only_hamd17_tfidf_ridge,CMDC,hamd17_total,q05_only,3,fold_5,20,5,0,0,completed,,10.0,False,,,0.0,
cmdc_protocol_q05_only_hamd17_tfidf_ridge,CMDC,hamd17_total,q05_only,4,fold_1,20,5,0,0,completed,,10.0,False,,,0.0,
cmdc_protocol_q05_only_hamd17_tfidf_ridge,CMDC,hamd17_total,q05_only,4,fold_2,20,5,0,0,completed,,10.0,False,,,0.0,
cmdc_protocol_q05_only_hamd17_tfidf_ridge,CMDC,hamd17_total,q05_only,4,fold_3,20,5,0,0,completed,,10.0,False,,,0.0,
cmdc_protocol_q05_only_hamd17_tfidf_ridge,CMDC,hamd17_total,q05_only,4,fold_4,20,5,0,0,completed,,10.0,False,,,0.0,
cmdc_protocol_q05_only_hamd17_tfidf_ridge,CMDC,hamd17_total,q05_only,4,fold_5,20,5,0,0,completed,,10.0,False,,,0.0,
cmdc_protocol_q06_only_hamd17_tfidf_ridge,CMDC,hamd17_total,q06_only,0,fold_1,20,5,0,1,completed,,10.0,False,,,0.0,
cmdc_protocol_q06_only_hamd17_tfidf_ridge,CMDC,hamd17_total,q06_only,0,fold_2,20,5,1,0,completed,,10.0,False,,,0.0,
cmdc_protocol_q06_only_hamd17_tfidf_ridge,CMDC,hamd17_total,q06_only,0,fold_3,20,5,1,0,completed,,10.0,False,,,0.0,
cmdc_protocol_q06_only_hamd17_tfidf_ridge,CMDC,hamd17_total,q06_only,0,fold_4,20,5,1,0,completed,,10.0,False,,,0.0,
cmdc_protocol_q06_only_hamd17_tfidf_ridge,CMDC,hamd17_total,q06_only,0,fold_5,20,5,1,0,completed,,10.0,False,,,0.0,
cmdc_protocol_q06_only_hamd17_tfidf_ridge,CMDC,hamd17_total,q06_only,1,fold_1,20,5,0,1,completed,,10.0,False,,,0.0,
cmdc_protocol_q06_only_hamd17_tfidf_ridge,CMDC,hamd17_total,q06_only,1,fold_2,20,5,1,0,completed,,10.0,False,,,0.0,
cmdc_protocol_q06_only_hamd17_tfidf_ridge,CMDC,hamd17_total,q06_only,1,fold_3,20,5,1,0,completed,,10.0,False,,,0.0,
cmdc_protocol_q06_only_hamd17_tfidf_ridge,CMDC,hamd17_total,q06_only,1,fold_4,20,5,1,0,completed,,10.0,False,,,0.0,
cmdc_protocol_q06_only_hamd17_tfidf_ridge,CMDC,hamd17_total,q06_only,1,fold_5,20,5,1,0,completed,,10.0,False,,,0.0,
cmdc_protocol_q06_only_hamd17_tfidf_ridge,CMDC,hamd17_total,q06_only,2,fold_1,20,5,0,1,completed,,10.0,False,,,0.0,
cmdc_protocol_q06_only_hamd17_tfidf_ridge,CMDC,hamd17_total,q06_only,2,fold_2,20,5,1,0,completed,,10.0,False,,,0.0,
cmdc_protocol_q06_only_hamd17_tfidf_ridge,CMDC,hamd17_total,q06_only,2,fold_3,20,5,1,0,completed,,10.0,False,,,0.0,
cmdc_protocol_q06_only_hamd17_tfidf_ridge,CMDC,hamd17_total,q06_only,2,fold_4,20,5,1,0,completed,,10.0,False,,,0.0,
cmdc_protocol_q06_only_hamd17_tfidf_ridge,CMDC,hamd17_total,q06_only,2,fold_5,20,5,1,0,completed,,10.0,False,,,0.0,
cmdc_protocol_q06_only_hamd17_tfidf_ridge,CMDC,hamd17_total,q06_only,3,fold_1,20,5,0,1,completed,,10.0,False,,,0.0,
cmdc_protocol_q06_only_hamd17_tfidf_ridge,CMDC,hamd17_total,q06_only,3,fold_2,20,5,1,0,completed,,10.0,False,,,0.0,
cmdc_protocol_q06_only_hamd17_tfidf_ridge,CMDC,hamd17_total,q06_only,3,fold_3,20,5,1,0,completed,,10.0,False,,,0.0,
cmdc_protocol_q06_only_hamd17_tfidf_ridge,CMDC,hamd17_total,q06_only,3,fold_4,20,5,1,0,completed,,10.0,False,,,0.0,
cmdc_protocol_q06_only_hamd17_tfidf_ridge,CMDC,hamd17_total,q06_only,3,fold_5,20,5,1,0,completed,,10.0,False,,,0.0,
cmdc_protocol_q06_only_hamd17_tfidf_ridge,CMDC,hamd17_total,q06_only,4,fold_1,20,5,0,1,completed,,10.0,False,,,0.0,
cmdc_protocol_q06_only_hamd17_tfidf_ridge,CMDC,hamd17_total,q06_only,4,fold_2,20,5,1,0,completed,,10.0,False,,,0.0,
cmdc_protocol_q06_only_hamd17_tfidf_ridge,CMDC,hamd17_total,q06_only,4,fold_3,20,5,1,0,completed,,10.0,False,,,0.0,
cmdc_protocol_q06_only_hamd17_tfidf_ridge,CMDC,hamd17_total,q06_only,4,fold_4,20,5,1,0,completed,,10.0,False,,,0.0,
cmdc_protocol_q06_only_hamd17_tfidf_ridge,CMDC,hamd17_total,q06_only,4,fold_5,20,5,1,0,completed,,10.0,False,,,0.0,
cmdc_protocol_q07_only_hamd17_tfidf_ridge,CMDC,hamd17_total,q07_only,0,fold_1,20,5,0,0,completed,,10.0,False,,,0.0,
cmdc_protocol_q07_only_hamd17_tfidf_ridge,CMDC,hamd17_total,q07_only,0,fold_2,20,5,0,0,completed,,10.0,False,,,0.0,
cmdc_protocol_q07_only_hamd17_tfidf_ridge,CMDC,hamd17_total,q07_only,0,fold_3,20,5,0,0,completed,,10.0,False,,,0.0,
cmdc_protocol_q07_only_hamd17_tfidf_ridge,CMDC,hamd17_total,q07_only,0,fold_4,20,5,0,0,completed,,10.0,False,,,0.0,
cmdc_protocol_q07_only_hamd17_tfidf_ridge,CMDC,hamd17_total,q07_only,0,fold_5,20,5,0,0,completed,,10.0,False,,,0.0,
cmdc_protocol_q07_only_hamd17_tfidf_ridge,CMDC,hamd17_total,q07_only,1,fold_1,20,5,0,0,completed,,10.0,False,,,0.0,
cmdc_protocol_q07_only_hamd17_tfidf_ridge,CMDC,hamd17_total,q07_only,1,fold_2,20,5,0,0,completed,,10.0,False,,,0.0,
cmdc_protocol_q07_only_hamd17_tfidf_ridge,CMDC,hamd17_total,q07_only,1,fold_3,20,5,0,0,completed,,10.0,False,,,0.0,
cmdc_protocol_q07_only_hamd17_tfidf_ridge,CMDC,hamd17_total,q07_only,1,fold_4,20,5,0,0,completed,,10.0,False,,,0.0,
cmdc_protocol_q07_only_hamd17_tfidf_ridge,CMDC,hamd17_total,q07_only,1,fold_5,20,5,0,0,completed,,10.0,False,,,0.0,
cmdc_protocol_q07_only_hamd17_tfidf_ridge,CMDC,hamd17_total,q07_only,2,fold_1,20,5,0,0,completed,,10.0,False,,,0.0,
cmdc_protocol_q07_only_hamd17_tfidf_ridge,CMDC,hamd17_total,q07_only,2,fold_2,20,5,0,0,completed,,10.0,False,,,0.0,
cmdc_protocol_q07_only_hamd17_tfidf_ridge,CMDC,hamd17_total,q07_only,2,fold_3,20,5,0,0,completed,,10.0,False,,,0.0,
cmdc_protocol_q07_only_hamd17_tfidf_ridge,CMDC,hamd17_total,q07_only,2,fold_4,20,5,0,0,completed,,10.0,False,,,0.0,
cmdc_protocol_q07_only_hamd17_tfidf_ridge,CMDC,hamd17_total,q07_only,2,fold_5,20,5,0,0,completed,,10.0,False,,,0.0,
cmdc_protocol_q07_only_hamd17_tfidf_ridge,CMDC,hamd17_total,q07_only,3,fold_1,20,5,0,0,completed,,10.0,False,,,0.0,
cmdc_protocol_q07_only_hamd17_tfidf_ridge,CMDC,hamd17_total,q07_only,3,fold_2,20,5,0,0,completed,,10.0,False,,,0.0,
cmdc_protocol_q07_only_hamd17_tfidf_ridge,CMDC,hamd17_total,q07_only,3,fold_3,20,5,0,0,completed,,10.0,False,,,0.0,
cmdc_protocol_q07_only_hamd17_tfidf_ridge,CMDC,hamd17_total,q07_only,3,fold_4,20,5,0,0,completed,,10.0,False,,,0.0,
cmdc_protocol_q07_only_hamd17_tfidf_ridge,CMDC,hamd17_total,q07_only,3,fold_5,20,5,0,0,completed,,10.0,False,,,0.0,
cmdc_protocol_q07_only_hamd17_tfidf_ridge,CMDC,hamd17_total,q07_only,4,fold_1,20,5,0,0,completed,,10.0,False,,,0.0,
cmdc_protocol_q07_only_hamd17_tfidf_ridge,CMDC,hamd17_total,q07_only,4,fold_2,20,5,0,0,completed,,10.0,False,,,0.0,
cmdc_protocol_q07_only_hamd17_tfidf_ridge,CMDC,hamd17_total,q07_only,4,fold_3,20,5,0,0,completed,,10.0,False,,,0.0,
cmdc_protocol_q07_only_hamd17_tfidf_ridge,CMDC,hamd17_total,q07_only,4,fold_4,20,5,0,0,completed,,10.0,False,,,0.0,
cmdc_protocol_q07_only_hamd17_tfidf_ridge,CMDC,hamd17_total,q07_only,4,fold_5,20,5,0,0,completed,,10.0,False,,,0.0,
cmdc_protocol_q08_only_hamd17_tfidf_ridge,CMDC,hamd17_total,q08_only,0,fold_1,20,5,1,0,completed,,10.0,False,,,0.0,
cmdc_protocol_q08_only_hamd17_tfidf_ridge,CMDC,hamd17_total,q08_only,0,fold_2,20,5,1,0,completed,,10.0,False,,,0.0,
cmdc_protocol_q08_only_hamd17_tfidf_ridge,CMDC,hamd17_total,q08_only,0,fold_3,20,5,0,1,completed,,10.0,False,,,0.0,
cmdc_protocol_q08_only_hamd17_tfidf_ridge,CMDC,hamd17_total,q08_only,0,fold_4,20,5,1,0,completed,,10.0,False,,,0.0,
cmdc_protocol_q08_only_hamd17_tfidf_ridge,CMDC,hamd17_total,q08_only,0,fold_5,20,5,1,0,completed,,10.0,False,,,0.0,
cmdc_protocol_q08_only_hamd17_tfidf_ridge,CMDC,hamd17_total,q08_only,1,fold_1,20,5,1,0,completed,,10.0,False,,,0.0,
cmdc_protocol_q08_only_hamd17_tfidf_ridge,CMDC,hamd17_total,q08_only,1,fold_2,20,5,1,0,completed,,10.0,False,,,0.0,
cmdc_protocol_q08_only_hamd17_tfidf_ridge,CMDC,hamd17_total,q08_only,1,fold_3,20,5,0,1,completed,,10.0,False,,,0.0,
cmdc_protocol_q08_only_hamd17_tfidf_ridge,CMDC,hamd17_total,q08_only,1,fold_4,20,5,1,0,completed,,10.0,False,,,0.0,
cmdc_protocol_q08_only_hamd17_tfidf_ridge,CMDC,hamd17_total,q08_only,1,fold_5,20,5,1,0,completed,,10.0,False,,,0.0,
cmdc_protocol_q08_only_hamd17_tfidf_ridge,CMDC,hamd17_total,q08_only,2,fold_1,20,5,1,0,completed,,10.0,False,,,0.0,
cmdc_protocol_q08_only_hamd17_tfidf_ridge,CMDC,hamd17_total,q08_only,2,fold_2,20,5,1,0,completed,,10.0,False,,,0.0,
cmdc_protocol_q08_only_hamd17_tfidf_ridge,CMDC,hamd17_total,q08_only,2,fold_3,20,5,0,1,completed,,10.0,False,,,0.0,
cmdc_protocol_q08_only_hamd17_tfidf_ridge,CMDC,hamd17_total,q08_only,2,fold_4,20,5,1,0,completed,,10.0,False,,,0.0,
cmdc_protocol_q08_only_hamd17_tfidf_ridge,CMDC,hamd17_total,q08_only,2,fold_5,20,5,1,0,completed,,10.0,False,,,0.0,
cmdc_protocol_q08_only_hamd17_tfidf_ridge,CMDC,hamd17_total,q08_only,3,fold_1,20,5,1,0,completed,,10.0,False,,,0.0,
cmdc_protocol_q08_only_hamd17_tfidf_ridge,CMDC,hamd17_total,q08_only,3,fold_2,20,5,1,0,completed,,10.0,False,,,0.0,
cmdc_protocol_q08_only_hamd17_tfidf_ridge,CMDC,hamd17_total,q08_only,3,fold_3,20,5,0,1,completed,,10.0,False,,,0.0,
cmdc_protocol_q08_only_hamd17_tfidf_ridge,CMDC,hamd17_total,q08_only,3,fold_4,20,5,1,0,completed,,10.0,False,,,0.0,
cmdc_protocol_q08_only_hamd17_tfidf_ridge,CMDC,hamd17_total,q08_only,3,fold_5,20,5,1,0,completed,,10.0,False,,,0.0,
cmdc_protocol_q08_only_hamd17_tfidf_ridge,CMDC,hamd17_total,q08_only,4,fold_1,20,5,1,0,completed,,10.0,False,,,0.0,
cmdc_protocol_q08_only_hamd17_tfidf_ridge,CMDC,hamd17_total,q08_only,4,fold_2,20,5,1,0,completed,,10.0,False,,,0.0,
cmdc_protocol_q08_only_hamd17_tfidf_ridge,CMDC,hamd17_total,q08_only,4,fold_3,20,5,0,1,completed,,10.0,False,,,0.0,
cmdc_protocol_q08_only_hamd17_tfidf_ridge,CMDC,hamd17_total,q08_only,4,fold_4,20,5,1,0,completed,,10.0,False,,,0.0,
cmdc_protocol_q08_only_hamd17_tfidf_ridge,CMDC,hamd17_total,q08_only,4,fold_5,20,5,1,0,completed,,10.0,False,,,0.0,
cmdc_protocol_q09_only_hamd17_tfidf_ridge,CMDC,hamd17_total,q09_only,0,fold_1,20,5,1,1,completed,,10.0,False,,,0.0,
cmdc_protocol_q09_only_hamd17_tfidf_ridge,CMDC,hamd17_total,q09_only,0,fold_2,20,5,1,1,completed,,10.0,False,,,0.0,
cmdc_protocol_q09_only_hamd17_tfidf_ridge,CMDC,hamd17_total,q09_only,0,fold_3,20,5,2,0,completed,,10.0,False,,,0.0,
cmdc_protocol_q09_only_hamd17_tfidf_ridge,CMDC,hamd17_total,q09_only,0,fold_4,20,5,2,0,completed,,10.0,False,,,0.0,
cmdc_protocol_q09_only_hamd17_tfidf_ridge,CMDC,hamd17_total,q09_only,0,fold_5,20,5,2,0,completed,,10.0,False,,,0.0,
cmdc_protocol_q09_only_hamd17_tfidf_ridge,CMDC,hamd17_total,q09_only,1,fold_1,20,5,1,1,completed,,10.0,False,,,0.0,
cmdc_protocol_q09_only_hamd17_tfidf_ridge,CMDC,hamd17_total,q09_only,1,fold_2,20,5,1,1,completed,,10.0,False,,,0.0,
cmdc_protocol_q09_only_hamd17_tfidf_ridge,CMDC,hamd17_total,q09_only,1,fold_3,20,5,2,0,completed,,10.0,False,,,0.0,
cmdc_protocol_q09_only_hamd17_tfidf_ridge,CMDC,hamd17_total,q09_only,1,fold_4,20,5,2,0,completed,,10.0,False,,,0.0,
cmdc_protocol_q09_only_hamd17_tfidf_ridge,CMDC,hamd17_total,q09_only,1,fold_5,20,5,2,0,completed,,10.0,False,,,0.0,
cmdc_protocol_q09_only_hamd17_tfidf_ridge,CMDC,hamd17_total,q09_only,2,fold_1,20,5,1,1,completed,,10.0,False,,,0.0,
cmdc_protocol_q09_only_hamd17_tfidf_ridge,CMDC,hamd17_total,q09_only,2,fold_2,20,5,1,1,completed,,10.0,False,,,0.0,
cmdc_protocol_q09_only_hamd17_tfidf_ridge,CMDC,hamd17_total,q09_only,2,fold_3,20,5,2,0,completed,,10.0,False,,,0.0,
cmdc_protocol_q09_only_hamd17_tfidf_ridge,CMDC,hamd17_total,q09_only,2,fold_4,20,5,2,0,completed,,10.0,False,,,0.0,
cmdc_protocol_q09_only_hamd17_tfidf_ridge,CMDC,hamd17_total,q09_only,2,fold_5,20,5,2,0,completed,,10.0,False,,,0.0,
cmdc_protocol_q09_only_hamd17_tfidf_ridge,CMDC,hamd17_total,q09_only,3,fold_1,20,5,1,1,completed,,10.0,False,,,0.0,
cmdc_protocol_q09_only_hamd17_tfidf_ridge,CMDC,hamd17_total,q09_only,3,fold_2,20,5,1,1,completed,,10.0,False,,,0.0,
cmdc_protocol_q09_only_hamd17_tfidf_ridge,CMDC,hamd17_total,q09_only,3,fold_3,20,5,2,0,completed,,10.0,False,,,0.0,
cmdc_protocol_q09_only_hamd17_tfidf_ridge,CMDC,hamd17_total,q09_only,3,fold_4,20,5,2,0,completed,,10.0,False,,,0.0,
cmdc_protocol_q09_only_hamd17_tfidf_ridge,CMDC,hamd17_total,q09_only,3,fold_5,20,5,2,0,completed,,10.0,False,,,0.0,
cmdc_protocol_q09_only_hamd17_tfidf_ridge,CMDC,hamd17_total,q09_only,4,fold_1,20,5,1,1,completed,,10.0,False,,,0.0,
cmdc_protocol_q09_only_hamd17_tfidf_ridge,CMDC,hamd17_total,q09_only,4,fold_2,20,5,1,1,completed,,10.0,False,,,0.0,
cmdc_protocol_q09_only_hamd17_tfidf_ridge,CMDC,hamd17_total,q09_only,4,fold_3,20,5,2,0,completed,,10.0,False,,,0.0,
cmdc_protocol_q09_only_hamd17_tfidf_ridge,CMDC,hamd17_total,q09_only,4,fold_4,20,5,2,0,completed,,10.0,False,,,0.0,
cmdc_protocol_q09_only_hamd17_tfidf_ridge,CMDC,hamd17_total,q09_only,4,fold_5,20,5,2,0,completed,,10.0,False,,,0.0,
cmdc_protocol_q10_only_hamd17_tfidf_ridge,CMDC,hamd17_total,q10_only,0,fold_1,20,5,0,1,completed,,10.0,False,,,0.0,
cmdc_protocol_q10_only_hamd17_tfidf_ridge,CMDC,hamd17_total,q10_only,0,fold_2,20,5,1,0,completed,,10.0,False,,,0.0,
cmdc_protocol_q10_only_hamd17_tfidf_ridge,CMDC,hamd17_total,q10_only,0,fold_3,20,5,1,0,completed,,10.0,False,,,0.0,
cmdc_protocol_q10_only_hamd17_tfidf_ridge,CMDC,hamd17_total,q10_only,0,fold_4,20,5,1,0,completed,,10.0,False,,,0.0,
cmdc_protocol_q10_only_hamd17_tfidf_ridge,CMDC,hamd17_total,q10_only,0,fold_5,20,5,1,0,completed,,10.0,False,,,0.0,
cmdc_protocol_q10_only_hamd17_tfidf_ridge,CMDC,hamd17_total,q10_only,1,fold_1,20,5,0,1,completed,,10.0,False,,,0.0,
cmdc_protocol_q10_only_hamd17_tfidf_ridge,CMDC,hamd17_total,q10_only,1,fold_2,20,5,1,0,completed,,10.0,False,,,0.0,
cmdc_protocol_q10_only_hamd17_tfidf_ridge,CMDC,hamd17_total,q10_only,1,fold_3,20,5,1,0,completed,,10.0,False,,,0.0,
cmdc_protocol_q10_only_hamd17_tfidf_ridge,CMDC,hamd17_total,q10_only,1,fold_4,20,5,1,0,completed,,10.0,False,,,0.0,
cmdc_protocol_q10_only_hamd17_tfidf_ridge,CMDC,hamd17_total,q10_only,1,fold_5,20,5,1,0,completed,,10.0,False,,,0.0,
cmdc_protocol_q10_only_hamd17_tfidf_ridge,CMDC,hamd17_total,q10_only,2,fold_1,20,5,0,1,completed,,10.0,False,,,0.0,
cmdc_protocol_q10_only_hamd17_tfidf_ridge,CMDC,hamd17_total,q10_only,2,fold_2,20,5,1,0,completed,,10.0,False,,,0.0,
cmdc_protocol_q10_only_hamd17_tfidf_ridge,CMDC,hamd17_total,q10_only,2,fold_3,20,5,1,0,completed,,10.0,False,,,0.0,
cmdc_protocol_q10_only_hamd17_tfidf_ridge,CMDC,hamd17_total,q10_only,2,fold_4,20,5,1,0,completed,,10.0,False,,,0.0,
cmdc_protocol_q10_only_hamd17_tfidf_ridge,CMDC,hamd17_total,q10_only,2,fold_5,20,5,1,0,completed,,10.0,False,,,0.0,
cmdc_protocol_q10_only_hamd17_tfidf_ridge,CMDC,hamd17_total,q10_only,3,fold_1,20,5,0,1,completed,,10.0,False,,,0.0,
cmdc_protocol_q10_only_hamd17_tfidf_ridge,CMDC,hamd17_total,q10_only,3,fold_2,20,5,1,0,completed,,10.0,False,,,0.0,
cmdc_protocol_q10_only_hamd17_tfidf_ridge,CMDC,hamd17_total,q10_only,3,fold_3,20,5,1,0,completed,,10.0,False,,,0.0,
cmdc_protocol_q10_only_hamd17_tfidf_ridge,CMDC,hamd17_total,q10_only,3,fold_4,20,5,1,0,completed,,10.0,False,,,0.0,
cmdc_protocol_q10_only_hamd17_tfidf_ridge,CMDC,hamd17_total,q10_only,3,fold_5,20,5,1,0,completed,,10.0,False,,,0.0,
cmdc_protocol_q10_only_hamd17_tfidf_ridge,CMDC,hamd17_total,q10_only,4,fold_1,20,5,0,1,completed,,10.0,False,,,0.0,
cmdc_protocol_q10_only_hamd17_tfidf_ridge,CMDC,hamd17_total,q10_only,4,fold_2,20,5,1,0,completed,,10.0,False,,,0.0,
cmdc_protocol_q10_only_hamd17_tfidf_ridge,CMDC,hamd17_total,q10_only,4,fold_3,20,5,1,0,completed,,10.0,False,,,0.0,
cmdc_protocol_q10_only_hamd17_tfidf_ridge,CMDC,hamd17_total,q10_only,4,fold_4,20,5,1,0,completed,,10.0,False,,,0.0,
cmdc_protocol_q10_only_hamd17_tfidf_ridge,CMDC,hamd17_total,q10_only,4,fold_5,20,5,1,0,completed,,10.0,False,,,0.0,
cmdc_protocol_q11_only_hamd17_tfidf_ridge,CMDC,hamd17_total,q11_only,0,fold_1,20,5,1,0,completed,,10.0,False,,,0.0,
cmdc_protocol_q11_only_hamd17_tfidf_ridge,CMDC,hamd17_total,q11_only,0,fold_2,20,5,1,0,completed,,10.0,False,,,0.0,
cmdc_protocol_q11_only_hamd17_tfidf_ridge,CMDC,hamd17_total,q11_only,0,fold_3,20,5,1,0,completed,,10.0,False,,,0.0,
cmdc_protocol_q11_only_hamd17_tfidf_ridge,CMDC,hamd17_total,q11_only,0,fold_4,20,5,1,0,completed,,10.0,False,,,0.0,
cmdc_protocol_q11_only_hamd17_tfidf_ridge,CMDC,hamd17_total,q11_only,0,fold_5,20,5,0,1,completed,,10.0,False,,,0.0,
cmdc_protocol_q11_only_hamd17_tfidf_ridge,CMDC,hamd17_total,q11_only,1,fold_1,20,5,1,0,completed,,10.0,False,,,0.0,
cmdc_protocol_q11_only_hamd17_tfidf_ridge,CMDC,hamd17_total,q11_only,1,fold_2,20,5,1,0,completed,,10.0,False,,,0.0,
cmdc_protocol_q11_only_hamd17_tfidf_ridge,CMDC,hamd17_total,q11_only,1,fold_3,20,5,1,0,completed,,10.0,False,,,0.0,
cmdc_protocol_q11_only_hamd17_tfidf_ridge,CMDC,hamd17_total,q11_only,1,fold_4,20,5,1,0,completed,,10.0,False,,,0.0,
cmdc_protocol_q11_only_hamd17_tfidf_ridge,CMDC,hamd17_total,q11_only,1,fold_5,20,5,0,1,completed,,10.0,False,,,0.0,
cmdc_protocol_q11_only_hamd17_tfidf_ridge,CMDC,hamd17_total,q11_only,2,fold_1,20,5,1,0,completed,,10.0,False,,,0.0,
cmdc_protocol_q11_only_hamd17_tfidf_ridge,CMDC,hamd17_total,q11_only,2,fold_2,20,5,1,0,completed,,10.0,False,,,0.0,
cmdc_protocol_q11_only_hamd17_tfidf_ridge,CMDC,hamd17_total,q11_only,2,fold_3,20,5,1,0,completed,,10.0,False,,,0.0,
cmdc_protocol_q11_only_hamd17_tfidf_ridge,CMDC,hamd17_total,q11_only,2,fold_4,20,5,1,0,completed,,10.0,False,,,0.0,
cmdc_protocol_q11_only_hamd17_tfidf_ridge,CMDC,hamd17_total,q11_only,2,fold_5,20,5,0,1,completed,,10.0,False,,,0.0,
cmdc_protocol_q11_only_hamd17_tfidf_ridge,CMDC,hamd17_total,q11_only,3,fold_1,20,5,1,0,completed,,10.0,False,,,0.0,
cmdc_protocol_q11_only_hamd17_tfidf_ridge,CMDC,hamd17_total,q11_only,3,fold_2,20,5,1,0,completed,,10.0,False,,,0.0,
cmdc_protocol_q11_only_hamd17_tfidf_ridge,CMDC,hamd17_total,q11_only,3,fold_3,20,5,1,0,completed,,10.0,False,,,0.0,
cmdc_protocol_q11_only_hamd17_tfidf_ridge,CMDC,hamd17_total,q11_only,3,fold_4,20,5,1,0,completed,,10.0,False,,,0.0,
cmdc_protocol_q11_only_hamd17_tfidf_ridge,CMDC,hamd17_total,q11_only,3,fold_5,20,5,0,1,completed,,10.0,False,,,0.0,
cmdc_protocol_q11_only_hamd17_tfidf_ridge,CMDC,hamd17_total,q11_only,4,fold_1,20,5,1,0,completed,,10.0,False,,,0.0,
cmdc_protocol_q11_only_hamd17_tfidf_ridge,CMDC,hamd17_total,q11_only,4,fold_2,20,5,1,0,completed,,10.0,False,,,0.0,
cmdc_protocol_q11_only_hamd17_tfidf_ridge,CMDC,hamd17_total,q11_only,4,fold_3,20,5,1,0,completed,,10.0,False,,,0.0,
cmdc_protocol_q11_only_hamd17_tfidf_ridge,CMDC,hamd17_total,q11_only,4,fold_4,20,5,1,0,completed,,10.0,False,,,0.0,
cmdc_protocol_q11_only_hamd17_tfidf_ridge,CMDC,hamd17_total,q11_only,4,fold_5,20,5,0,1,completed,,10.0,False,,,0.0,
cmdc_protocol_q12_only_hamd17_tfidf_ridge,CMDC,hamd17_total,q12_only,0,fold_1,20,5,1,0,completed,,10.0,False,,,0.0,
cmdc_protocol_q12_only_hamd17_tfidf_ridge,CMDC,hamd17_total,q12_only,0,fold_2,20,5,0,1,completed,,10.0,False,,,0.0,
cmdc_protocol_q12_only_hamd17_tfidf_ridge,CMDC,hamd17_total,q12_only,0,fold_3,20,5,1,0,completed,,10.0,False,,,0.0,
cmdc_protocol_q12_only_hamd17_tfidf_ridge,CMDC,hamd17_total,q12_only,0,fold_4,20,5,1,0,completed,,10.0,False,,,0.0,
cmdc_protocol_q12_only_hamd17_tfidf_ridge,CMDC,hamd17_total,q12_only,0,fold_5,20,5,1,0,completed,,10.0,False,,,0.0,
cmdc_protocol_q12_only_hamd17_tfidf_ridge,CMDC,hamd17_total,q12_only,1,fold_1,20,5,1,0,completed,,10.0,False,,,0.0,
cmdc_protocol_q12_only_hamd17_tfidf_ridge,CMDC,hamd17_total,q12_only,1,fold_2,20,5,0,1,completed,,10.0,False,,,0.0,
cmdc_protocol_q12_only_hamd17_tfidf_ridge,CMDC,hamd17_total,q12_only,1,fold_3,20,5,1,0,completed,,10.0,False,,,0.0,
cmdc_protocol_q12_only_hamd17_tfidf_ridge,CMDC,hamd17_total,q12_only,1,fold_4,20,5,1,0,completed,,10.0,False,,,0.0,
cmdc_protocol_q12_only_hamd17_tfidf_ridge,CMDC,hamd17_total,q12_only,1,fold_5,20,5,1,0,completed,,10.0,False,,,0.0,
cmdc_protocol_q12_only_hamd17_tfidf_ridge,CMDC,hamd17_total,q12_only,2,fold_1,20,5,1,0,completed,,10.0,False,,,0.0,
cmdc_protocol_q12_only_hamd17_tfidf_ridge,CMDC,hamd17_total,q12_only,2,fold_2,20,5,0,1,completed,,10.0,False,,,0.0,
cmdc_protocol_q12_only_hamd17_tfidf_ridge,CMDC,hamd17_total,q12_only,2,fold_3,20,5,1,0,completed,,10.0,False,,,0.0,
cmdc_protocol_q12_only_hamd17_tfidf_ridge,CMDC,hamd17_total,q12_only,2,fold_4,20,5,1,0,completed,,10.0,False,,,0.0,
cmdc_protocol_q12_only_hamd17_tfidf_ridge,CMDC,hamd17_total,q12_only,2,fold_5,20,5,1,0,completed,,10.0,False,,,0.0,
cmdc_protocol_q12_only_hamd17_tfidf_ridge,CMDC,hamd17_total,q12_only,3,fold_1,20,5,1,0,completed,,10.0,False,,,0.0,
cmdc_protocol_q12_only_hamd17_tfidf_ridge,CMDC,hamd17_total,q12_only,3,fold_2,20,5,0,1,completed,,10.0,False,,,0.0,
cmdc_protocol_q12_only_hamd17_tfidf_ridge,CMDC,hamd17_total,q12_only,3,fold_3,20,5,1,0,completed,,10.0,False,,,0.0,
cmdc_protocol_q12_only_hamd17_tfidf_ridge,CMDC,hamd17_total,q12_only,3,fold_4,20,5,1,0,completed,,10.0,False,,,0.0,
cmdc_protocol_q12_only_hamd17_tfidf_ridge,CMDC,hamd17_total,q12_only,3,fold_5,20,5,1,0,completed,,10.0,False,,,0.0,
cmdc_protocol_q12_only_hamd17_tfidf_ridge,CMDC,hamd17_total,q12_only,4,fold_1,20,5,1,0,completed,,10.0,False,,,0.0,
cmdc_protocol_q12_only_hamd17_tfidf_ridge,CMDC,hamd17_total,q12_only,4,fold_2,20,5,0,1,completed,,10.0,False,,,0.0,
cmdc_protocol_q12_only_hamd17_tfidf_ridge,CMDC,hamd17_total,q12_only,4,fold_3,20,5,1,0,completed,,10.0,False,,,0.0,
cmdc_protocol_q12_only_hamd17_tfidf_ridge,CMDC,hamd17_total,q12_only,4,fold_4,20,5,1,0,completed,,10.0,False,,,0.0,
cmdc_protocol_q12_only_hamd17_tfidf_ridge,CMDC,hamd17_total,q12_only,4,fold_5,20,5,1,0,completed,,10.0,False,,,0.0,
cmdc_protocol_q01_q04_hamd17_tfidf_ridge,CMDC,hamd17_total,q01_q04,0,fold_1,20,5,0,0,completed,,10.0,False,,,0.0,
cmdc_protocol_q01_q04_hamd17_tfidf_ridge,CMDC,hamd17_total,q01_q04,0,fold_2,20,5,0,0,completed,,10.0,False,,,0.0,
cmdc_protocol_q01_q04_hamd17_tfidf_ridge,CMDC,hamd17_total,q01_q04,0,fold_3,20,5,0,0,completed,,10.0,False,,,0.0,
cmdc_protocol_q01_q04_hamd17_tfidf_ridge,CMDC,hamd17_total,q01_q04,0,fold_4,20,5,0,0,completed,,10.0,False,,,0.0,
cmdc_protocol_q01_q04_hamd17_tfidf_ridge,CMDC,hamd17_total,q01_q04,0,fold_5,20,5,0,0,completed,,10.0,False,,,0.0,
cmdc_protocol_q01_q04_hamd17_tfidf_ridge,CMDC,hamd17_total,q01_q04,1,fold_1,20,5,0,0,completed,,10.0,False,,,0.0,
cmdc_protocol_q01_q04_hamd17_tfidf_ridge,CMDC,hamd17_total,q01_q04,1,fold_2,20,5,0,0,completed,,10.0,False,,,0.0,
cmdc_protocol_q01_q04_hamd17_tfidf_ridge,CMDC,hamd17_total,q01_q04,1,fold_3,20,5,0,0,completed,,10.0,False,,,0.0,
cmdc_protocol_q01_q04_hamd17_tfidf_ridge,CMDC,hamd17_total,q01_q04,1,fold_4,20,5,0,0,completed,,10.0,False,,,0.0,
cmdc_protocol_q01_q04_hamd17_tfidf_ridge,CMDC,hamd17_total,q01_q04,1,fold_5,20,5,0,0,completed,,10.0,False,,,0.0,
cmdc_protocol_q01_q04_hamd17_tfidf_ridge,CMDC,hamd17_total,q01_q04,2,fold_1,20,5,0,0,completed,,10.0,False,,,0.0,
cmdc_protocol_q01_q04_hamd17_tfidf_ridge,CMDC,hamd17_total,q01_q04,2,fold_2,20,5,0,0,completed,,10.0,False,,,0.0,
cmdc_protocol_q01_q04_hamd17_tfidf_ridge,CMDC,hamd17_total,q01_q04,2,fold_3,20,5,0,0,completed,,10.0,False,,,0.0,
cmdc_protocol_q01_q04_hamd17_tfidf_ridge,CMDC,hamd17_total,q01_q04,2,fold_4,20,5,0,0,completed,,10.0,False,,,0.0,
cmdc_protocol_q01_q04_hamd17_tfidf_ridge,CMDC,hamd17_total,q01_q04,2,fold_5,20,5,0,0,completed,,10.0,False,,,0.0,
cmdc_protocol_q01_q04_hamd17_tfidf_ridge,CMDC,hamd17_total,q01_q04,3,fold_1,20,5,0,0,completed,,10.0,False,,,0.0,
cmdc_protocol_q01_q04_hamd17_tfidf_ridge,CMDC,hamd17_total,q01_q04,3,fold_2,20,5,0,0,completed,,10.0,False,,,0.0,
cmdc_protocol_q01_q04_hamd17_tfidf_ridge,CMDC,hamd17_total,q01_q04,3,fold_3,20,5,0,0,completed,,10.0,False,,,0.0,
cmdc_protocol_q01_q04_hamd17_tfidf_ridge,CMDC,hamd17_total,q01_q04,3,fold_4,20,5,0,0,completed,,10.0,False,,,0.0,
cmdc_protocol_q01_q04_hamd17_tfidf_ridge,CMDC,hamd17_total,q01_q04,3,fold_5,20,5,0,0,completed,,10.0,False,,,0.0,
cmdc_protocol_q01_q04_hamd17_tfidf_ridge,CMDC,hamd17_total,q01_q04,4,fold_1,20,5,0,0,completed,,10.0,False,,,0.0,
cmdc_protocol_q01_q04_hamd17_tfidf_ridge,CMDC,hamd17_total,q01_q04,4,fold_2,20,5,0,0,completed,,10.0,False,,,0.0,
cmdc_protocol_q01_q04_hamd17_tfidf_ridge,CMDC,hamd17_total,q01_q04,4,fold_3,20,5,0,0,completed,,10.0,False,,,0.0,
cmdc_protocol_q01_q04_hamd17_tfidf_ridge,CMDC,hamd17_total,q01_q04,4,fold_4,20,5,0,0,completed,,10.0,False,,,0.0,
cmdc_protocol_q01_q04_hamd17_tfidf_ridge,CMDC,hamd17_total,q01_q04,4,fold_5,20,5,0,0,completed,,10.0,False,,,0.0,
cmdc_protocol_q05_q08_hamd17_tfidf_ridge,CMDC,hamd17_total,q05_q08,0,fold_1,20,5,0,0,completed,,10.0,False,,,0.0,
cmdc_protocol_q05_q08_hamd17_tfidf_ridge,CMDC,hamd17_total,q05_q08,0,fold_2,20,5,0,0,completed,,10.0,False,,,0.0,
cmdc_protocol_q05_q08_hamd17_tfidf_ridge,CMDC,hamd17_total,q05_q08,0,fold_3,20,5,0,0,completed,,10.0,False,,,0.0,
cmdc_protocol_q05_q08_hamd17_tfidf_ridge,CMDC,hamd17_total,q05_q08,0,fold_4,20,5,0,0,completed,,10.0,False,,,0.0,
cmdc_protocol_q05_q08_hamd17_tfidf_ridge,CMDC,hamd17_total,q05_q08,0,fold_5,20,5,0,0,completed,,10.0,False,,,0.0,
cmdc_protocol_q05_q08_hamd17_tfidf_ridge,CMDC,hamd17_total,q05_q08,1,fold_1,20,5,0,0,completed,,10.0,False,,,0.0,
cmdc_protocol_q05_q08_hamd17_tfidf_ridge,CMDC,hamd17_total,q05_q08,1,fold_2,20,5,0,0,completed,,10.0,False,,,0.0,
cmdc_protocol_q05_q08_hamd17_tfidf_ridge,CMDC,hamd17_total,q05_q08,1,fold_3,20,5,0,0,completed,,10.0,False,,,0.0,
cmdc_protocol_q05_q08_hamd17_tfidf_ridge,CMDC,hamd17_total,q05_q08,1,fold_4,20,5,0,0,completed,,10.0,False,,,0.0,
cmdc_protocol_q05_q08_hamd17_tfidf_ridge,CMDC,hamd17_total,q05_q08,1,fold_5,20,5,0,0,completed,,10.0,False,,,0.0,
cmdc_protocol_q05_q08_hamd17_tfidf_ridge,CMDC,hamd17_total,q05_q08,2,fold_1,20,5,0,0,completed,,10.0,False,,,0.0,
cmdc_protocol_q05_q08_hamd17_tfidf_ridge,CMDC,hamd17_total,q05_q08,2,fold_2,20,5,0,0,completed,,10.0,False,,,0.0,
cmdc_protocol_q05_q08_hamd17_tfidf_ridge,CMDC,hamd17_total,q05_q08,2,fold_3,20,5,0,0,completed,,10.0,False,,,0.0,
cmdc_protocol_q05_q08_hamd17_tfidf_ridge,CMDC,hamd17_total,q05_q08,2,fold_4,20,5,0,0,completed,,10.0,False,,,0.0,
cmdc_protocol_q05_q08_hamd17_tfidf_ridge,CMDC,hamd17_total,q05_q08,2,fold_5,20,5,0,0,completed,,10.0,False,,,0.0,
cmdc_protocol_q05_q08_hamd17_tfidf_ridge,CMDC,hamd17_total,q05_q08,3,fold_1,20,5,0,0,completed,,10.0,False,,,0.0,
cmdc_protocol_q05_q08_hamd17_tfidf_ridge,CMDC,hamd17_total,q05_q08,3,fold_2,20,5,0,0,completed,,10.0,False,,,0.0,
cmdc_protocol_q05_q08_hamd17_tfidf_ridge,CMDC,hamd17_total,q05_q08,3,fold_3,20,5,0,0,completed,,10.0,False,,,0.0,
cmdc_protocol_q05_q08_hamd17_tfidf_ridge,CMDC,hamd17_total,q05_q08,3,fold_4,20,5,0,0,completed,,10.0,False,,,0.0,
cmdc_protocol_q05_q08_hamd17_tfidf_ridge,CMDC,hamd17_total,q05_q08,3,fold_5,20,5,0,0,completed,,10.0,False,,,0.0,
cmdc_protocol_q05_q08_hamd17_tfidf_ridge,CMDC,hamd17_total,q05_q08,4,fold_1,20,5,0,0,completed,,10.0,False,,,0.0,
cmdc_protocol_q05_q08_hamd17_tfidf_ridge,CMDC,hamd17_total,q05_q08,4,fold_2,20,5,0,0,completed,,10.0,False,,,0.0,
cmdc_protocol_q05_q08_hamd17_tfidf_ridge,CMDC,hamd17_total,q05_q08,4,fold_3,20,5,0,0,completed,,10.0,False,,,0.0,
cmdc_protocol_q05_q08_hamd17_tfidf_ridge,CMDC,hamd17_total,q05_q08,4,fold_4,20,5,0,0,completed,,10.0,False,,,0.0,
cmdc_protocol_q05_q08_hamd17_tfidf_ridge,CMDC,hamd17_total,q05_q08,4,fold_5,20,5,0,0,completed,,10.0,False,,,0.0,
cmdc_protocol_q09_q12_hamd17_tfidf_ridge,CMDC,hamd17_total,q09_q12,0,fold_1,20,5,0,0,completed,,10.0,False,,,0.0,
cmdc_protocol_q09_q12_hamd17_tfidf_ridge,CMDC,hamd17_total,q09_q12,0,fold_2,20,5,0,0,completed,,10.0,False,,,0.0,
cmdc_protocol_q09_q12_hamd17_tfidf_ridge,CMDC,hamd17_total,q09_q12,0,fold_3,20,5,0,0,completed,,10.0,False,,,0.0,
cmdc_protocol_q09_q12_hamd17_tfidf_ridge,CMDC,hamd17_total,q09_q12,0,fold_4,20,5,0,0,completed,,10.0,False,,,0.0,
cmdc_protocol_q09_q12_hamd17_tfidf_ridge,CMDC,hamd17_total,q09_q12,0,fold_5,20,5,0,0,completed,,10.0,False,,,0.0,
cmdc_protocol_q09_q12_hamd17_tfidf_ridge,CMDC,hamd17_total,q09_q12,1,fold_1,20,5,0,0,completed,,10.0,False,,,0.0,
cmdc_protocol_q09_q12_hamd17_tfidf_ridge,CMDC,hamd17_total,q09_q12,1,fold_2,20,5,0,0,completed,,10.0,False,,,0.0,
cmdc_protocol_q09_q12_hamd17_tfidf_ridge,CMDC,hamd17_total,q09_q12,1,fold_3,20,5,0,0,completed,,10.0,False,,,0.0,
cmdc_protocol_q09_q12_hamd17_tfidf_ridge,CMDC,hamd17_total,q09_q12,1,fold_4,20,5,0,0,completed,,10.0,False,,,0.0,
cmdc_protocol_q09_q12_hamd17_tfidf_ridge,CMDC,hamd17_total,q09_q12,1,fold_5,20,5,0,0,completed,,10.0,False,,,0.0,
cmdc_protocol_q09_q12_hamd17_tfidf_ridge,CMDC,hamd17_total,q09_q12,2,fold_1,20,5,0,0,completed,,10.0,False,,,0.0,
cmdc_protocol_q09_q12_hamd17_tfidf_ridge,CMDC,hamd17_total,q09_q12,2,fold_2,20,5,0,0,completed,,10.0,False,,,0.0,
cmdc_protocol_q09_q12_hamd17_tfidf_ridge,CMDC,hamd17_total,q09_q12,2,fold_3,20,5,0,0,completed,,10.0,False,,,0.0,
cmdc_protocol_q09_q12_hamd17_tfidf_ridge,CMDC,hamd17_total,q09_q12,2,fold_4,20,5,0,0,completed,,10.0,False,,,0.0,
cmdc_protocol_q09_q12_hamd17_tfidf_ridge,CMDC,hamd17_total,q09_q12,2,fold_5,20,5,0,0,completed,,10.0,False,,,0.0,
cmdc_protocol_q09_q12_hamd17_tfidf_ridge,CMDC,hamd17_total,q09_q12,3,fold_1,20,5,0,0,completed,,10.0,False,,,0.0,
cmdc_protocol_q09_q12_hamd17_tfidf_ridge,CMDC,hamd17_total,q09_q12,3,fold_2,20,5,0,0,completed,,10.0,False,,,0.0,
cmdc_protocol_q09_q12_hamd17_tfidf_ridge,CMDC,hamd17_total,q09_q12,3,fold_3,20,5,0,0,completed,,10.0,False,,,0.0,
cmdc_protocol_q09_q12_hamd17_tfidf_ridge,CMDC,hamd17_total,q09_q12,3,fold_4,20,5,0,0,completed,,10.0,False,,,0.0,
cmdc_protocol_q09_q12_hamd17_tfidf_ridge,CMDC,hamd17_total,q09_q12,3,fold_5,20,5,0,0,completed,,10.0,False,,,0.0,
cmdc_protocol_q09_q12_hamd17_tfidf_ridge,CMDC,hamd17_total,q09_q12,4,fold_1,20,5,0,0,completed,,10.0,False,,,0.0,
cmdc_protocol_q09_q12_hamd17_tfidf_ridge,CMDC,hamd17_total,q09_q12,4,fold_2,20,5,0,0,completed,,10.0,False,,,0.0,
cmdc_protocol_q09_q12_hamd17_tfidf_ridge,CMDC,hamd17_total,q09_q12,4,fold_3,20,5,0,0,completed,,10.0,False,,,0.0,
cmdc_protocol_q09_q12_hamd17_tfidf_ridge,CMDC,hamd17_total,q09_q12,4,fold_4,20,5,0,0,completed,,10.0,False,,,0.0,
cmdc_protocol_q09_q12_hamd17_tfidf_ridge,CMDC,hamd17_total,q09_q12,4,fold_5,20,5,0,0,completed,,10.0,False,,,0.0,
