run_id,dataset,modality,task,model,task_type,group_type,group_value,metric,mean,std,ci95_low,ci95_high,seed_count,sample_count_mean,subject_count_mean,ci_scope
mpdd_av_severity_early_fusion,MPDD-AVG-2026,Audio+Video,ordinal severity prediction,WavLM audio + ResNet video early fusion Logistic,ordinal_prediction,age_group,elder,Accuracy,0.5678160919540229,0.021318663208036107,0.5063218390804598,0.6477011494252872,5,87.0,87.0,seed_group_subject_bootstrap
mpdd_av_severity_early_fusion,MPDD-AVG-2026,Audio+Video,ordinal severity prediction,WavLM audio + ResNet video early fusion Logistic,ordinal_prediction,age_group,elder,Brier Score,0.7206896680712465,0.029583175759261893,,,5,87.0,87.0,not_computed_default_lightweight
mpdd_av_severity_early_fusion,MPDD-AVG-2026,Audio+Video,ordinal severity prediction,WavLM audio + ResNet video early fusion Logistic,ordinal_prediction,age_group,elder,Calibration Gap,0.3169761649706777,0.024906760535453442,,,5,87.0,87.0,not_computed_default_lightweight
mpdd_av_severity_early_fusion,MPDD-AVG-2026,Audio+Video,ordinal severity prediction,WavLM audio + ResNet video early fusion Logistic,ordinal_prediction,age_group,elder,ECE,0.32277432369094045,0.022313368490591554,0.26087803217801586,0.40838385076699923,5,87.0,87.0,seed_group_subject_bootstrap
mpdd_av_severity_early_fusion,MPDD-AVG-2026,Audio+Video,ordinal severity prediction,WavLM audio + ResNet video early fusion Logistic,ordinal_prediction,age_group,elder,Macro-F1,0.317797413181899,0.028021928077745614,0.26309648299479294,0.3988176823559412,5,87.0,87.0,seed_group_subject_bootstrap
mpdd_av_severity_early_fusion,MPDD-AVG-2026,Audio+Video,ordinal severity prediction,WavLM audio + ResNet video early fusion Logistic,ordinal_prediction,age_group,elder,Mean Confidence,0.8847922569247008,0.00821740484891114,,,5,87.0,87.0,not_computed_default_lightweight
mpdd_av_severity_early_fusion,MPDD-AVG-2026,Audio+Video,ordinal severity prediction,WavLM audio + ResNet video early fusion Logistic,ordinal_prediction,age_group,elder,Ordinal MAE,0.5747126436781609,0.028155054514749183,0.4642528735632184,0.6979885057471265,5,87.0,87.0,seed_group_subject_bootstrap
mpdd_av_severity_early_fusion,MPDD-AVG-2026,Audio+Video,ordinal severity prediction,WavLM audio + ResNet video early fusion Logistic,ordinal_prediction,age_group,elder,Prediction Bias,-0.20229885057471267,0.025804533701889242,,,5,87.0,87.0,not_computed_default_lightweight
mpdd_av_severity_early_fusion,MPDD-AVG-2026,Audio+Video,ordinal severity prediction,WavLM audio + ResNet video early fusion Logistic,ordinal_prediction,age_group,elder,QWK,-0.05776020073026804,0.07978486883773513,-0.17662110340324486,0.04569417238560972,5,87.0,87.0,seed_group_subject_bootstrap
mpdd_av_severity_early_fusion,MPDD-AVG-2026,Audio+Video,ordinal severity prediction,WavLM audio + ResNet video early fusion Logistic,ordinal_prediction,age_group,elder,True Label Probability,0.5563937304827303,0.01272100263788234,,,5,87.0,87.0,not_computed_default_lightweight
mpdd_av_severity_early_fusion,MPDD-AVG-2026,Audio+Video,ordinal severity prediction,WavLM audio + ResNet video early fusion Logistic,ordinal_prediction,age_group,young,Accuracy,0.48863636363636365,0.019015000603047175,0.3850568181818182,0.566590909090909,5,88.0,88.0,seed_group_subject_bootstrap
mpdd_av_severity_early_fusion,MPDD-AVG-2026,Audio+Video,ordinal severity prediction,WavLM audio + ResNet video early fusion Logistic,ordinal_prediction,age_group,young,Brier Score,0.8553023984199537,0.04214381390735489,,,5,88.0,88.0,not_computed_default_lightweight
mpdd_av_severity_early_fusion,MPDD-AVG-2026,Audio+Video,ordinal severity prediction,WavLM audio + ResNet video early fusion Logistic,ordinal_prediction,age_group,young,Calibration Gap,0.3615556896083935,0.025826091215589632,,,5,88.0,88.0,not_computed_default_lightweight
mpdd_av_severity_early_fusion,MPDD-AVG-2026,Audio+Video,ordinal severity prediction,WavLM audio + ResNet video early fusion Logistic,ordinal_prediction,age_group,young,ECE,0.37148392801838853,0.017048582868397125,0.30034969634057285,0.4572581809206753,5,88.0,88.0,seed_group_subject_bootstrap
mpdd_av_severity_early_fusion,MPDD-AVG-2026,Audio+Video,ordinal severity prediction,WavLM audio + ResNet video early fusion Logistic,ordinal_prediction,age_group,young,Macro-F1,0.42533659399968593,0.03700346735905024,0.33205547504445543,0.5044103180856835,5,88.0,88.0,seed_group_subject_bootstrap
mpdd_av_severity_early_fusion,MPDD-AVG-2026,Audio+Video,ordinal severity prediction,WavLM audio + ResNet video early fusion Logistic,ordinal_prediction,age_group,young,Mean Confidence,0.8501920532447571,0.0125173633520988,,,5,88.0,88.0,not_computed_default_lightweight
mpdd_av_severity_early_fusion,MPDD-AVG-2026,Audio+Video,ordinal severity prediction,WavLM audio + ResNet video early fusion Logistic,ordinal_prediction,age_group,young,Ordinal MAE,0.5727272727272728,0.023399159411334112,0.49624999999999997,0.6448863636363635,5,88.0,88.0,seed_group_subject_bootstrap
mpdd_av_severity_early_fusion,MPDD-AVG-2026,Audio+Video,ordinal severity prediction,WavLM audio + ResNet video early fusion Logistic,ordinal_prediction,age_group,young,Prediction Bias,-0.06363636363636363,0.03261977294183483,,,5,88.0,88.0,not_computed_default_lightweight
mpdd_av_severity_early_fusion,MPDD-AVG-2026,Audio+Video,ordinal severity prediction,WavLM audio + ResNet video early fusion Logistic,ordinal_prediction,age_group,young,QWK,0.19891758954547692,0.06244550500327604,0.07220146011214383,0.3517127996916314,5,88.0,88.0,seed_group_subject_bootstrap
mpdd_av_severity_early_fusion,MPDD-AVG-2026,Audio+Video,ordinal severity prediction,WavLM audio + ResNet video early fusion Logistic,ordinal_prediction,age_group,young,True Label Probability,0.46563434502237155,0.01689655427533387,,,5,88.0,88.0,not_computed_default_lightweight
mpdd_av_severity_early_fusion,MPDD-AVG-2026,Audio+Video,ordinal severity prediction,WavLM audio + ResNet video early fusion Logistic,ordinal_prediction,financial_stress_bin,high_or_severe,Accuracy,0.45714285714285713,0.05714285714285714,,,5,7.0,7.0,not_computed_default_lightweight
mpdd_av_severity_early_fusion,MPDD-AVG-2026,Audio+Video,ordinal severity prediction,WavLM audio + ResNet video early fusion Logistic,ordinal_prediction,financial_stress_bin,high_or_severe,Brier Score,0.9599061128000168,0.10824789208001098,,,5,7.0,7.0,not_computed_default_lightweight
mpdd_av_severity_early_fusion,MPDD-AVG-2026,Audio+Video,ordinal severity prediction,WavLM audio + ResNet video early fusion Logistic,ordinal_prediction,financial_stress_bin,high_or_severe,Calibration Gap,0.48787136154260136,0.060558213324145606,,,5,7.0,7.0,not_computed_default_lightweight
mpdd_av_severity_early_fusion,MPDD-AVG-2026,Audio+Video,ordinal severity prediction,WavLM audio + ResNet video early fusion Logistic,ordinal_prediction,financial_stress_bin,high_or_severe,ECE,0.48787136154260136,0.060558213324145516,,,5,7.0,7.0,not_computed_default_lightweight
mpdd_av_severity_early_fusion,MPDD-AVG-2026,Audio+Video,ordinal severity prediction,WavLM audio + ResNet video early fusion Logistic,ordinal_prediction,financial_stress_bin,high_or_severe,Macro-F1,0.24888888888888888,0.09777777777777777,,,5,7.0,7.0,not_computed_default_lightweight
mpdd_av_severity_early_fusion,MPDD-AVG-2026,Audio+Video,ordinal severity prediction,WavLM audio + ResNet video early fusion Logistic,ordinal_prediction,financial_stress_bin,high_or_severe,Mean Confidence,0.9450142186854584,0.016744991688551147,,,5,7.0,7.0,not_computed_default_lightweight
mpdd_av_severity_early_fusion,MPDD-AVG-2026,Audio+Video,ordinal severity prediction,WavLM audio + ResNet video early fusion Logistic,ordinal_prediction,financial_stress_bin,high_or_severe,Ordinal MAE,0.8,0.11428571428571428,,,5,7.0,7.0,not_computed_default_lightweight
mpdd_av_severity_early_fusion,MPDD-AVG-2026,Audio+Video,ordinal severity prediction,WavLM audio + ResNet video early fusion Logistic,ordinal_prediction,financial_stress_bin,high_or_severe,Prediction Bias,-0.8,0.11428571428571428,,,5,7.0,7.0,not_computed_default_lightweight
mpdd_av_severity_early_fusion,MPDD-AVG-2026,Audio+Video,ordinal severity prediction,WavLM audio + ResNet video early fusion Logistic,ordinal_prediction,financial_stress_bin,high_or_severe,QWK,0.08648648648648649,0.17297297297297298,,,5,7.0,7.0,not_computed_default_lightweight
mpdd_av_severity_early_fusion,MPDD-AVG-2026,Audio+Video,ordinal severity prediction,WavLM audio + ResNet video early fusion Logistic,ordinal_prediction,financial_stress_bin,high_or_severe,True Label Probability,0.4754547506385956,0.04890807817422263,,,5,7.0,7.0,not_computed_default_lightweight
mpdd_av_severity_early_fusion,MPDD-AVG-2026,Audio+Video,ordinal severity prediction,WavLM audio + ResNet video early fusion Logistic,ordinal_prediction,financial_stress_bin,mentioned_unclear,Accuracy,0.4,0.1224744871391589,,,5,4.0,4.0,not_computed_default_lightweight
mpdd_av_severity_early_fusion,MPDD-AVG-2026,Audio+Video,ordinal severity prediction,WavLM audio + ResNet video early fusion Logistic,ordinal_prediction,financial_stress_bin,mentioned_unclear,Brier Score,1.0963424560445219,0.06952163897396721,,,5,4.0,4.0,not_computed_default_lightweight
mpdd_av_severity_early_fusion,MPDD-AVG-2026,Audio+Video,ordinal severity prediction,WavLM audio + ResNet video early fusion Logistic,ordinal_prediction,financial_stress_bin,mentioned_unclear,Calibration Gap,0.4984833744006963,0.12068360407379476,,,5,4.0,4.0,not_computed_default_lightweight
mpdd_av_severity_early_fusion,MPDD-AVG-2026,Audio+Video,ordinal severity prediction,WavLM audio + ResNet video early fusion Logistic,ordinal_prediction,financial_stress_bin,mentioned_unclear,ECE,0.5950080757658489,0.05644684303374947,,,5,4.0,4.0,not_computed_default_lightweight
mpdd_av_severity_early_fusion,MPDD-AVG-2026,Audio+Video,ordinal severity prediction,WavLM audio + ResNet video early fusion Logistic,ordinal_prediction,financial_stress_bin,mentioned_unclear,Macro-F1,0.18666666666666665,0.043546484316145384,,,5,4.0,4.0,not_computed_default_lightweight
mpdd_av_severity_early_fusion,MPDD-AVG-2026,Audio+Video,ordinal severity prediction,WavLM audio + ResNet video early fusion Logistic,ordinal_prediction,financial_stress_bin,mentioned_unclear,Mean Confidence,0.8984833744006963,0.046675227363965885,,,5,4.0,4.0,not_computed_default_lightweight
mpdd_av_severity_early_fusion,MPDD-AVG-2026,Audio+Video,ordinal severity prediction,WavLM audio + ResNet video early fusion Logistic,ordinal_prediction,financial_stress_bin,mentioned_unclear,Ordinal MAE,0.85,0.1224744871391589,,,5,4.0,4.0,not_computed_default_lightweight
mpdd_av_severity_early_fusion,MPDD-AVG-2026,Audio+Video,ordinal severity prediction,WavLM audio + ResNet video early fusion Logistic,ordinal_prediction,financial_stress_bin,mentioned_unclear,Prediction Bias,-0.65,0.1224744871391589,,,5,4.0,4.0,not_computed_default_lightweight
mpdd_av_severity_early_fusion,MPDD-AVG-2026,Audio+Video,ordinal severity prediction,WavLM audio + ResNet video early fusion Logistic,ordinal_prediction,financial_stress_bin,mentioned_unclear,QWK,-0.1333333333333333,0.16329931618554516,,,5,4.0,4.0,not_computed_default_lightweight
mpdd_av_severity_early_fusion,MPDD-AVG-2026,Audio+Video,ordinal severity prediction,WavLM audio + ResNet video early fusion Logistic,ordinal_prediction,financial_stress_bin,mentioned_unclear,True Label Probability,0.38322628011363286,0.05598068266622575,,,5,4.0,4.0,not_computed_default_lightweight
mpdd_av_severity_early_fusion,MPDD-AVG-2026,Audio+Video,ordinal severity prediction,WavLM audio + ResNet video early fusion Logistic,ordinal_prediction,financial_stress_bin,mild_or_low,Accuracy,0.4166666666666667,0.052704627669472995,,,5,12.0,12.0,not_computed_default_lightweight
mpdd_av_severity_early_fusion,MPDD-AVG-2026,Audio+Video,ordinal severity prediction,WavLM audio + ResNet video early fusion Logistic,ordinal_prediction,financial_stress_bin,mild_or_low,Brier Score,0.9858364773661041,0.0900804369037766,,,5,12.0,12.0,not_computed_default_lightweight
mpdd_av_severity_early_fusion,MPDD-AVG-2026,Audio+Video,ordinal severity prediction,WavLM audio + ResNet video early fusion Logistic,ordinal_prediction,financial_stress_bin,mild_or_low,Calibration Gap,0.4494493189367417,0.062048855184796026,,,5,12.0,12.0,not_computed_default_lightweight
mpdd_av_severity_early_fusion,MPDD-AVG-2026,Audio+Video,ordinal severity prediction,WavLM audio + ResNet video early fusion Logistic,ordinal_prediction,financial_stress_bin,mild_or_low,ECE,0.468588762309162,0.06614815701510933,,,5,12.0,12.0,not_computed_default_lightweight
mpdd_av_severity_early_fusion,MPDD-AVG-2026,Audio+Video,ordinal severity prediction,WavLM audio + ResNet video early fusion Logistic,ordinal_prediction,financial_stress_bin,mild_or_low,Macro-F1,0.2674074074074074,0.05200210386959657,,,5,12.0,12.0,not_computed_default_lightweight
mpdd_av_severity_early_fusion,MPDD-AVG-2026,Audio+Video,ordinal severity prediction,WavLM audio + ResNet video early fusion Logistic,ordinal_prediction,financial_stress_bin,mild_or_low,Mean Confidence,0.8661159856034084,0.0240228810484942,,,5,12.0,12.0,not_computed_default_lightweight
mpdd_av_severity_early_fusion,MPDD-AVG-2026,Audio+Video,ordinal severity prediction,WavLM audio + ResNet video early fusion Logistic,ordinal_prediction,financial_stress_bin,mild_or_low,Ordinal MAE,0.6833333333333333,0.062360956446232345,,,5,12.0,12.0,not_computed_default_lightweight
mpdd_av_severity_early_fusion,MPDD-AVG-2026,Audio+Video,ordinal severity prediction,WavLM audio + ResNet video early fusion Logistic,ordinal_prediction,financial_stress_bin,mild_or_low,Prediction Bias,-0.21666666666666665,0.08498365855987974,,,5,12.0,12.0,not_computed_default_lightweight
mpdd_av_severity_early_fusion,MPDD-AVG-2026,Audio+Video,ordinal severity prediction,WavLM audio + ResNet video early fusion Logistic,ordinal_prediction,financial_stress_bin,mild_or_low,QWK,-0.07758532159558691,0.06135141104724635,,,5,12.0,12.0,not_computed_default_lightweight
mpdd_av_severity_early_fusion,MPDD-AVG-2026,Audio+Video,ordinal severity prediction,WavLM audio + ResNet video early fusion Logistic,ordinal_prediction,financial_stress_bin,mild_or_low,True Label Probability,0.41419843536307327,0.040336281713175444,,,5,12.0,12.0,not_computed_default_lightweight
mpdd_av_severity_early_fusion,MPDD-AVG-2026,Audio+Video,ordinal severity prediction,WavLM audio + ResNet video early fusion Logistic,ordinal_prediction,financial_stress_bin,moderate,Accuracy,0.5428571428571428,0.05714285714285714,,,5,7.0,7.0,not_computed_default_lightweight
mpdd_av_severity_early_fusion,MPDD-AVG-2026,Audio+Video,ordinal severity prediction,WavLM audio + ResNet video early fusion Logistic,ordinal_prediction,financial_stress_bin,moderate,Brier Score,0.719720241181834,0.094497690543256,,,5,7.0,7.0,not_computed_default_lightweight
mpdd_av_severity_early_fusion,MPDD-AVG-2026,Audio+Video,ordinal severity prediction,WavLM audio + ResNet video early fusion Logistic,ordinal_prediction,financial_stress_bin,moderate,Calibration Gap,0.3514788557901845,0.05200519706610148,,,5,7.0,7.0,not_computed_default_lightweight
mpdd_av_severity_early_fusion,MPDD-AVG-2026,Audio+Video,ordinal severity prediction,WavLM audio + ResNet video early fusion Logistic,ordinal_prediction,financial_stress_bin,moderate,ECE,0.35147885579018445,0.05200519706610142,,,5,7.0,7.0,not_computed_default_lightweight
mpdd_av_severity_early_fusion,MPDD-AVG-2026,Audio+Video,ordinal severity prediction,WavLM audio + ResNet video early fusion Logistic,ordinal_prediction,financial_stress_bin,moderate,Macro-F1,0.28242424242424236,0.06809489408576067,,,5,7.0,7.0,not_computed_default_lightweight
mpdd_av_severity_early_fusion,MPDD-AVG-2026,Audio+Video,ordinal severity prediction,WavLM audio + ResNet video early fusion Logistic,ordinal_prediction,financial_stress_bin,moderate,Mean Confidence,0.8943359986473274,0.03218589469363855,,,5,7.0,7.0,not_computed_default_lightweight
mpdd_av_severity_early_fusion,MPDD-AVG-2026,Audio+Video,ordinal severity prediction,WavLM audio + ResNet video early fusion Logistic,ordinal_prediction,financial_stress_bin,moderate,Ordinal MAE,0.8285714285714285,0.10690449676496974,,,5,7.0,7.0,not_computed_default_lightweight
mpdd_av_severity_early_fusion,MPDD-AVG-2026,Audio+Video,ordinal severity prediction,WavLM audio + ResNet video early fusion Logistic,ordinal_prediction,financial_stress_bin,moderate,Prediction Bias,-0.3142857142857142,0.10690449676496974,,,5,7.0,7.0,not_computed_default_lightweight
mpdd_av_severity_early_fusion,MPDD-AVG-2026,Audio+Video,ordinal severity prediction,WavLM audio + ResNet video early fusion Logistic,ordinal_prediction,financial_stress_bin,moderate,QWK,-0.2239412562854179,0.0782379926308452,,,5,7.0,7.0,not_computed_default_lightweight
mpdd_av_severity_early_fusion,MPDD-AVG-2026,Audio+Video,ordinal severity prediction,WavLM audio + ResNet video early fusion Logistic,ordinal_prediction,financial_stress_bin,moderate,True Label Probability,0.5581925525482897,0.04178418890702053,,,5,7.0,7.0,not_computed_default_lightweight
mpdd_av_severity_early_fusion,MPDD-AVG-2026,Audio+Video,ordinal severity prediction,WavLM audio + ResNet video early fusion Logistic,ordinal_prediction,financial_stress_bin,none,Accuracy,0.6235294117647059,0.019211684257123007,,,5,51.0,51.0,not_computed_default_lightweight
mpdd_av_severity_early_fusion,MPDD-AVG-2026,Audio+Video,ordinal severity prediction,WavLM audio + ResNet video early fusion Logistic,ordinal_prediction,financial_stress_bin,none,Brier Score,0.6229997354842536,0.047532381347723765,,,5,51.0,51.0,not_computed_default_lightweight
mpdd_av_severity_early_fusion,MPDD-AVG-2026,Audio+Video,ordinal severity prediction,WavLM audio + ResNet video early fusion Logistic,ordinal_prediction,financial_stress_bin,none,Calibration Gap,0.25343225096439925,0.028542376182793216,,,5,51.0,51.0,not_computed_default_lightweight
mpdd_av_severity_early_fusion,MPDD-AVG-2026,Audio+Video,ordinal severity prediction,WavLM audio + ResNet video early fusion Logistic,ordinal_prediction,financial_stress_bin,none,ECE,0.2639923055429807,0.03463410885849346,,,5,51.0,51.0,not_computed_default_lightweight
mpdd_av_severity_early_fusion,MPDD-AVG-2026,Audio+Video,ordinal severity prediction,WavLM audio + ResNet video early fusion Logistic,ordinal_prediction,financial_stress_bin,none,Macro-F1,0.3450361804086771,0.04526414200726263,,,5,51.0,51.0,not_computed_default_lightweight
mpdd_av_severity_early_fusion,MPDD-AVG-2026,Audio+Video,ordinal severity prediction,WavLM audio + ResNet video early fusion Logistic,ordinal_prediction,financial_stress_bin,none,Mean Confidence,0.8769616627291053,0.01391986466197048,,,5,51.0,51.0,not_computed_default_lightweight
mpdd_av_severity_early_fusion,MPDD-AVG-2026,Audio+Video,ordinal severity prediction,WavLM audio + ResNet video early fusion Logistic,ordinal_prediction,financial_stress_bin,none,Ordinal MAE,0.4901960784313726,0.03281019711898334,,,5,51.0,51.0,not_computed_default_lightweight
mpdd_av_severity_early_fusion,MPDD-AVG-2026,Audio+Video,ordinal severity prediction,WavLM audio + ResNet video early fusion Logistic,ordinal_prediction,financial_stress_bin,none,Prediction Bias,-0.12941176470588237,0.0318589741358273,,,5,51.0,51.0,not_computed_default_lightweight
mpdd_av_severity_early_fusion,MPDD-AVG-2026,Audio+Video,ordinal severity prediction,WavLM audio + ResNet video early fusion Logistic,ordinal_prediction,financial_stress_bin,none,QWK,-0.0009383104449754764,0.09922208634142884,,,5,51.0,51.0,not_computed_default_lightweight
mpdd_av_severity_early_fusion,MPDD-AVG-2026,Audio+Video,ordinal severity prediction,WavLM audio + ResNet video early fusion Logistic,ordinal_prediction,financial_stress_bin,none,True Label Probability,0.5996254401906205,0.0217916280287426,,,5,51.0,51.0,not_computed_default_lightweight
mpdd_av_severity_early_fusion,MPDD-AVG-2026,Audio+Video,ordinal severity prediction,WavLM audio + ResNet video early fusion Logistic,ordinal_prediction,financial_stress_bin,unknown,Accuracy,0.5,0.026058401518969983,,,5,94.0,94.0,not_computed_default_lightweight
mpdd_av_severity_early_fusion,MPDD-AVG-2026,Audio+Video,ordinal severity prediction,WavLM audio + ResNet video early fusion Logistic,ordinal_prediction,financial_stress_bin,unknown,Brier Score,0.8321365281171611,0.04924784572497492,,,5,94.0,94.0,not_computed_default_lightweight
mpdd_av_severity_early_fusion,MPDD-AVG-2026,Audio+Video,ordinal severity prediction,WavLM audio + ResNet video early fusion Logistic,ordinal_prediction,financial_stress_bin,unknown,Calibration Gap,0.35325537651734085,0.03236912110201806,,,5,94.0,94.0,not_computed_default_lightweight
mpdd_av_severity_early_fusion,MPDD-AVG-2026,Audio+Video,ordinal severity prediction,WavLM audio + ResNet video early fusion Logistic,ordinal_prediction,financial_stress_bin,unknown,ECE,0.362549897582017,0.024856927494505267,,,5,94.0,94.0,not_computed_default_lightweight
mpdd_av_severity_early_fusion,MPDD-AVG-2026,Audio+Video,ordinal severity prediction,WavLM audio + ResNet video early fusion Logistic,ordinal_prediction,financial_stress_bin,unknown,Macro-F1,0.42849843264136284,0.04089919657595406,,,5,94.0,94.0,not_computed_default_lightweight
mpdd_av_severity_early_fusion,MPDD-AVG-2026,Audio+Video,ordinal severity prediction,WavLM audio + ResNet video early fusion Logistic,ordinal_prediction,financial_stress_bin,unknown,Mean Confidence,0.853255376517341,0.013442797594042596,,,5,94.0,94.0,not_computed_default_lightweight
mpdd_av_severity_early_fusion,MPDD-AVG-2026,Audio+Video,ordinal severity prediction,WavLM audio + ResNet video early fusion Logistic,ordinal_prediction,financial_stress_bin,unknown,Ordinal MAE,0.5574468085106383,0.029787234042553217,,,5,94.0,94.0,not_computed_default_lightweight
mpdd_av_severity_early_fusion,MPDD-AVG-2026,Audio+Video,ordinal severity prediction,WavLM audio + ResNet video early fusion Logistic,ordinal_prediction,financial_stress_bin,unknown,Prediction Bias,-0.038297872340425525,0.03127008182276397,,,5,94.0,94.0,not_computed_default_lightweight
mpdd_av_severity_early_fusion,MPDD-AVG-2026,Audio+Video,ordinal severity prediction,WavLM audio + ResNet video early fusion Logistic,ordinal_prediction,financial_stress_bin,unknown,QWK,0.20739552804110328,0.0710506855930591,,,5,94.0,94.0,not_computed_default_lightweight
mpdd_av_severity_early_fusion,MPDD-AVG-2026,Audio+Video,ordinal severity prediction,WavLM audio + ResNet video early fusion Logistic,ordinal_prediction,financial_stress_bin,unknown,True Label Probability,0.4793868297566487,0.020567347585212125,,,5,94.0,94.0,not_computed_default_lightweight
mpdd_av_severity_early_fusion,MPDD-AVG-2026,Audio+Video,ordinal severity prediction,WavLM audio + ResNet video early fusion Logistic,ordinal_prediction,personality_agreeableness_bin,high,Accuracy,0.5785714285714285,0.052489065916782394,,,5,28.0,28.0,not_computed_default_lightweight
mpdd_av_severity_early_fusion,MPDD-AVG-2026,Audio+Video,ordinal severity prediction,WavLM audio + ResNet video early fusion Logistic,ordinal_prediction,personality_agreeableness_bin,high,Brier Score,0.7287533294729492,0.08745646466993134,,,5,28.0,28.0,not_computed_default_lightweight
mpdd_av_severity_early_fusion,MPDD-AVG-2026,Audio+Video,ordinal severity prediction,WavLM audio + ResNet video early fusion Logistic,ordinal_prediction,personality_agreeableness_bin,high,Calibration Gap,0.32455239312182527,0.04352241644549441,,,5,28.0,28.0,not_computed_default_lightweight
mpdd_av_severity_early_fusion,MPDD-AVG-2026,Audio+Video,ordinal severity prediction,WavLM audio + ResNet video early fusion Logistic,ordinal_prediction,personality_agreeableness_bin,high,ECE,0.3563584758944243,0.04153003160354787,,,5,28.0,28.0,not_computed_default_lightweight
mpdd_av_severity_early_fusion,MPDD-AVG-2026,Audio+Video,ordinal severity prediction,WavLM audio + ResNet video early fusion Logistic,ordinal_prediction,personality_agreeableness_bin,high,Macro-F1,0.3543863724351529,0.0996241123906811,,,5,28.0,28.0,not_computed_default_lightweight
mpdd_av_severity_early_fusion,MPDD-AVG-2026,Audio+Video,ordinal severity prediction,WavLM audio + ResNet video early fusion Logistic,ordinal_prediction,personality_agreeableness_bin,high,Mean Confidence,0.9031238216932538,0.023819072519601303,,,5,28.0,28.0,not_computed_default_lightweight
mpdd_av_severity_early_fusion,MPDD-AVG-2026,Audio+Video,ordinal severity prediction,WavLM audio + ResNet video early fusion Logistic,ordinal_prediction,personality_agreeableness_bin,high,Ordinal MAE,0.5428571428571428,0.08571428571428574,,,5,28.0,28.0,not_computed_default_lightweight
mpdd_av_severity_early_fusion,MPDD-AVG-2026,Audio+Video,ordinal severity prediction,WavLM audio + ResNet video early fusion Logistic,ordinal_prediction,personality_agreeableness_bin,high,Prediction Bias,-0.38571428571428573,0.03499271061118824,,,5,28.0,28.0,not_computed_default_lightweight
mpdd_av_severity_early_fusion,MPDD-AVG-2026,Audio+Video,ordinal severity prediction,WavLM audio + ResNet video early fusion Logistic,ordinal_prediction,personality_agreeableness_bin,high,QWK,0.18679818763697087,0.18349859358273146,,,5,28.0,28.0,not_computed_default_lightweight
mpdd_av_severity_early_fusion,MPDD-AVG-2026,Audio+Video,ordinal severity prediction,WavLM audio + ResNet video early fusion Logistic,ordinal_prediction,personality_agreeableness_bin,high,True Label Probability,0.5621073667878945,0.04679048572037579,,,5,28.0,28.0,not_computed_default_lightweight
mpdd_av_severity_early_fusion,MPDD-AVG-2026,Audio+Video,ordinal severity prediction,WavLM audio + ResNet video early fusion Logistic,ordinal_prediction,personality_agreeableness_bin,low,Accuracy,0.49000000000000005,0.025495097567963927,,,5,40.0,40.0,not_computed_default_lightweight
mpdd_av_severity_early_fusion,MPDD-AVG-2026,Audio+Video,ordinal severity prediction,WavLM audio + ResNet video early fusion Logistic,ordinal_prediction,personality_agreeableness_bin,low,Brier Score,0.8623435391804899,0.018092127151343295,,,5,40.0,40.0,not_computed_default_lightweight
mpdd_av_severity_early_fusion,MPDD-AVG-2026,Audio+Video,ordinal severity prediction,WavLM audio + ResNet video early fusion Logistic,ordinal_prediction,personality_agreeableness_bin,low,Calibration Gap,0.39328184004490724,0.02123554017982376,,,5,40.0,40.0,not_computed_default_lightweight
mpdd_av_severity_early_fusion,MPDD-AVG-2026,Audio+Video,ordinal severity prediction,WavLM audio + ResNet video early fusion Logistic,ordinal_prediction,personality_agreeableness_bin,low,ECE,0.4213728018156838,0.011366580554554008,,,5,40.0,40.0,not_computed_default_lightweight
mpdd_av_severity_early_fusion,MPDD-AVG-2026,Audio+Video,ordinal severity prediction,WavLM audio + ResNet video early fusion Logistic,ordinal_prediction,personality_agreeableness_bin,low,Macro-F1,0.4287643759160787,0.05671309067820205,,,5,40.0,40.0,not_computed_default_lightweight
mpdd_av_severity_early_fusion,MPDD-AVG-2026,Audio+Video,ordinal severity prediction,WavLM audio + ResNet video early fusion Logistic,ordinal_prediction,personality_agreeableness_bin,low,Mean Confidence,0.8832818400449071,0.017641304829161562,,,5,40.0,40.0,not_computed_default_lightweight
mpdd_av_severity_early_fusion,MPDD-AVG-2026,Audio+Video,ordinal severity prediction,WavLM audio + ResNet video early fusion Logistic,ordinal_prediction,personality_agreeableness_bin,low,Ordinal MAE,0.5449999999999999,0.02915475947422649,,,5,40.0,40.0,not_computed_default_lightweight
mpdd_av_severity_early_fusion,MPDD-AVG-2026,Audio+Video,ordinal severity prediction,WavLM audio + ResNet video early fusion Logistic,ordinal_prediction,personality_agreeableness_bin,low,Prediction Bias,-0.16499999999999998,0.04636809247747852,,,5,40.0,40.0,not_computed_default_lightweight
mpdd_av_severity_early_fusion,MPDD-AVG-2026,Audio+Video,ordinal severity prediction,WavLM audio + ResNet video early fusion Logistic,ordinal_prediction,personality_agreeableness_bin,low,QWK,0.20662684536811682,0.0723637553501162,,,5,40.0,40.0,not_computed_default_lightweight
mpdd_av_severity_early_fusion,MPDD-AVG-2026,Audio+Video,ordinal severity prediction,WavLM audio + ResNet video early fusion Logistic,ordinal_prediction,personality_agreeableness_bin,low,True Label Probability,0.48413079899643136,0.012356589527961773,,,5,40.0,40.0,not_computed_default_lightweight
mpdd_av_severity_early_fusion,MPDD-AVG-2026,Audio+Video,ordinal severity prediction,WavLM audio + ResNet video early fusion Logistic,ordinal_prediction,personality_agreeableness_bin,mid,Accuracy,0.5043478260869565,0.02884021556830782,,,5,46.0,46.0,not_computed_default_lightweight
mpdd_av_severity_early_fusion,MPDD-AVG-2026,Audio+Video,ordinal severity prediction,WavLM audio + ResNet video early fusion Logistic,ordinal_prediction,personality_agreeableness_bin,mid,Brier Score,0.8363309839054649,0.06234278282738872,,,5,46.0,46.0,not_computed_default_lightweight
mpdd_av_severity_early_fusion,MPDD-AVG-2026,Audio+Video,ordinal severity prediction,WavLM audio + ResNet video early fusion Logistic,ordinal_prediction,personality_agreeableness_bin,mid,Calibration Gap,0.33145597234202195,0.041390121419383204,,,5,46.0,46.0,not_computed_default_lightweight
mpdd_av_severity_early_fusion,MPDD-AVG-2026,Audio+Video,ordinal severity prediction,WavLM audio + ResNet video early fusion Logistic,ordinal_prediction,personality_agreeableness_bin,mid,ECE,0.35139643825399824,0.054447411402881396,,,5,46.0,46.0,not_computed_default_lightweight
mpdd_av_severity_early_fusion,MPDD-AVG-2026,Audio+Video,ordinal severity prediction,WavLM audio + ResNet video early fusion Logistic,ordinal_prediction,personality_agreeableness_bin,mid,Macro-F1,0.39988792468898005,0.04522668812039191,,,5,46.0,46.0,not_computed_default_lightweight
mpdd_av_severity_early_fusion,MPDD-AVG-2026,Audio+Video,ordinal severity prediction,WavLM audio + ResNet video early fusion Logistic,ordinal_prediction,personality_agreeableness_bin,mid,Mean Confidence,0.8358037984289786,0.01590214042006242,,,5,46.0,46.0,not_computed_default_lightweight
mpdd_av_severity_early_fusion,MPDD-AVG-2026,Audio+Video,ordinal severity prediction,WavLM audio + ResNet video early fusion Logistic,ordinal_prediction,personality_agreeableness_bin,mid,Ordinal MAE,0.5782608695652174,0.04032008041519873,,,5,46.0,46.0,not_computed_default_lightweight
mpdd_av_severity_early_fusion,MPDD-AVG-2026,Audio+Video,ordinal severity prediction,WavLM audio + ResNet video early fusion Logistic,ordinal_prediction,personality_agreeableness_bin,mid,Prediction Bias,0.04782608695652174,0.05032972566430533,,,5,46.0,46.0,not_computed_default_lightweight
mpdd_av_severity_early_fusion,MPDD-AVG-2026,Audio+Video,ordinal severity prediction,WavLM audio + ResNet video early fusion Logistic,ordinal_prediction,personality_agreeableness_bin,mid,QWK,0.11190247611814319,0.1077190438833862,,,5,46.0,46.0,not_computed_default_lightweight
mpdd_av_severity_early_fusion,MPDD-AVG-2026,Audio+Video,ordinal severity prediction,WavLM audio + ResNet video early fusion Logistic,ordinal_prediction,personality_agreeableness_bin,mid,True Label Probability,0.46820306340127243,0.024383023488931534,,,5,46.0,46.0,not_computed_default_lightweight
mpdd_av_severity_early_fusion,MPDD-AVG-2026,Audio+Video,ordinal severity prediction,WavLM audio + ResNet video early fusion Logistic,ordinal_prediction,personality_agreeableness_bin,unknown,Accuracy,0.5475409836065573,0.03823575013013311,,,5,61.0,61.0,not_computed_default_lightweight
mpdd_av_severity_early_fusion,MPDD-AVG-2026,Audio+Video,ordinal severity prediction,WavLM audio + ResNet video early fusion Logistic,ordinal_prediction,personality_agreeableness_bin,unknown,Brier Score,0.7310910185416525,0.06243914594737673,,,5,61.0,61.0,not_computed_default_lightweight
mpdd_av_severity_early_fusion,MPDD-AVG-2026,Audio+Video,ordinal severity prediction,WavLM audio + ResNet video early fusion Logistic,ordinal_prediction,personality_agreeableness_bin,unknown,Calibration Gap,0.3168542901811014,0.03962298821927103,,,5,61.0,61.0,not_computed_default_lightweight
mpdd_av_severity_early_fusion,MPDD-AVG-2026,Audio+Video,ordinal severity prediction,WavLM audio + ResNet video early fusion Logistic,ordinal_prediction,personality_agreeableness_bin,unknown,ECE,0.32135865884001635,0.04261895109816012,,,5,61.0,61.0,not_computed_default_lightweight
mpdd_av_severity_early_fusion,MPDD-AVG-2026,Audio+Video,ordinal severity prediction,WavLM audio + ResNet video early fusion Logistic,ordinal_prediction,personality_agreeableness_bin,unknown,Macro-F1,0.31049371383355556,0.05359505106396227,,,5,61.0,61.0,not_computed_default_lightweight
mpdd_av_severity_early_fusion,MPDD-AVG-2026,Audio+Video,ordinal severity prediction,WavLM audio + ResNet video early fusion Logistic,ordinal_prediction,personality_agreeableness_bin,unknown,Mean Confidence,0.8643952737876587,0.011767671756067265,,,5,61.0,61.0,not_computed_default_lightweight
mpdd_av_severity_early_fusion,MPDD-AVG-2026,Audio+Video,ordinal severity prediction,WavLM audio + ResNet video early fusion Logistic,ordinal_prediction,personality_agreeableness_bin,unknown,Ordinal MAE,0.6032786885245902,0.045666846810439726,,,5,61.0,61.0,not_computed_default_lightweight
mpdd_av_severity_early_fusion,MPDD-AVG-2026,Audio+Video,ordinal severity prediction,WavLM audio + ResNet video early fusion Logistic,ordinal_prediction,personality_agreeableness_bin,unknown,Prediction Bias,-0.13114754098360654,0.03738280082292256,,,5,61.0,61.0,not_computed_default_lightweight
mpdd_av_severity_early_fusion,MPDD-AVG-2026,Audio+Video,ordinal severity prediction,WavLM audio + ResNet video early fusion Logistic,ordinal_prediction,personality_agreeableness_bin,unknown,QWK,-0.04235133515837577,0.10814942167337253,,,5,61.0,61.0,not_computed_default_lightweight
mpdd_av_severity_early_fusion,MPDD-AVG-2026,Audio+Video,ordinal severity prediction,WavLM audio + ResNet video early fusion Logistic,ordinal_prediction,personality_agreeableness_bin,unknown,True Label Probability,0.5367294715998262,0.03289705561374316,,,5,61.0,61.0,not_computed_default_lightweight
mpdd_av_severity_early_fusion,MPDD-AVG-2026,Audio+Video,ordinal severity prediction,WavLM audio + ResNet video early fusion Logistic,ordinal_prediction,personality_conscientiousness_bin,high,Accuracy,0.5461538461538462,0.03124630155629213,,,5,52.0,52.0,not_computed_default_lightweight
mpdd_av_severity_early_fusion,MPDD-AVG-2026,Audio+Video,ordinal severity prediction,WavLM audio + ResNet video early fusion Logistic,ordinal_prediction,personality_conscientiousness_bin,high,Brier Score,0.7659179917506048,0.0376344554861437,,,5,52.0,52.0,not_computed_default_lightweight
mpdd_av_severity_early_fusion,MPDD-AVG-2026,Audio+Video,ordinal severity prediction,WavLM audio + ResNet video early fusion Logistic,ordinal_prediction,personality_conscientiousness_bin,high,Calibration Gap,0.3390687992066129,0.029336081313118337,,,5,52.0,52.0,not_computed_default_lightweight
mpdd_av_severity_early_fusion,MPDD-AVG-2026,Audio+Video,ordinal severity prediction,WavLM audio + ResNet video early fusion Logistic,ordinal_prediction,personality_conscientiousness_bin,high,ECE,0.3631273967978884,0.014661811017325062,,,5,52.0,52.0,not_computed_default_lightweight
mpdd_av_severity_early_fusion,MPDD-AVG-2026,Audio+Video,ordinal severity prediction,WavLM audio + ResNet video early fusion Logistic,ordinal_prediction,personality_conscientiousness_bin,high,Macro-F1,0.3563501848449797,0.04835797731014652,,,5,52.0,52.0,not_computed_default_lightweight
mpdd_av_severity_early_fusion,MPDD-AVG-2026,Audio+Video,ordinal severity prediction,WavLM audio + ResNet video early fusion Logistic,ordinal_prediction,personality_conscientiousness_bin,high,Mean Confidence,0.885222645360459,0.014580367065988848,,,5,52.0,52.0,not_computed_default_lightweight
mpdd_av_severity_early_fusion,MPDD-AVG-2026,Audio+Video,ordinal severity prediction,WavLM audio + ResNet video early fusion Logistic,ordinal_prediction,personality_conscientiousness_bin,high,Ordinal MAE,0.5884615384615385,0.03124630155629215,,,5,52.0,52.0,not_computed_default_lightweight
mpdd_av_severity_early_fusion,MPDD-AVG-2026,Audio+Video,ordinal severity prediction,WavLM audio + ResNet video early fusion Logistic,ordinal_prediction,personality_conscientiousness_bin,high,Prediction Bias,-0.21153846153846154,0.021066252211737163,,,5,52.0,52.0,not_computed_default_lightweight
mpdd_av_severity_early_fusion,MPDD-AVG-2026,Audio+Video,ordinal severity prediction,WavLM audio + ResNet video early fusion Logistic,ordinal_prediction,personality_conscientiousness_bin,high,QWK,-0.03562017692452479,0.08752167031830227,,,5,52.0,52.0,not_computed_default_lightweight
mpdd_av_severity_early_fusion,MPDD-AVG-2026,Audio+Video,ordinal severity prediction,WavLM audio + ResNet video early fusion Logistic,ordinal_prediction,personality_conscientiousness_bin,high,True Label Probability,0.5335766716564602,0.021324724711435115,,,5,52.0,52.0,not_computed_default_lightweight
mpdd_av_severity_early_fusion,MPDD-AVG-2026,Audio+Video,ordinal severity prediction,WavLM audio + ResNet video early fusion Logistic,ordinal_prediction,personality_conscientiousness_bin,low,Accuracy,0.48275862068965514,0.032713217174155644,,,5,58.0,58.0,not_computed_default_lightweight
mpdd_av_severity_early_fusion,MPDD-AVG-2026,Audio+Video,ordinal severity prediction,WavLM audio + ResNet video early fusion Logistic,ordinal_prediction,personality_conscientiousness_bin,low,Brier Score,0.8817346674713249,0.05304680420167671,,,5,58.0,58.0,not_computed_default_lightweight
mpdd_av_severity_early_fusion,MPDD-AVG-2026,Audio+Video,ordinal severity prediction,WavLM audio + ResNet video early fusion Logistic,ordinal_prediction,personality_conscientiousness_bin,low,Calibration Gap,0.3760158277569655,0.03350310397082225,,,5,58.0,58.0,not_computed_default_lightweight
mpdd_av_severity_early_fusion,MPDD-AVG-2026,Audio+Video,ordinal severity prediction,WavLM audio + ResNet video early fusion Logistic,ordinal_prediction,personality_conscientiousness_bin,low,ECE,0.4085186899152836,0.03112198536728398,,,5,58.0,58.0,not_computed_default_lightweight
mpdd_av_severity_early_fusion,MPDD-AVG-2026,Audio+Video,ordinal severity prediction,WavLM audio + ResNet video early fusion Logistic,ordinal_prediction,personality_conscientiousness_bin,low,Macro-F1,0.4450808114254442,0.05549610330597616,,,5,58.0,58.0,not_computed_default_lightweight
mpdd_av_severity_early_fusion,MPDD-AVG-2026,Audio+Video,ordinal severity prediction,WavLM audio + ResNet video early fusion Logistic,ordinal_prediction,personality_conscientiousness_bin,low,Mean Confidence,0.8587744484466209,0.013943508454911808,,,5,58.0,58.0,not_computed_default_lightweight
mpdd_av_severity_early_fusion,MPDD-AVG-2026,Audio+Video,ordinal severity prediction,WavLM audio + ResNet video early fusion Logistic,ordinal_prediction,personality_conscientiousness_bin,low,Ordinal MAE,0.5724137931034482,0.05602785106645488,,,5,58.0,58.0,not_computed_default_lightweight
mpdd_av_severity_early_fusion,MPDD-AVG-2026,Audio+Video,ordinal severity prediction,WavLM audio + ResNet video early fusion Logistic,ordinal_prediction,personality_conscientiousness_bin,low,Prediction Bias,-0.1103448275862069,0.05932638115201811,,,5,58.0,58.0,not_computed_default_lightweight
mpdd_av_severity_early_fusion,MPDD-AVG-2026,Audio+Video,ordinal severity prediction,WavLM audio + ResNet video early fusion Logistic,ordinal_prediction,personality_conscientiousness_bin,low,QWK,0.24098181677849456,0.1178664797596316,,,5,58.0,58.0,not_computed_default_lightweight
mpdd_av_severity_early_fusion,MPDD-AVG-2026,Audio+Video,ordinal severity prediction,WavLM audio + ResNet video early fusion Logistic,ordinal_prediction,personality_conscientiousness_bin,low,True Label Probability,0.45835924521707766,0.02635112605439604,,,5,58.0,58.0,not_computed_default_lightweight
mpdd_av_severity_early_fusion,MPDD-AVG-2026,Audio+Video,ordinal severity prediction,WavLM audio + ResNet video early fusion Logistic,ordinal_prediction,personality_conscientiousness_bin,mid,Accuracy,0.5076923076923077,0.052297636036849074,,,5,39.0,39.0,not_computed_default_lightweight
mpdd_av_severity_early_fusion,MPDD-AVG-2026,Audio+Video,ordinal severity prediction,WavLM audio + ResNet video early fusion Logistic,ordinal_prediction,personality_conscientiousness_bin,mid,Brier Score,0.8238546435107118,0.08114041193199424,,,5,39.0,39.0,not_computed_default_lightweight
mpdd_av_severity_early_fusion,MPDD-AVG-2026,Audio+Video,ordinal severity prediction,WavLM audio + ResNet video early fusion Logistic,ordinal_prediction,personality_conscientiousness_bin,mid,Calibration Gap,0.35958417242507235,0.061306108777955774,,,5,39.0,39.0,not_computed_default_lightweight
mpdd_av_severity_early_fusion,MPDD-AVG-2026,Audio+Video,ordinal severity prediction,WavLM audio + ResNet video early fusion Logistic,ordinal_prediction,personality_conscientiousness_bin,mid,ECE,0.36545578375678617,0.05662398943319358,,,5,39.0,39.0,not_computed_default_lightweight
mpdd_av_severity_early_fusion,MPDD-AVG-2026,Audio+Video,ordinal severity prediction,WavLM audio + ResNet video early fusion Logistic,ordinal_prediction,personality_conscientiousness_bin,mid,Macro-F1,0.32432474760316105,0.06107455835684076,,,5,39.0,39.0,not_computed_default_lightweight
mpdd_av_severity_early_fusion,MPDD-AVG-2026,Audio+Video,ordinal severity prediction,WavLM audio + ResNet video early fusion Logistic,ordinal_prediction,personality_conscientiousness_bin,mid,Mean Confidence,0.86727648011738,0.01616672221541603,,,5,39.0,39.0,not_computed_default_lightweight
mpdd_av_severity_early_fusion,MPDD-AVG-2026,Audio+Video,ordinal severity prediction,WavLM audio + ResNet video early fusion Logistic,ordinal_prediction,personality_conscientiousness_bin,mid,Ordinal MAE,0.5692307692307692,0.06363935203072235,,,5,39.0,39.0,not_computed_default_lightweight
mpdd_av_severity_early_fusion,MPDD-AVG-2026,Audio+Video,ordinal severity prediction,WavLM audio + ResNet video early fusion Logistic,ordinal_prediction,personality_conscientiousness_bin,mid,Prediction Bias,-0.0051282051282051325,0.0817301407718422,,,5,39.0,39.0,not_computed_default_lightweight
mpdd_av_severity_early_fusion,MPDD-AVG-2026,Audio+Video,ordinal severity prediction,WavLM audio + ResNet video early fusion Logistic,ordinal_prediction,personality_conscientiousness_bin,mid,QWK,0.05135264972676139,0.0575654616308626,,,5,39.0,39.0,not_computed_default_lightweight
mpdd_av_severity_early_fusion,MPDD-AVG-2026,Audio+Video,ordinal severity prediction,WavLM audio + ResNet video early fusion Logistic,ordinal_prediction,personality_conscientiousness_bin,mid,True Label Probability,0.492400729382668,0.03468017206732222,,,5,39.0,39.0,not_computed_default_lightweight
mpdd_av_severity_early_fusion,MPDD-AVG-2026,Audio+Video,ordinal severity prediction,WavLM audio + ResNet video early fusion Logistic,ordinal_prediction,personality_conscientiousness_bin,unknown,Accuracy,0.6230769230769231,0.028781979898261104,,,5,26.0,26.0,not_computed_default_lightweight
mpdd_av_severity_early_fusion,MPDD-AVG-2026,Audio+Video,ordinal severity prediction,WavLM audio + ResNet video early fusion Logistic,ordinal_prediction,personality_conscientiousness_bin,unknown,Brier Score,0.5718436462257044,0.03360305052822371,,,5,26.0,26.0,not_computed_default_lightweight
mpdd_av_severity_early_fusion,MPDD-AVG-2026,Audio+Video,ordinal severity prediction,WavLM audio + ResNet video early fusion Logistic,ordinal_prediction,personality_conscientiousness_bin,unknown,Calibration Gap,0.22805956710622688,0.030617703166659745,,,5,26.0,26.0,not_computed_default_lightweight
mpdd_av_severity_early_fusion,MPDD-AVG-2026,Audio+Video,ordinal severity prediction,WavLM audio + ResNet video early fusion Logistic,ordinal_prediction,personality_conscientiousness_bin,unknown,ECE,0.260262047273801,0.04878581281566461,,,5,26.0,26.0,not_computed_default_lightweight
mpdd_av_severity_early_fusion,MPDD-AVG-2026,Audio+Video,ordinal severity prediction,WavLM audio + ResNet video early fusion Logistic,ordinal_prediction,personality_conscientiousness_bin,unknown,Macro-F1,0.35903947903947897,0.011910930710947806,,,5,26.0,26.0,not_computed_default_lightweight
mpdd_av_severity_early_fusion,MPDD-AVG-2026,Audio+Video,ordinal severity prediction,WavLM audio + ResNet video early fusion Logistic,ordinal_prediction,personality_conscientiousness_bin,unknown,Mean Confidence,0.8511364901831499,0.012660275800207335,,,5,26.0,26.0,not_computed_default_lightweight
mpdd_av_severity_early_fusion,MPDD-AVG-2026,Audio+Video,ordinal severity prediction,WavLM audio + ResNet video early fusion Logistic,ordinal_prediction,personality_conscientiousness_bin,unknown,Ordinal MAE,0.5538461538461539,0.04615384615384615,,,5,26.0,26.0,not_computed_default_lightweight
mpdd_av_severity_early_fusion,MPDD-AVG-2026,Audio+Video,ordinal severity prediction,WavLM audio + ResNet video early fusion Logistic,ordinal_prediction,personality_conscientiousness_bin,unknown,Prediction Bias,-0.21538461538461537,0.07536891516255932,,,5,26.0,26.0,not_computed_default_lightweight
mpdd_av_severity_early_fusion,MPDD-AVG-2026,Audio+Video,ordinal severity prediction,WavLM audio + ResNet video early fusion Logistic,ordinal_prediction,personality_conscientiousness_bin,unknown,QWK,-0.015462023975293148,0.10314657425427115,,,5,26.0,26.0,not_computed_default_lightweight
mpdd_av_severity_early_fusion,MPDD-AVG-2026,Audio+Video,ordinal severity prediction,WavLM audio + ResNet video early fusion Logistic,ordinal_prediction,personality_conscientiousness_bin,unknown,True Label Probability,0.6095240507429132,0.014689107778207864,,,5,26.0,26.0,not_computed_default_lightweight
mpdd_av_severity_early_fusion,MPDD-AVG-2026,Audio+Video,ordinal severity prediction,WavLM audio + ResNet video early fusion Logistic,ordinal_prediction,personality_extraversion_bin,high,Accuracy,0.6461538461538462,0.02878197989826107,,,5,26.0,26.0,not_computed_default_lightweight
mpdd_av_severity_early_fusion,MPDD-AVG-2026,Audio+Video,ordinal severity prediction,WavLM audio + ResNet video early fusion Logistic,ordinal_prediction,personality_extraversion_bin,high,Brier Score,0.5940098461538477,0.026414667142424006,,,5,26.0,26.0,not_computed_default_lightweight
mpdd_av_severity_early_fusion,MPDD-AVG-2026,Audio+Video,ordinal severity prediction,WavLM audio + ResNet video early fusion Logistic,ordinal_prediction,personality_extraversion_bin,high,Calibration Gap,0.23045852092061692,0.04150667435179372,,,5,26.0,26.0,not_computed_default_lightweight
mpdd_av_severity_early_fusion,MPDD-AVG-2026,Audio+Video,ordinal severity prediction,WavLM audio + ResNet video early fusion Logistic,ordinal_prediction,personality_extraversion_bin,high,ECE,0.2690071042113193,0.046730971189851755,,,5,26.0,26.0,not_computed_default_lightweight
mpdd_av_severity_early_fusion,MPDD-AVG-2026,Audio+Video,ordinal severity prediction,WavLM audio + ResNet video early fusion Logistic,ordinal_prediction,personality_extraversion_bin,high,Macro-F1,0.41578047683310837,0.0573326979529101,,,5,26.0,26.0,not_computed_default_lightweight
mpdd_av_severity_early_fusion,MPDD-AVG-2026,Audio+Video,ordinal severity prediction,WavLM audio + ResNet video early fusion Logistic,ordinal_prediction,personality_extraversion_bin,high,Mean Confidence,0.8766123670744632,0.023967752626099906,,,5,26.0,26.0,not_computed_default_lightweight
mpdd_av_severity_early_fusion,MPDD-AVG-2026,Audio+Video,ordinal severity prediction,WavLM audio + ResNet video early fusion Logistic,ordinal_prediction,personality_extraversion_bin,high,Ordinal MAE,0.43076923076923074,0.05102499677469847,,,5,26.0,26.0,not_computed_default_lightweight
mpdd_av_severity_early_fusion,MPDD-AVG-2026,Audio+Video,ordinal severity prediction,WavLM audio + ResNet video early fusion Logistic,ordinal_prediction,personality_extraversion_bin,high,Prediction Bias,0.0,0.034401045807689073,,,5,26.0,26.0,not_computed_default_lightweight
mpdd_av_severity_early_fusion,MPDD-AVG-2026,Audio+Video,ordinal severity prediction,WavLM audio + ResNet video early fusion Logistic,ordinal_prediction,personality_extraversion_bin,high,QWK,0.28242160064988686,0.15305920470670661,,,5,26.0,26.0,not_computed_default_lightweight
mpdd_av_severity_early_fusion,MPDD-AVG-2026,Audio+Video,ordinal severity prediction,WavLM audio + ResNet video early fusion Logistic,ordinal_prediction,personality_extraversion_bin,high,True Label Probability,0.6124373244179864,0.012721106956610592,,,5,26.0,26.0,not_computed_default_lightweight
mpdd_av_severity_early_fusion,MPDD-AVG-2026,Audio+Video,ordinal severity prediction,WavLM audio + ResNet video early fusion Logistic,ordinal_prediction,personality_extraversion_bin,low,Accuracy,0.472,0.04664761515876242,,,5,50.0,50.0,not_computed_default_lightweight
mpdd_av_severity_early_fusion,MPDD-AVG-2026,Audio+Video,ordinal severity prediction,WavLM audio + ResNet video early fusion Logistic,ordinal_prediction,personality_extraversion_bin,low,Brier Score,0.9015376573624636,0.05431663181651259,,,5,50.0,50.0,not_computed_default_lightweight
mpdd_av_severity_early_fusion,MPDD-AVG-2026,Audio+Video,ordinal severity prediction,WavLM audio + ResNet video early fusion Logistic,ordinal_prediction,personality_extraversion_bin,low,Calibration Gap,0.4085077678541002,0.0402616593667026,,,5,50.0,50.0,not_computed_default_lightweight
mpdd_av_severity_early_fusion,MPDD-AVG-2026,Audio+Video,ordinal severity prediction,WavLM audio + ResNet video early fusion Logistic,ordinal_prediction,personality_extraversion_bin,low,ECE,0.4169306216711872,0.035407871915206085,,,5,50.0,50.0,not_computed_default_lightweight
mpdd_av_severity_early_fusion,MPDD-AVG-2026,Audio+Video,ordinal severity prediction,WavLM audio + ResNet video early fusion Logistic,ordinal_prediction,personality_extraversion_bin,low,Macro-F1,0.40003477891932937,0.05992312693381033,,,5,50.0,50.0,not_computed_default_lightweight
mpdd_av_severity_early_fusion,MPDD-AVG-2026,Audio+Video,ordinal severity prediction,WavLM audio + ResNet video early fusion Logistic,ordinal_prediction,personality_extraversion_bin,low,Mean Confidence,0.8805077678541002,0.017895599605561745,,,5,50.0,50.0,not_computed_default_lightweight
mpdd_av_severity_early_fusion,MPDD-AVG-2026,Audio+Video,ordinal severity prediction,WavLM audio + ResNet video early fusion Logistic,ordinal_prediction,personality_extraversion_bin,low,Ordinal MAE,0.604,0.04963869458396342,,,5,50.0,50.0,not_computed_default_lightweight
mpdd_av_severity_early_fusion,MPDD-AVG-2026,Audio+Video,ordinal severity prediction,WavLM audio + ResNet video early fusion Logistic,ordinal_prediction,personality_extraversion_bin,low,Prediction Bias,-0.20400000000000001,0.029393876913398138,,,5,50.0,50.0,not_computed_default_lightweight
mpdd_av_severity_early_fusion,MPDD-AVG-2026,Audio+Video,ordinal severity prediction,WavLM audio + ResNet video early fusion Logistic,ordinal_prediction,personality_extraversion_bin,low,QWK,0.11983286202675894,0.08519900241560757,,,5,50.0,50.0,not_computed_default_lightweight
mpdd_av_severity_early_fusion,MPDD-AVG-2026,Audio+Video,ordinal severity prediction,WavLM audio + ResNet video early fusion Logistic,ordinal_prediction,personality_extraversion_bin,low,True Label Probability,0.463009185108207,0.03196460399300919,,,5,50.0,50.0,not_computed_default_lightweight
mpdd_av_severity_early_fusion,MPDD-AVG-2026,Audio+Video,ordinal severity prediction,WavLM audio + ResNet video early fusion Logistic,ordinal_prediction,personality_extraversion_bin,mid,Accuracy,0.5428571428571428,0.047599607304859584,,,5,49.0,49.0,not_computed_default_lightweight
mpdd_av_severity_early_fusion,MPDD-AVG-2026,Audio+Video,ordinal severity prediction,WavLM audio + ResNet video early fusion Logistic,ordinal_prediction,personality_extraversion_bin,mid,Brier Score,0.7643476057005077,0.08482694185442002,,,5,49.0,49.0,not_computed_default_lightweight
mpdd_av_severity_early_fusion,MPDD-AVG-2026,Audio+Video,ordinal severity prediction,WavLM audio + ResNet video early fusion Logistic,ordinal_prediction,personality_extraversion_bin,mid,Calibration Gap,0.31149932233631206,0.05354780988698331,,,5,49.0,49.0,not_computed_default_lightweight
mpdd_av_severity_early_fusion,MPDD-AVG-2026,Audio+Video,ordinal severity prediction,WavLM audio + ResNet video early fusion Logistic,ordinal_prediction,personality_extraversion_bin,mid,ECE,0.32851897919553735,0.05310746630080971,,,5,49.0,49.0,not_computed_default_lightweight
mpdd_av_severity_early_fusion,MPDD-AVG-2026,Audio+Video,ordinal severity prediction,WavLM audio + ResNet video early fusion Logistic,ordinal_prediction,personality_extraversion_bin,mid,Macro-F1,0.40800631511710367,0.06771762112785877,,,5,49.0,49.0,not_computed_default_lightweight
mpdd_av_severity_early_fusion,MPDD-AVG-2026,Audio+Video,ordinal severity prediction,WavLM audio + ResNet video early fusion Logistic,ordinal_prediction,personality_extraversion_bin,mid,Mean Confidence,0.8543564651934549,0.00971540539303867,,,5,49.0,49.0,not_computed_default_lightweight
mpdd_av_severity_early_fusion,MPDD-AVG-2026,Audio+Video,ordinal severity prediction,WavLM audio + ResNet video early fusion Logistic,ordinal_prediction,personality_extraversion_bin,mid,Ordinal MAE,0.4979591836734694,0.054148976169067754,,,5,49.0,49.0,not_computed_default_lightweight
mpdd_av_severity_early_fusion,MPDD-AVG-2026,Audio+Video,ordinal severity prediction,WavLM audio + ResNet video early fusion Logistic,ordinal_prediction,personality_extraversion_bin,mid,Prediction Bias,0.008163265306122453,0.08522699190947389,,,5,49.0,49.0,not_computed_default_lightweight
mpdd_av_severity_early_fusion,MPDD-AVG-2026,Audio+Video,ordinal severity prediction,WavLM audio + ResNet video early fusion Logistic,ordinal_prediction,personality_extraversion_bin,mid,QWK,0.19474502130651752,0.07890459342410969,,,5,49.0,49.0,not_computed_default_lightweight
mpdd_av_severity_early_fusion,MPDD-AVG-2026,Audio+Video,ordinal severity prediction,WavLM audio + ResNet video early fusion Logistic,ordinal_prediction,personality_extraversion_bin,mid,True Label Probability,0.5146320766225223,0.03929232884407232,,,5,49.0,49.0,not_computed_default_lightweight
mpdd_av_severity_early_fusion,MPDD-AVG-2026,Audio+Video,ordinal severity prediction,WavLM audio + ResNet video early fusion Logistic,ordinal_prediction,personality_extraversion_bin,unknown,Accuracy,0.508,0.032496153618543855,,,5,50.0,50.0,not_computed_default_lightweight
mpdd_av_severity_early_fusion,MPDD-AVG-2026,Audio+Video,ordinal severity prediction,WavLM audio + ResNet video early fusion Logistic,ordinal_prediction,personality_extraversion_bin,unknown,Brier Score,0.7998488127141254,0.05056596762032962,,,5,50.0,50.0,not_computed_default_lightweight
mpdd_av_severity_early_fusion,MPDD-AVG-2026,Audio+Video,ordinal severity prediction,WavLM audio + ResNet video early fusion Logistic,ordinal_prediction,personality_extraversion_bin,unknown,Calibration Gap,0.354261006137345,0.03610963796420628,,,5,50.0,50.0,not_computed_default_lightweight
mpdd_av_severity_early_fusion,MPDD-AVG-2026,Audio+Video,ordinal severity prediction,WavLM audio + ResNet video early fusion Logistic,ordinal_prediction,personality_extraversion_bin,unknown,ECE,0.3597563359012213,0.03896230037847202,,,5,50.0,50.0,not_computed_default_lightweight
mpdd_av_severity_early_fusion,MPDD-AVG-2026,Audio+Video,ordinal severity prediction,WavLM audio + ResNet video early fusion Logistic,ordinal_prediction,personality_extraversion_bin,unknown,Macro-F1,0.3098064319809223,0.04230675532519219,,,5,50.0,50.0,not_computed_default_lightweight
mpdd_av_severity_early_fusion,MPDD-AVG-2026,Audio+Video,ordinal severity prediction,WavLM audio + ResNet video early fusion Logistic,ordinal_prediction,personality_extraversion_bin,unknown,Mean Confidence,0.8622610061373452,0.010640600955224715,,,5,50.0,50.0,not_computed_default_lightweight
mpdd_av_severity_early_fusion,MPDD-AVG-2026,Audio+Video,ordinal severity prediction,WavLM audio + ResNet video early fusion Logistic,ordinal_prediction,personality_extraversion_bin,unknown,Ordinal MAE,0.692,0.0530659966456864,,,5,50.0,50.0,not_computed_default_lightweight
mpdd_av_severity_early_fusion,MPDD-AVG-2026,Audio+Video,ordinal severity prediction,WavLM audio + ResNet video early fusion Logistic,ordinal_prediction,personality_extraversion_bin,unknown,Prediction Bias,-0.268,0.0466476151587624,,,5,50.0,50.0,not_computed_default_lightweight
mpdd_av_severity_early_fusion,MPDD-AVG-2026,Audio+Video,ordinal severity prediction,WavLM audio + ResNet video early fusion Logistic,ordinal_prediction,personality_extraversion_bin,unknown,QWK,-0.07872904255441493,0.10749750897304183,,,5,50.0,50.0,not_computed_default_lightweight
mpdd_av_severity_early_fusion,MPDD-AVG-2026,Audio+Video,ordinal severity prediction,WavLM audio + ResNet video early fusion Logistic,ordinal_prediction,personality_extraversion_bin,unknown,True Label Probability,0.5018255093836927,0.02635247364715223,,,5,50.0,50.0,not_computed_default_lightweight
mpdd_av_severity_early_fusion,MPDD-AVG-2026,Audio+Video,ordinal severity prediction,WavLM audio + ResNet video early fusion Logistic,ordinal_prediction,personality_neuroticism_bin,high,Accuracy,0.3619047619047619,0.03809523809523809,,,5,21.0,21.0,not_computed_default_lightweight
mpdd_av_severity_early_fusion,MPDD-AVG-2026,Audio+Video,ordinal severity prediction,WavLM audio + ResNet video early fusion Logistic,ordinal_prediction,personality_neuroticism_bin,high,Brier Score,1.090117621473102,0.0601489759992425,,,5,21.0,21.0,not_computed_default_lightweight
mpdd_av_severity_early_fusion,MPDD-AVG-2026,Audio+Video,ordinal severity prediction,WavLM audio + ResNet video early fusion Logistic,ordinal_prediction,personality_neuroticism_bin,high,Calibration Gap,0.5100391946441916,0.03794261182309235,,,5,21.0,21.0,not_computed_default_lightweight
mpdd_av_severity_early_fusion,MPDD-AVG-2026,Audio+Video,ordinal severity prediction,WavLM audio + ResNet video early fusion Logistic,ordinal_prediction,personality_neuroticism_bin,high,ECE,0.5278392181572634,0.03901181868482,,,5,21.0,21.0,not_computed_default_lightweight
mpdd_av_severity_early_fusion,MPDD-AVG-2026,Audio+Video,ordinal severity prediction,WavLM audio + ResNet video early fusion Logistic,ordinal_prediction,personality_neuroticism_bin,high,Macro-F1,0.2547378129117259,0.03140356473368689,,,5,21.0,21.0,not_computed_default_lightweight
mpdd_av_severity_early_fusion,MPDD-AVG-2026,Audio+Video,ordinal severity prediction,WavLM audio + ResNet video early fusion Logistic,ordinal_prediction,personality_neuroticism_bin,high,Mean Confidence,0.8719439565489534,0.026759945899961324,,,5,21.0,21.0,not_computed_default_lightweight
mpdd_av_severity_early_fusion,MPDD-AVG-2026,Audio+Video,ordinal severity prediction,WavLM audio + ResNet video early fusion Logistic,ordinal_prediction,personality_neuroticism_bin,high,Ordinal MAE,0.8095238095238095,0.04259177099999599,,,5,21.0,21.0,not_computed_default_lightweight
mpdd_av_severity_early_fusion,MPDD-AVG-2026,Audio+Video,ordinal severity prediction,WavLM audio + ResNet video early fusion Logistic,ordinal_prediction,personality_neuroticism_bin,high,Prediction Bias,-0.5047619047619047,0.07126966450997983,,,5,21.0,21.0,not_computed_default_lightweight
mpdd_av_severity_early_fusion,MPDD-AVG-2026,Audio+Video,ordinal severity prediction,WavLM audio + ResNet video early fusion Logistic,ordinal_prediction,personality_neuroticism_bin,high,QWK,-0.07127835731263003,0.08705357932268441,,,5,21.0,21.0,not_computed_default_lightweight
mpdd_av_severity_early_fusion,MPDD-AVG-2026,Audio+Video,ordinal severity prediction,WavLM audio + ResNet video early fusion Logistic,ordinal_prediction,personality_neuroticism_bin,high,True Label Probability,0.36646496575835913,0.02518860424880446,,,5,21.0,21.0,not_computed_default_lightweight
mpdd_av_severity_early_fusion,MPDD-AVG-2026,Audio+Video,ordinal severity prediction,WavLM audio + ResNet video early fusion Logistic,ordinal_prediction,personality_neuroticism_bin,low,Accuracy,0.4709677419354838,0.006451612903225823,,,5,62.0,62.0,not_computed_default_lightweight
mpdd_av_severity_early_fusion,MPDD-AVG-2026,Audio+Video,ordinal severity prediction,WavLM audio + ResNet video early fusion Logistic,ordinal_prediction,personality_neuroticism_bin,low,Brier Score,0.8888514258648051,0.03735637393230135,,,5,62.0,62.0,not_computed_default_lightweight
mpdd_av_severity_early_fusion,MPDD-AVG-2026,Audio+Video,ordinal severity prediction,WavLM audio + ResNet video early fusion Logistic,ordinal_prediction,personality_neuroticism_bin,low,Calibration Gap,0.386268354497029,0.011263783451708238,,,5,62.0,62.0,not_computed_default_lightweight
mpdd_av_severity_early_fusion,MPDD-AVG-2026,Audio+Video,ordinal severity prediction,WavLM audio + ResNet video early fusion Logistic,ordinal_prediction,personality_neuroticism_bin,low,ECE,0.40273586457203675,0.015812101894576845,,,5,62.0,62.0,not_computed_default_lightweight
mpdd_av_severity_early_fusion,MPDD-AVG-2026,Audio+Video,ordinal severity prediction,WavLM audio + ResNet video early fusion Logistic,ordinal_prediction,personality_neuroticism_bin,low,Macro-F1,0.36446424898846497,0.07460377537016906,,,5,62.0,62.0,not_computed_default_lightweight
mpdd_av_severity_early_fusion,MPDD-AVG-2026,Audio+Video,ordinal severity prediction,WavLM audio + ResNet video early fusion Logistic,ordinal_prediction,personality_neuroticism_bin,low,Mean Confidence,0.857236096432513,0.011481681854065296,,,5,62.0,62.0,not_computed_default_lightweight
mpdd_av_severity_early_fusion,MPDD-AVG-2026,Audio+Video,ordinal severity prediction,WavLM audio + ResNet video early fusion Logistic,ordinal_prediction,personality_neuroticism_bin,low,Ordinal MAE,0.6,0.021397579292615463,,,5,62.0,62.0,not_computed_default_lightweight
mpdd_av_severity_early_fusion,MPDD-AVG-2026,Audio+Video,ordinal severity prediction,WavLM audio + ResNet video early fusion Logistic,ordinal_prediction,personality_neuroticism_bin,low,Prediction Bias,0.012903225806451613,0.050388707586494545,,,5,62.0,62.0,not_computed_default_lightweight
mpdd_av_severity_early_fusion,MPDD-AVG-2026,Audio+Video,ordinal severity prediction,WavLM audio + ResNet video early fusion Logistic,ordinal_prediction,personality_neuroticism_bin,low,QWK,-0.08809328659412255,0.10294141715744547,,,5,62.0,62.0,not_computed_default_lightweight
mpdd_av_severity_early_fusion,MPDD-AVG-2026,Audio+Video,ordinal severity prediction,WavLM audio + ResNet video early fusion Logistic,ordinal_prediction,personality_neuroticism_bin,low,True Label Probability,0.45242863878151474,0.015322801821669372,,,5,62.0,62.0,not_computed_default_lightweight
mpdd_av_severity_early_fusion,MPDD-AVG-2026,Audio+Video,ordinal severity prediction,WavLM audio + ResNet video early fusion Logistic,ordinal_prediction,personality_neuroticism_bin,mid,Accuracy,0.5836734693877551,0.03999166926992945,,,5,49.0,49.0,not_computed_default_lightweight
mpdd_av_severity_early_fusion,MPDD-AVG-2026,Audio+Video,ordinal severity prediction,WavLM audio + ResNet video early fusion Logistic,ordinal_prediction,personality_neuroticism_bin,mid,Brier Score,0.7105295593768692,0.046760241628519605,,,5,49.0,49.0,not_computed_default_lightweight
mpdd_av_severity_early_fusion,MPDD-AVG-2026,Audio+Video,ordinal severity prediction,WavLM audio + ResNet video early fusion Logistic,ordinal_prediction,personality_neuroticism_bin,mid,Calibration Gap,0.28970603130735934,0.05111645542414994,,,5,49.0,49.0,not_computed_default_lightweight
mpdd_av_severity_early_fusion,MPDD-AVG-2026,Audio+Video,ordinal severity prediction,WavLM audio + ResNet video early fusion Logistic,ordinal_prediction,personality_neuroticism_bin,mid,ECE,0.29474231225143105,0.04272459889103415,,,5,49.0,49.0,not_computed_default_lightweight
mpdd_av_severity_early_fusion,MPDD-AVG-2026,Audio+Video,ordinal severity prediction,WavLM audio + ResNet video early fusion Logistic,ordinal_prediction,personality_neuroticism_bin,mid,Macro-F1,0.495066138495316,0.05185116984735498,,,5,49.0,49.0,not_computed_default_lightweight
mpdd_av_severity_early_fusion,MPDD-AVG-2026,Audio+Video,ordinal severity prediction,WavLM audio + ResNet video early fusion Logistic,ordinal_prediction,personality_neuroticism_bin,mid,Mean Confidence,0.8733795006951144,0.02630021072252456,,,5,49.0,49.0,not_computed_default_lightweight
mpdd_av_severity_early_fusion,MPDD-AVG-2026,Audio+Video,ordinal severity prediction,WavLM audio + ResNet video early fusion Logistic,ordinal_prediction,personality_neuroticism_bin,mid,Ordinal MAE,0.5183673469387755,0.033159340427085536,,,5,49.0,49.0,not_computed_default_lightweight
mpdd_av_severity_early_fusion,MPDD-AVG-2026,Audio+Video,ordinal severity prediction,WavLM audio + ResNet video early fusion Logistic,ordinal_prediction,personality_neuroticism_bin,mid,Prediction Bias,-0.19183673469387758,0.049318554994263554,,,5,49.0,49.0,not_computed_default_lightweight
mpdd_av_severity_early_fusion,MPDD-AVG-2026,Audio+Video,ordinal severity prediction,WavLM audio + ResNet video early fusion Logistic,ordinal_prediction,personality_neuroticism_bin,mid,QWK,0.3235894839068611,0.04712731997122695,,,5,49.0,49.0,not_computed_default_lightweight
mpdd_av_severity_early_fusion,MPDD-AVG-2026,Audio+Video,ordinal severity prediction,WavLM audio + ResNet video early fusion Logistic,ordinal_prediction,personality_neuroticism_bin,mid,True Label Probability,0.5526971122586607,0.02265051007099006,,,5,49.0,49.0,not_computed_default_lightweight
mpdd_av_severity_early_fusion,MPDD-AVG-2026,Audio+Video,ordinal severity prediction,WavLM audio + ResNet video early fusion Logistic,ordinal_prediction,personality_neuroticism_bin,unknown,Accuracy,0.627906976744186,0.03602775205774343,,,5,43.0,43.0,not_computed_default_lightweight
mpdd_av_severity_early_fusion,MPDD-AVG-2026,Audio+Video,ordinal severity prediction,WavLM audio + ResNet video early fusion Logistic,ordinal_prediction,personality_neuroticism_bin,unknown,Brier Score,0.5848698911426676,0.056930199012357574,,,5,43.0,43.0,not_computed_default_lightweight
mpdd_av_severity_early_fusion,MPDD-AVG-2026,Audio+Video,ordinal severity prediction,WavLM audio + ResNet video early fusion Logistic,ordinal_prediction,personality_neuroticism_bin,unknown,Calibration Gap,0.24508768459495736,0.04012190828035674,,,5,43.0,43.0,not_computed_default_lightweight
mpdd_av_severity_early_fusion,MPDD-AVG-2026,Audio+Video,ordinal severity prediction,WavLM audio + ResNet video early fusion Logistic,ordinal_prediction,personality_neuroticism_bin,unknown,ECE,0.2459449640251264,0.0395524180437179,,,5,43.0,43.0,not_computed_default_lightweight
mpdd_av_severity_early_fusion,MPDD-AVG-2026,Audio+Video,ordinal severity prediction,WavLM audio + ResNet video early fusion Logistic,ordinal_prediction,personality_neuroticism_bin,unknown,Macro-F1,0.3351799736698771,0.04877390888401571,,,5,43.0,43.0,not_computed_default_lightweight
mpdd_av_severity_early_fusion,MPDD-AVG-2026,Audio+Video,ordinal severity prediction,WavLM audio + ResNet video early fusion Logistic,ordinal_prediction,personality_neuroticism_bin,unknown,Mean Confidence,0.8729946613391435,0.014555994542218925,,,5,43.0,43.0,not_computed_default_lightweight
mpdd_av_severity_early_fusion,MPDD-AVG-2026,Audio+Video,ordinal severity prediction,WavLM audio + ResNet video early fusion Logistic,ordinal_prediction,personality_neuroticism_bin,unknown,Ordinal MAE,0.48372093023255813,0.05771941230693421,,,5,43.0,43.0,not_computed_default_lightweight
mpdd_av_severity_early_fusion,MPDD-AVG-2026,Audio+Video,ordinal severity prediction,WavLM audio + ResNet video early fusion Logistic,ordinal_prediction,personality_neuroticism_bin,unknown,Prediction Bias,-0.0930232558139535,0.02547546779093796,,,5,43.0,43.0,not_computed_default_lightweight
mpdd_av_severity_early_fusion,MPDD-AVG-2026,Audio+Video,ordinal severity prediction,WavLM audio + ResNet video early fusion Logistic,ordinal_prediction,personality_neuroticism_bin,unknown,QWK,0.006127441078704265,0.17252474374461746,,,5,43.0,43.0,not_computed_default_lightweight
mpdd_av_severity_early_fusion,MPDD-AVG-2026,Audio+Video,ordinal severity prediction,WavLM audio + ResNet video early fusion Logistic,ordinal_prediction,personality_neuroticism_bin,unknown,True Label Probability,0.6175250820444743,0.02677791955457732,,,5,43.0,43.0,not_computed_default_lightweight
mpdd_av_severity_early_fusion,MPDD-AVG-2026,Audio+Video,ordinal severity prediction,WavLM audio + ResNet video early fusion Logistic,ordinal_prediction,personality_openness_bin,high,Accuracy,0.52,0.025298221281347056,,,5,25.0,25.0,not_computed_default_lightweight
mpdd_av_severity_early_fusion,MPDD-AVG-2026,Audio+Video,ordinal severity prediction,WavLM audio + ResNet video early fusion Logistic,ordinal_prediction,personality_openness_bin,high,Brier Score,0.837708474711959,0.04271908944033441,,,5,25.0,25.0,not_computed_default_lightweight
mpdd_av_severity_early_fusion,MPDD-AVG-2026,Audio+Video,ordinal severity prediction,WavLM audio + ResNet video early fusion Logistic,ordinal_prediction,personality_openness_bin,high,Calibration Gap,0.3943316220632874,0.03960121525087712,,,5,25.0,25.0,not_computed_default_lightweight
mpdd_av_severity_early_fusion,MPDD-AVG-2026,Audio+Video,ordinal severity prediction,WavLM audio + ResNet video early fusion Logistic,ordinal_prediction,personality_openness_bin,high,ECE,0.4085361078537925,0.02773831680085204,,,5,25.0,25.0,not_computed_default_lightweight
mpdd_av_severity_early_fusion,MPDD-AVG-2026,Audio+Video,ordinal severity prediction,WavLM audio + ResNet video early fusion Logistic,ordinal_prediction,personality_openness_bin,high,Macro-F1,0.4247450697450697,0.036650533187637405,,,5,25.0,25.0,not_computed_default_lightweight
mpdd_av_severity_early_fusion,MPDD-AVG-2026,Audio+Video,ordinal severity prediction,WavLM audio + ResNet video early fusion Logistic,ordinal_prediction,personality_openness_bin,high,Mean Confidence,0.9143316220632874,0.021566263759320935,,,5,25.0,25.0,not_computed_default_lightweight
mpdd_av_severity_early_fusion,MPDD-AVG-2026,Audio+Video,ordinal severity prediction,WavLM audio + ResNet video early fusion Logistic,ordinal_prediction,personality_openness_bin,high,Ordinal MAE,0.5920000000000001,0.046647615158762396,,,5,25.0,25.0,not_computed_default_lightweight
mpdd_av_severity_early_fusion,MPDD-AVG-2026,Audio+Video,ordinal severity prediction,WavLM audio + ResNet video early fusion Logistic,ordinal_prediction,personality_openness_bin,high,Prediction Bias,-0.33599999999999997,0.07418894796396563,,,5,25.0,25.0,not_computed_default_lightweight
mpdd_av_severity_early_fusion,MPDD-AVG-2026,Audio+Video,ordinal severity prediction,WavLM audio + ResNet video early fusion Logistic,ordinal_prediction,personality_openness_bin,high,QWK,0.27878748842191736,0.08480049486794704,,,5,25.0,25.0,not_computed_default_lightweight
mpdd_av_severity_early_fusion,MPDD-AVG-2026,Audio+Video,ordinal severity prediction,WavLM audio + ResNet video early fusion Logistic,ordinal_prediction,personality_openness_bin,high,True Label Probability,0.5158988712746105,0.010253156860111214,,,5,25.0,25.0,not_computed_default_lightweight
mpdd_av_severity_early_fusion,MPDD-AVG-2026,Audio+Video,ordinal severity prediction,WavLM audio + ResNet video early fusion Logistic,ordinal_prediction,personality_openness_bin,low,Accuracy,0.4714285714285714,0.023904572186687883,,,5,70.0,70.0,not_computed_default_lightweight
mpdd_av_severity_early_fusion,MPDD-AVG-2026,Audio+Video,ordinal severity prediction,WavLM audio + ResNet video early fusion Logistic,ordinal_prediction,personality_openness_bin,low,Brier Score,0.9041787949023021,0.04074596798974008,,,5,70.0,70.0,not_computed_default_lightweight
mpdd_av_severity_early_fusion,MPDD-AVG-2026,Audio+Video,ordinal severity prediction,WavLM audio + ResNet video early fusion Logistic,ordinal_prediction,personality_openness_bin,low,Calibration Gap,0.39155529126164323,0.02980674071592411,,,5,70.0,70.0,not_computed_default_lightweight
mpdd_av_severity_early_fusion,MPDD-AVG-2026,Audio+Video,ordinal severity prediction,WavLM audio + ResNet video early fusion Logistic,ordinal_prediction,personality_openness_bin,low,ECE,0.3987342594176031,0.02298547845555015,,,5,70.0,70.0,not_computed_default_lightweight
mpdd_av_severity_early_fusion,MPDD-AVG-2026,Audio+Video,ordinal severity prediction,WavLM audio + ResNet video early fusion Logistic,ordinal_prediction,personality_openness_bin,low,Macro-F1,0.3737954957357993,0.034309389176600195,,,5,70.0,70.0,not_computed_default_lightweight
mpdd_av_severity_early_fusion,MPDD-AVG-2026,Audio+Video,ordinal severity prediction,WavLM audio + ResNet video early fusion Logistic,ordinal_prediction,personality_openness_bin,low,Mean Confidence,0.8629838626902145,0.010339654681439298,,,5,70.0,70.0,not_computed_default_lightweight
mpdd_av_severity_early_fusion,MPDD-AVG-2026,Audio+Video,ordinal severity prediction,WavLM audio + ResNet video early fusion Logistic,ordinal_prediction,personality_openness_bin,low,Ordinal MAE,0.6485714285714286,0.02649605284427342,,,5,70.0,70.0,not_computed_default_lightweight
mpdd_av_severity_early_fusion,MPDD-AVG-2026,Audio+Video,ordinal severity prediction,WavLM audio + ResNet video early fusion Logistic,ordinal_prediction,personality_openness_bin,low,Prediction Bias,-0.1514285714285714,0.04295227536677973,,,5,70.0,70.0,not_computed_default_lightweight
mpdd_av_severity_early_fusion,MPDD-AVG-2026,Audio+Video,ordinal severity prediction,WavLM audio + ResNet video early fusion Logistic,ordinal_prediction,personality_openness_bin,low,QWK,0.017249870600581273,0.06853082208704808,,,5,70.0,70.0,not_computed_default_lightweight
mpdd_av_severity_early_fusion,MPDD-AVG-2026,Audio+Video,ordinal severity prediction,WavLM audio + ResNet video early fusion Logistic,ordinal_prediction,personality_openness_bin,low,True Label Probability,0.4499673504153468,0.020530144052901482,,,5,70.0,70.0,not_computed_default_lightweight
mpdd_av_severity_early_fusion,MPDD-AVG-2026,Audio+Video,ordinal severity prediction,WavLM audio + ResNet video early fusion Logistic,ordinal_prediction,personality_openness_bin,mid,Accuracy,0.6055555555555556,0.027216552697590855,,,5,36.0,36.0,not_computed_default_lightweight
mpdd_av_severity_early_fusion,MPDD-AVG-2026,Audio+Video,ordinal severity prediction,WavLM audio + ResNet video early fusion Logistic,ordinal_prediction,personality_openness_bin,mid,Brier Score,0.6495071219620216,0.03601269117407578,,,5,36.0,36.0,not_computed_default_lightweight
mpdd_av_severity_early_fusion,MPDD-AVG-2026,Audio+Video,ordinal severity prediction,WavLM audio + ResNet video early fusion Logistic,ordinal_prediction,personality_openness_bin,mid,Calibration Gap,0.24081371499870846,0.02624690044576457,,,5,36.0,36.0,not_computed_default_lightweight
mpdd_av_severity_early_fusion,MPDD-AVG-2026,Audio+Video,ordinal severity prediction,WavLM audio + ResNet video early fusion Logistic,ordinal_prediction,personality_openness_bin,mid,ECE,0.3010575165716633,0.015476003257745173,,,5,36.0,36.0,not_computed_default_lightweight
mpdd_av_severity_early_fusion,MPDD-AVG-2026,Audio+Video,ordinal severity prediction,WavLM audio + ResNet video early fusion Logistic,ordinal_prediction,personality_openness_bin,mid,Macro-F1,0.3735772818476198,0.029427982281185577,,,5,36.0,36.0,not_computed_default_lightweight
mpdd_av_severity_early_fusion,MPDD-AVG-2026,Audio+Video,ordinal severity prediction,WavLM audio + ResNet video early fusion Logistic,ordinal_prediction,personality_openness_bin,mid,Mean Confidence,0.8463692705542641,0.014883795820289149,,,5,36.0,36.0,not_computed_default_lightweight
mpdd_av_severity_early_fusion,MPDD-AVG-2026,Audio+Video,ordinal severity prediction,WavLM audio + ResNet video early fusion Logistic,ordinal_prediction,personality_openness_bin,mid,Ordinal MAE,0.43888888888888883,0.04779069592801459,,,5,36.0,36.0,not_computed_default_lightweight
mpdd_av_severity_early_fusion,MPDD-AVG-2026,Audio+Video,ordinal severity prediction,WavLM audio + ResNet video early fusion Logistic,ordinal_prediction,personality_openness_bin,mid,Prediction Bias,-0.005555555555555555,0.020786985482077452,,,5,36.0,36.0,not_computed_default_lightweight
mpdd_av_severity_early_fusion,MPDD-AVG-2026,Audio+Video,ordinal severity prediction,WavLM audio + ResNet video early fusion Logistic,ordinal_prediction,personality_openness_bin,mid,QWK,0.23354179728091315,0.09244360605532674,,,5,36.0,36.0,not_computed_default_lightweight
mpdd_av_severity_early_fusion,MPDD-AVG-2026,Audio+Video,ordinal severity prediction,WavLM audio + ResNet video early fusion Logistic,ordinal_prediction,personality_openness_bin,mid,True Label Probability,0.5645557992228646,0.016369547647207442,,,5,36.0,36.0,not_computed_default_lightweight
mpdd_av_severity_early_fusion,MPDD-AVG-2026,Audio+Video,ordinal severity prediction,WavLM audio + ResNet video early fusion Logistic,ordinal_prediction,personality_openness_bin,unknown,Accuracy,0.5590909090909091,0.03692744729379984,,,5,44.0,44.0,not_computed_default_lightweight
mpdd_av_severity_early_fusion,MPDD-AVG-2026,Audio+Video,ordinal severity prediction,WavLM audio + ResNet video early fusion Logistic,ordinal_prediction,personality_openness_bin,unknown,Brier Score,0.6897529154900331,0.055648415125016316,,,5,44.0,44.0,not_computed_default_lightweight
mpdd_av_severity_early_fusion,MPDD-AVG-2026,Audio+Video,ordinal severity prediction,WavLM audio + ResNet video early fusion Logistic,ordinal_prediction,personality_openness_bin,unknown,Calibration Gap,0.3058493717758382,0.03994788864226951,,,5,44.0,44.0,not_computed_default_lightweight
mpdd_av_severity_early_fusion,MPDD-AVG-2026,Audio+Video,ordinal severity prediction,WavLM audio + ResNet video early fusion Logistic,ordinal_prediction,personality_openness_bin,unknown,ECE,0.3066871675825942,0.03975244286838902,,,5,44.0,44.0,not_computed_default_lightweight
mpdd_av_severity_early_fusion,MPDD-AVG-2026,Audio+Video,ordinal severity prediction,WavLM audio + ResNet video early fusion Logistic,ordinal_prediction,personality_openness_bin,unknown,Macro-F1,0.3090334689676795,0.042637195703741464,,,5,44.0,44.0,not_computed_default_lightweight
mpdd_av_severity_early_fusion,MPDD-AVG-2026,Audio+Video,ordinal severity prediction,WavLM audio + ResNet video early fusion Logistic,ordinal_prediction,personality_openness_bin,unknown,Mean Confidence,0.8649402808667472,0.014137330910383513,,,5,44.0,44.0,not_computed_default_lightweight
mpdd_av_severity_early_fusion,MPDD-AVG-2026,Audio+Video,ordinal severity prediction,WavLM audio + ResNet video early fusion Logistic,ordinal_prediction,personality_openness_bin,unknown,Ordinal MAE,0.5545454545454545,0.04679831882266819,,,5,44.0,44.0,not_computed_default_lightweight
mpdd_av_severity_early_fusion,MPDD-AVG-2026,Audio+Video,ordinal severity prediction,WavLM audio + ResNet video early fusion Logistic,ordinal_prediction,personality_openness_bin,unknown,Prediction Bias,-0.09090909090909091,0.024896479886598457,,,5,44.0,44.0,not_computed_default_lightweight
mpdd_av_severity_early_fusion,MPDD-AVG-2026,Audio+Video,ordinal severity prediction,WavLM audio + ResNet video early fusion Logistic,ordinal_prediction,personality_openness_bin,unknown,QWK,-0.056850369385390585,0.1446124342463549,,,5,44.0,44.0,not_computed_default_lightweight
mpdd_av_severity_early_fusion,MPDD-AVG-2026,Audio+Video,ordinal severity prediction,WavLM audio + ResNet video early fusion Logistic,ordinal_prediction,personality_openness_bin,unknown,True Label Probability,0.5605200416137174,0.02476792408385638,,,5,44.0,44.0,not_computed_default_lightweight
mpdd_av_severity_early_fusion,MPDD-AVG-2026,Audio+Video,ordinal severity prediction,WavLM audio + ResNet video early fusion Logistic,ordinal_prediction,true_severity,0,Accuracy,0.701923076923077,0.02192645048267574,0.6382692307692308,0.7873557692307693,5,104.0,104.0,seed_group_subject_bootstrap
mpdd_av_severity_early_fusion,MPDD-AVG-2026,Audio+Video,ordinal severity prediction,WavLM audio + ResNet video early fusion Logistic,ordinal_prediction,true_severity,0,Brier Score,0.47821859516165227,0.03804634641031318,,,5,104.0,104.0,not_computed_default_lightweight
mpdd_av_severity_early_fusion,MPDD-AVG-2026,Audio+Video,ordinal severity prediction,WavLM audio + ResNet video early fusion Logistic,ordinal_prediction,true_severity,0,Calibration Gap,0.1763572095946576,0.024834566744559087,,,5,104.0,104.0,not_computed_default_lightweight
mpdd_av_severity_early_fusion,MPDD-AVG-2026,Audio+Video,ordinal severity prediction,WavLM audio + ResNet video early fusion Logistic,ordinal_prediction,true_severity,0,ECE,0.19898556406549758,0.017023907510003614,0.16504858170952885,0.25802608518660736,5,104.0,104.0,seed_group_subject_bootstrap
mpdd_av_severity_early_fusion,MPDD-AVG-2026,Audio+Video,ordinal severity prediction,WavLM audio + ResNet video early fusion Logistic,ordinal_prediction,true_severity,0,Macro-F1,0.2748885576318688,0.004995908646212647,0.25964844265464715,0.29363466422746626,5,104.0,104.0,seed_group_subject_bootstrap
mpdd_av_severity_early_fusion,MPDD-AVG-2026,Audio+Video,ordinal severity prediction,WavLM audio + ResNet video early fusion Logistic,ordinal_prediction,true_severity,0,Mean Confidence,0.8782802865177345,0.011716284586175272,,,5,104.0,104.0,not_computed_default_lightweight
mpdd_av_severity_early_fusion,MPDD-AVG-2026,Audio+Video,ordinal severity prediction,WavLM audio + ResNet video early fusion Logistic,ordinal_prediction,true_severity,0,Ordinal MAE,0.3538461538461538,0.0260858845504818,0.2769711538461538,0.42302884615384617,5,104.0,104.0,seed_group_subject_bootstrap
mpdd_av_severity_early_fusion,MPDD-AVG-2026,Audio+Video,ordinal severity prediction,WavLM audio + ResNet video early fusion Logistic,ordinal_prediction,true_severity,0,Prediction Bias,0.3538461538461538,0.0260858845504818,,,5,104.0,104.0,not_computed_default_lightweight
mpdd_av_severity_early_fusion,MPDD-AVG-2026,Audio+Video,ordinal severity prediction,WavLM audio + ResNet video early fusion Logistic,ordinal_prediction,true_severity,0,QWK,0.0,0.0,0.0,0.0,5,104.0,104.0,seed_group_subject_bootstrap
mpdd_av_severity_early_fusion,MPDD-AVG-2026,Audio+Video,ordinal severity prediction,WavLM audio + ResNet video early fusion Logistic,ordinal_prediction,true_severity,0,True Label Probability,0.6727133138115665,0.01712609669841589,,,5,104.0,104.0,not_computed_default_lightweight
mpdd_av_severity_early_fusion,MPDD-AVG-2026,Audio+Video,ordinal severity prediction,WavLM audio + ResNet video early fusion Logistic,ordinal_prediction,true_severity,1,Accuracy,0.33199999999999996,0.037094473981982824,0.23559999999999998,0.44740000000000013,5,50.0,50.0,seed_group_subject_bootstrap
mpdd_av_severity_early_fusion,MPDD-AVG-2026,Audio+Video,ordinal severity prediction,WavLM audio + ResNet video early fusion Logistic,ordinal_prediction,true_severity,1,Brier Score,1.1449668318479218,0.04404602552209782,,,5,50.0,50.0,not_computed_default_lightweight
mpdd_av_severity_early_fusion,MPDD-AVG-2026,Audio+Video,ordinal severity prediction,WavLM audio + ResNet video early fusion Logistic,ordinal_prediction,true_severity,1,Calibration Gap,0.5312964116291927,0.042318686445604145,,,5,50.0,50.0,not_computed_default_lightweight
mpdd_av_severity_early_fusion,MPDD-AVG-2026,Audio+Video,ordinal severity prediction,WavLM audio + ResNet video early fusion Logistic,ordinal_prediction,true_severity,1,ECE,0.5514700750193404,0.03415226111528974,0.4538649339344694,0.6543926384487655,5,50.0,50.0,seed_group_subject_bootstrap
mpdd_av_severity_early_fusion,MPDD-AVG-2026,Audio+Video,ordinal severity prediction,WavLM audio + ResNet video early fusion Logistic,ordinal_prediction,true_severity,1,Macro-F1,0.16578777772807624,0.013590127740943855,0.12784648676056493,0.24932403824187482,5,50.0,50.0,seed_group_subject_bootstrap
mpdd_av_severity_early_fusion,MPDD-AVG-2026,Audio+Video,ordinal severity prediction,WavLM audio + ResNet video early fusion Logistic,ordinal_prediction,true_severity,1,Mean Confidence,0.8632964116291927,0.013959621012962683,,,5,50.0,50.0,not_computed_default_lightweight
mpdd_av_severity_early_fusion,MPDD-AVG-2026,Audio+Video,ordinal severity prediction,WavLM audio + ResNet video early fusion Logistic,ordinal_prediction,true_severity,1,Ordinal MAE,0.6679999999999999,0.03709447398198281,0.5517000000000001,0.7408,5,50.0,50.0,seed_group_subject_bootstrap
mpdd_av_severity_early_fusion,MPDD-AVG-2026,Audio+Video,ordinal severity prediction,WavLM audio + ResNet video early fusion Logistic,ordinal_prediction,true_severity,1,Prediction Bias,-0.5960000000000001,0.03878143885933062,,,5,50.0,50.0,not_computed_default_lightweight
mpdd_av_severity_early_fusion,MPDD-AVG-2026,Audio+Video,ordinal severity prediction,WavLM audio + ResNet video early fusion Logistic,ordinal_prediction,true_severity,1,QWK,0.0,0.0,0.0,0.0,5,50.0,50.0,seed_group_subject_bootstrap
mpdd_av_severity_early_fusion,MPDD-AVG-2026,Audio+Video,ordinal severity prediction,WavLM audio + ResNet video early fusion Logistic,ordinal_prediction,true_severity,1,True Label Probability,0.3287840687009791,0.01793461046476644,,,5,50.0,50.0,not_computed_default_lightweight
mpdd_av_severity_early_fusion,MPDD-AVG-2026,Audio+Video,ordinal severity prediction,WavLM audio + ResNet video early fusion Logistic,ordinal_prediction,true_severity,2,Accuracy,0.13333333333333333,0.05553287518900286,0.06666666666666667,0.27380952380952384,5,21.0,21.0,seed_group_subject_bootstrap
mpdd_av_severity_early_fusion,MPDD-AVG-2026,Audio+Video,ordinal severity prediction,WavLM audio + ResNet video early fusion Logistic,ordinal_prediction,true_severity,2,Brier Score,1.4754065092355448,0.0865507263960101,,,5,21.0,21.0,not_computed_default_lightweight
mpdd_av_severity_early_fusion,MPDD-AVG-2026,Audio+Video,ordinal severity prediction,WavLM audio + ResNet video early fusion Logistic,ordinal_prediction,true_severity,2,Calibration Gap,0.6898979361277886,0.0701991539660211,,,5,21.0,21.0,not_computed_default_lightweight
mpdd_av_severity_early_fusion,MPDD-AVG-2026,Audio+Video,ordinal severity prediction,WavLM audio + ResNet video early fusion Logistic,ordinal_prediction,true_severity,2,ECE,0.7038325036155021,0.053010076163460804,0.5936580698821262,0.8373731068315502,5,21.0,21.0,seed_group_subject_bootstrap
mpdd_av_severity_early_fusion,MPDD-AVG-2026,Audio+Video,ordinal severity prediction,WavLM audio + ResNet video early fusion Logistic,ordinal_prediction,true_severity,2,Macro-F1,0.07698814229249011,0.029472162793462906,0.040843214756258225,0.14122213508630302,5,21.0,21.0,seed_group_subject_bootstrap
mpdd_av_severity_early_fusion,MPDD-AVG-2026,Audio+Video,ordinal severity prediction,WavLM audio + ResNet video early fusion Logistic,ordinal_prediction,true_severity,2,Mean Confidence,0.8232312694611219,0.028912529137625858,,,5,21.0,21.0,not_computed_default_lightweight
mpdd_av_severity_early_fusion,MPDD-AVG-2026,Audio+Video,ordinal severity prediction,WavLM audio + ResNet video early fusion Logistic,ordinal_prediction,true_severity,2,Ordinal MAE,1.438095238095238,0.11428571428571424,1.198095238095238,1.5754761904761905,5,21.0,21.0,seed_group_subject_bootstrap
mpdd_av_severity_early_fusion,MPDD-AVG-2026,Audio+Video,ordinal severity prediction,WavLM audio + ResNet video early fusion Logistic,ordinal_prediction,true_severity,2,Prediction Bias,-1.438095238095238,0.11428571428571424,,,5,21.0,21.0,not_computed_default_lightweight
mpdd_av_severity_early_fusion,MPDD-AVG-2026,Audio+Video,ordinal severity prediction,WavLM audio + ResNet video early fusion Logistic,ordinal_prediction,true_severity,2,QWK,0.0,0.0,0.0,0.0,5,21.0,21.0,seed_group_subject_bootstrap
mpdd_av_severity_early_fusion,MPDD-AVG-2026,Audio+Video,ordinal severity prediction,WavLM audio + ResNet video early fusion Logistic,ordinal_prediction,true_severity,2,True Label Probability,0.14193756392925483,0.037251800852593116,,,5,21.0,21.0,not_computed_default_lightweight
mpdd_avp_severity_early_fusion_phase3,MPDD-AVG-2026,Audio+Video+Personality,ordinal severity prediction,WavLM audio + ResNet video + personality TF-IDF early fusion Logistic,ordinal_prediction,age_group,elder,Accuracy,0.5678160919540229,0.021318663208036107,0.5063218390804598,0.6477011494252872,5,87.0,87.0,seed_group_subject_bootstrap
mpdd_avp_severity_early_fusion_phase3,MPDD-AVG-2026,Audio+Video+Personality,ordinal severity prediction,WavLM audio + ResNet video + personality TF-IDF early fusion Logistic,ordinal_prediction,age_group,elder,Brier Score,0.7202862375089552,0.03023886186034726,,,5,87.0,87.0,not_computed_default_lightweight
mpdd_avp_severity_early_fusion_phase3,MPDD-AVG-2026,Audio+Video+Personality,ordinal severity prediction,WavLM audio + ResNet video + personality TF-IDF early fusion Logistic,ordinal_prediction,age_group,elder,Calibration Gap,0.31702656145021185,0.025075416498114782,,,5,87.0,87.0,not_computed_default_lightweight
mpdd_avp_severity_early_fusion_phase3,MPDD-AVG-2026,Audio+Video+Personality,ordinal severity prediction,WavLM audio + ResNet video + personality TF-IDF early fusion Logistic,ordinal_prediction,age_group,elder,ECE,0.32053931311681183,0.02128563271093426,0.2560728300398418,0.4127998316619566,5,87.0,87.0,seed_group_subject_bootstrap
mpdd_avp_severity_early_fusion_phase3,MPDD-AVG-2026,Audio+Video+Personality,ordinal severity prediction,WavLM audio + ResNet video + personality TF-IDF early fusion Logistic,ordinal_prediction,age_group,elder,Macro-F1,0.317797413181899,0.028021928077745614,0.26309648299479294,0.3988176823559412,5,87.0,87.0,seed_group_subject_bootstrap
mpdd_avp_severity_early_fusion_phase3,MPDD-AVG-2026,Audio+Video+Personality,ordinal severity prediction,WavLM audio + ResNet video + personality TF-IDF early fusion Logistic,ordinal_prediction,age_group,elder,Mean Confidence,0.8848426534042348,0.00834819011348219,,,5,87.0,87.0,not_computed_default_lightweight
mpdd_avp_severity_early_fusion_phase3,MPDD-AVG-2026,Audio+Video+Personality,ordinal severity prediction,WavLM audio + ResNet video + personality TF-IDF early fusion Logistic,ordinal_prediction,age_group,elder,Ordinal MAE,0.5747126436781609,0.028155054514749183,0.4642528735632184,0.6979885057471265,5,87.0,87.0,seed_group_subject_bootstrap
mpdd_avp_severity_early_fusion_phase3,MPDD-AVG-2026,Audio+Video+Personality,ordinal severity prediction,WavLM audio + ResNet video + personality TF-IDF early fusion Logistic,ordinal_prediction,age_group,elder,Prediction Bias,-0.20229885057471267,0.025804533701889242,,,5,87.0,87.0,not_computed_default_lightweight
mpdd_avp_severity_early_fusion_phase3,MPDD-AVG-2026,Audio+Video+Personality,ordinal severity prediction,WavLM audio + ResNet video + personality TF-IDF early fusion Logistic,ordinal_prediction,age_group,elder,QWK,-0.05776020073026804,0.07978486883773513,-0.17662110340324486,0.04569417238560972,5,87.0,87.0,seed_group_subject_bootstrap
mpdd_avp_severity_early_fusion_phase3,MPDD-AVG-2026,Audio+Video+Personality,ordinal severity prediction,WavLM audio + ResNet video + personality TF-IDF early fusion Logistic,ordinal_prediction,age_group,elder,True Label Probability,0.5566864646714177,0.012897302179050866,,,5,87.0,87.0,not_computed_default_lightweight
mpdd_avp_severity_early_fusion_phase3,MPDD-AVG-2026,Audio+Video+Personality,ordinal severity prediction,WavLM audio + ResNet video + personality TF-IDF early fusion Logistic,ordinal_prediction,age_group,young,Accuracy,0.4909090909090909,0.020829889522526547,0.3855681818181818,0.5711363636363636,5,88.0,88.0,seed_group_subject_bootstrap
mpdd_avp_severity_early_fusion_phase3,MPDD-AVG-2026,Audio+Video+Personality,ordinal severity prediction,WavLM audio + ResNet video + personality TF-IDF early fusion Logistic,ordinal_prediction,age_group,young,Brier Score,0.855065921581992,0.042114514246599115,,,5,88.0,88.0,not_computed_default_lightweight
mpdd_avp_severity_early_fusion_phase3,MPDD-AVG-2026,Audio+Video+Personality,ordinal severity prediction,WavLM audio + ResNet video + personality TF-IDF early fusion Logistic,ordinal_prediction,age_group,young,Calibration Gap,0.3591372488205122,0.026600782662485844,,,5,88.0,88.0,not_computed_default_lightweight
mpdd_avp_severity_early_fusion_phase3,MPDD-AVG-2026,Audio+Video+Personality,ordinal severity prediction,WavLM audio + ResNet video + personality TF-IDF early fusion Logistic,ordinal_prediction,age_group,young,ECE,0.36605667880859244,0.026860153932920877,0.29616493196321114,0.4498855328421662,5,88.0,88.0,seed_group_subject_bootstrap
mpdd_avp_severity_early_fusion_phase3,MPDD-AVG-2026,Audio+Video+Personality,ordinal severity prediction,WavLM audio + ResNet video + personality TF-IDF early fusion Logistic,ordinal_prediction,age_group,young,Macro-F1,0.42738059513518617,0.03831020734309032,0.3330957517866232,0.5088107257927234,5,88.0,88.0,seed_group_subject_bootstrap
mpdd_avp_severity_early_fusion_phase3,MPDD-AVG-2026,Audio+Video+Personality,ordinal severity prediction,WavLM audio + ResNet video + personality TF-IDF early fusion Logistic,ordinal_prediction,age_group,young,Mean Confidence,0.8500463397296031,0.012502000668805713,,,5,88.0,88.0,not_computed_default_lightweight
mpdd_avp_severity_early_fusion_phase3,MPDD-AVG-2026,Audio+Video+Personality,ordinal severity prediction,WavLM audio + ResNet video + personality TF-IDF early fusion Logistic,ordinal_prediction,age_group,young,Ordinal MAE,0.5704545454545455,0.02630872023361417,0.49170454545454534,0.6426136363636363,5,88.0,88.0,seed_group_subject_bootstrap
mpdd_avp_severity_early_fusion_phase3,MPDD-AVG-2026,Audio+Video+Personality,ordinal severity prediction,WavLM audio + ResNet video + personality TF-IDF early fusion Logistic,ordinal_prediction,age_group,young,Prediction Bias,-0.061363636363636356,0.03416658267812025,,,5,88.0,88.0,not_computed_default_lightweight
mpdd_avp_severity_early_fusion_phase3,MPDD-AVG-2026,Audio+Video+Personality,ordinal severity prediction,WavLM audio + ResNet video + personality TF-IDF early fusion Logistic,ordinal_prediction,age_group,young,QWK,0.20108830029367009,0.0657097899302396,0.07361629690331548,0.35219200403159523,5,88.0,88.0,seed_group_subject_bootstrap
mpdd_avp_severity_early_fusion_phase3,MPDD-AVG-2026,Audio+Video+Personality,ordinal severity prediction,WavLM audio + ResNet video + personality TF-IDF early fusion Logistic,ordinal_prediction,age_group,young,True Label Probability,0.46566648899655627,0.0171760903602758,,,5,88.0,88.0,not_computed_default_lightweight
mpdd_avp_severity_early_fusion_phase3,MPDD-AVG-2026,Audio+Video+Personality,ordinal severity prediction,WavLM audio + ResNet video + personality TF-IDF early fusion Logistic,ordinal_prediction,financial_stress_bin,high_or_severe,Accuracy,0.45714285714285713,0.05714285714285714,,,5,7.0,7.0,not_computed_default_lightweight
mpdd_avp_severity_early_fusion_phase3,MPDD-AVG-2026,Audio+Video+Personality,ordinal severity prediction,WavLM audio + ResNet video + personality TF-IDF early fusion Logistic,ordinal_prediction,financial_stress_bin,high_or_severe,Brier Score,0.9630614947451115,0.10759152974269978,,,5,7.0,7.0,not_computed_default_lightweight
mpdd_avp_severity_early_fusion_phase3,MPDD-AVG-2026,Audio+Video+Personality,ordinal severity prediction,WavLM audio + ResNet video + personality TF-IDF early fusion Logistic,ordinal_prediction,financial_stress_bin,high_or_severe,Calibration Gap,0.4892420599370567,0.06069483847421196,,,5,7.0,7.0,not_computed_default_lightweight
mpdd_avp_severity_early_fusion_phase3,MPDD-AVG-2026,Audio+Video+Personality,ordinal severity prediction,WavLM audio + ResNet video + personality TF-IDF early fusion Logistic,ordinal_prediction,financial_stress_bin,high_or_severe,ECE,0.4892420599370567,0.06069483847421195,,,5,7.0,7.0,not_computed_default_lightweight
mpdd_avp_severity_early_fusion_phase3,MPDD-AVG-2026,Audio+Video+Personality,ordinal severity prediction,WavLM audio + ResNet video + personality TF-IDF early fusion Logistic,ordinal_prediction,financial_stress_bin,high_or_severe,Macro-F1,0.24888888888888888,0.09777777777777777,,,5,7.0,7.0,not_computed_default_lightweight
mpdd_avp_severity_early_fusion_phase3,MPDD-AVG-2026,Audio+Video+Personality,ordinal severity prediction,WavLM audio + ResNet video + personality TF-IDF early fusion Logistic,ordinal_prediction,financial_stress_bin,high_or_severe,Mean Confidence,0.9463849170799138,0.017106690901378813,,,5,7.0,7.0,not_computed_default_lightweight
mpdd_avp_severity_early_fusion_phase3,MPDD-AVG-2026,Audio+Video+Personality,ordinal severity prediction,WavLM audio + ResNet video + personality TF-IDF early fusion Logistic,ordinal_prediction,financial_stress_bin,high_or_severe,Ordinal MAE,0.8,0.11428571428571428,,,5,7.0,7.0,not_computed_default_lightweight
mpdd_avp_severity_early_fusion_phase3,MPDD-AVG-2026,Audio+Video+Personality,ordinal severity prediction,WavLM audio + ResNet video + personality TF-IDF early fusion Logistic,ordinal_prediction,financial_stress_bin,high_or_severe,Prediction Bias,-0.8,0.11428571428571428,,,5,7.0,7.0,not_computed_default_lightweight
mpdd_avp_severity_early_fusion_phase3,MPDD-AVG-2026,Audio+Video+Personality,ordinal severity prediction,WavLM audio + ResNet video + personality TF-IDF early fusion Logistic,ordinal_prediction,financial_stress_bin,high_or_severe,QWK,0.08648648648648649,0.17297297297297298,,,5,7.0,7.0,not_computed_default_lightweight
mpdd_avp_severity_early_fusion_phase3,MPDD-AVG-2026,Audio+Video+Personality,ordinal severity prediction,WavLM audio + ResNet video + personality TF-IDF early fusion Logistic,ordinal_prediction,financial_stress_bin,high_or_severe,True Label Probability,0.47479526540557,0.04833047657525086,,,5,7.0,7.0,not_computed_default_lightweight
mpdd_avp_severity_early_fusion_phase3,MPDD-AVG-2026,Audio+Video+Personality,ordinal severity prediction,WavLM audio + ResNet video + personality TF-IDF early fusion Logistic,ordinal_prediction,financial_stress_bin,mentioned_unclear,Accuracy,0.4,0.1224744871391589,,,5,4.0,4.0,not_computed_default_lightweight
mpdd_avp_severity_early_fusion_phase3,MPDD-AVG-2026,Audio+Video+Personality,ordinal severity prediction,WavLM audio + ResNet video + personality TF-IDF early fusion Logistic,ordinal_prediction,financial_stress_bin,mentioned_unclear,Brier Score,1.0933791706439189,0.07000979610725534,,,5,4.0,4.0,not_computed_default_lightweight
mpdd_avp_severity_early_fusion_phase3,MPDD-AVG-2026,Audio+Video+Personality,ordinal severity prediction,WavLM audio + ResNet video + personality TF-IDF early fusion Logistic,ordinal_prediction,financial_stress_bin,mentioned_unclear,Calibration Gap,0.500255705375279,0.11855336186889427,,,5,4.0,4.0,not_computed_default_lightweight
mpdd_avp_severity_early_fusion_phase3,MPDD-AVG-2026,Audio+Video+Personality,ordinal severity prediction,WavLM audio + ResNet video + personality TF-IDF early fusion Logistic,ordinal_prediction,financial_stress_bin,mentioned_unclear,ECE,0.5931354419863649,0.056153543569794934,,,5,4.0,4.0,not_computed_default_lightweight
mpdd_avp_severity_early_fusion_phase3,MPDD-AVG-2026,Audio+Video+Personality,ordinal severity prediction,WavLM audio + ResNet video + personality TF-IDF early fusion Logistic,ordinal_prediction,financial_stress_bin,mentioned_unclear,Macro-F1,0.18666666666666665,0.043546484316145384,,,5,4.0,4.0,not_computed_default_lightweight
mpdd_avp_severity_early_fusion_phase3,MPDD-AVG-2026,Audio+Video+Personality,ordinal severity prediction,WavLM audio + ResNet video + personality TF-IDF early fusion Logistic,ordinal_prediction,financial_stress_bin,mentioned_unclear,Mean Confidence,0.9002557053752789,0.045477495338240685,,,5,4.0,4.0,not_computed_default_lightweight
mpdd_avp_severity_early_fusion_phase3,MPDD-AVG-2026,Audio+Video+Personality,ordinal severity prediction,WavLM audio + ResNet video + personality TF-IDF early fusion Logistic,ordinal_prediction,financial_stress_bin,mentioned_unclear,Ordinal MAE,0.85,0.1224744871391589,,,5,4.0,4.0,not_computed_default_lightweight
mpdd_avp_severity_early_fusion_phase3,MPDD-AVG-2026,Audio+Video+Personality,ordinal severity prediction,WavLM audio + ResNet video + personality TF-IDF early fusion Logistic,ordinal_prediction,financial_stress_bin,mentioned_unclear,Prediction Bias,-0.65,0.1224744871391589,,,5,4.0,4.0,not_computed_default_lightweight
mpdd_avp_severity_early_fusion_phase3,MPDD-AVG-2026,Audio+Video+Personality,ordinal severity prediction,WavLM audio + ResNet video + personality TF-IDF early fusion Logistic,ordinal_prediction,financial_stress_bin,mentioned_unclear,QWK,-0.1333333333333333,0.16329931618554516,,,5,4.0,4.0,not_computed_default_lightweight
mpdd_avp_severity_early_fusion_phase3,MPDD-AVG-2026,Audio+Video+Personality,ordinal severity prediction,WavLM audio + ResNet video + personality TF-IDF early fusion Logistic,ordinal_prediction,financial_stress_bin,mentioned_unclear,True Label Probability,0.3854713887447457,0.05535548087376763,,,5,4.0,4.0,not_computed_default_lightweight
mpdd_avp_severity_early_fusion_phase3,MPDD-AVG-2026,Audio+Video+Personality,ordinal severity prediction,WavLM audio + ResNet video + personality TF-IDF early fusion Logistic,ordinal_prediction,financial_stress_bin,mild_or_low,Accuracy,0.4166666666666667,0.052704627669472995,,,5,12.0,12.0,not_computed_default_lightweight
mpdd_avp_severity_early_fusion_phase3,MPDD-AVG-2026,Audio+Video+Personality,ordinal severity prediction,WavLM audio + ResNet video + personality TF-IDF early fusion Logistic,ordinal_prediction,financial_stress_bin,mild_or_low,Brier Score,0.98717627680885,0.08872588033048397,,,5,12.0,12.0,not_computed_default_lightweight
mpdd_avp_severity_early_fusion_phase3,MPDD-AVG-2026,Audio+Video+Personality,ordinal severity prediction,WavLM audio + ResNet video + personality TF-IDF early fusion Logistic,ordinal_prediction,financial_stress_bin,mild_or_low,Calibration Gap,0.4503709727078789,0.06108361391765644,,,5,12.0,12.0,not_computed_default_lightweight
mpdd_avp_severity_early_fusion_phase3,MPDD-AVG-2026,Audio+Video+Personality,ordinal severity prediction,WavLM audio + ResNet video + personality TF-IDF early fusion Logistic,ordinal_prediction,financial_stress_bin,mild_or_low,ECE,0.4688968640275931,0.06423711602150939,,,5,12.0,12.0,not_computed_default_lightweight
mpdd_avp_severity_early_fusion_phase3,MPDD-AVG-2026,Audio+Video+Personality,ordinal severity prediction,WavLM audio + ResNet video + personality TF-IDF early fusion Logistic,ordinal_prediction,financial_stress_bin,mild_or_low,Macro-F1,0.2674074074074074,0.05200210386959657,,,5,12.0,12.0,not_computed_default_lightweight
mpdd_avp_severity_early_fusion_phase3,MPDD-AVG-2026,Audio+Video+Personality,ordinal severity prediction,WavLM audio + ResNet video + personality TF-IDF early fusion Logistic,ordinal_prediction,financial_stress_bin,mild_or_low,Mean Confidence,0.8670376393745455,0.0237590434811634,,,5,12.0,12.0,not_computed_default_lightweight
mpdd_avp_severity_early_fusion_phase3,MPDD-AVG-2026,Audio+Video+Personality,ordinal severity prediction,WavLM audio + ResNet video + personality TF-IDF early fusion Logistic,ordinal_prediction,financial_stress_bin,mild_or_low,Ordinal MAE,0.6833333333333333,0.062360956446232345,,,5,12.0,12.0,not_computed_default_lightweight
mpdd_avp_severity_early_fusion_phase3,MPDD-AVG-2026,Audio+Video+Personality,ordinal severity prediction,WavLM audio + ResNet video + personality TF-IDF early fusion Logistic,ordinal_prediction,financial_stress_bin,mild_or_low,Prediction Bias,-0.21666666666666665,0.08498365855987974,,,5,12.0,12.0,not_computed_default_lightweight
mpdd_avp_severity_early_fusion_phase3,MPDD-AVG-2026,Audio+Video+Personality,ordinal severity prediction,WavLM audio + ResNet video + personality TF-IDF early fusion Logistic,ordinal_prediction,financial_stress_bin,mild_or_low,QWK,-0.07758532159558691,0.06135141104724635,,,5,12.0,12.0,not_computed_default_lightweight
mpdd_avp_severity_early_fusion_phase3,MPDD-AVG-2026,Audio+Video+Personality,ordinal severity prediction,WavLM audio + ResNet video + personality TF-IDF early fusion Logistic,ordinal_prediction,financial_stress_bin,mild_or_low,True Label Probability,0.4140322503312263,0.040104974194031556,,,5,12.0,12.0,not_computed_default_lightweight
mpdd_avp_severity_early_fusion_phase3,MPDD-AVG-2026,Audio+Video+Personality,ordinal severity prediction,WavLM audio + ResNet video + personality TF-IDF early fusion Logistic,ordinal_prediction,financial_stress_bin,moderate,Accuracy,0.5428571428571428,0.05714285714285714,,,5,7.0,7.0,not_computed_default_lightweight
mpdd_avp_severity_early_fusion_phase3,MPDD-AVG-2026,Audio+Video+Personality,ordinal severity prediction,WavLM audio + ResNet video + personality TF-IDF early fusion Logistic,ordinal_prediction,financial_stress_bin,moderate,Brier Score,0.7195057196101047,0.09525758259102746,,,5,7.0,7.0,not_computed_default_lightweight
mpdd_avp_severity_early_fusion_phase3,MPDD-AVG-2026,Audio+Video+Personality,ordinal severity prediction,WavLM audio + ResNet video + personality TF-IDF early fusion Logistic,ordinal_prediction,financial_stress_bin,moderate,Calibration Gap,0.3509755167014107,0.05254438182911349,,,5,7.0,7.0,not_computed_default_lightweight
mpdd_avp_severity_early_fusion_phase3,MPDD-AVG-2026,Audio+Video+Personality,ordinal severity prediction,WavLM audio + ResNet video + personality TF-IDF early fusion Logistic,ordinal_prediction,financial_stress_bin,moderate,ECE,0.3509755167014107,0.05254438182911353,,,5,7.0,7.0,not_computed_default_lightweight
mpdd_avp_severity_early_fusion_phase3,MPDD-AVG-2026,Audio+Video+Personality,ordinal severity prediction,WavLM audio + ResNet video + personality TF-IDF early fusion Logistic,ordinal_prediction,financial_stress_bin,moderate,Macro-F1,0.28242424242424236,0.06809489408576067,,,5,7.0,7.0,not_computed_default_lightweight
mpdd_avp_severity_early_fusion_phase3,MPDD-AVG-2026,Audio+Video+Personality,ordinal severity prediction,WavLM audio + ResNet video + personality TF-IDF early fusion Logistic,ordinal_prediction,financial_stress_bin,moderate,Mean Confidence,0.8938326595585536,0.03260996840564949,,,5,7.0,7.0,not_computed_default_lightweight
mpdd_avp_severity_early_fusion_phase3,MPDD-AVG-2026,Audio+Video+Personality,ordinal severity prediction,WavLM audio + ResNet video + personality TF-IDF early fusion Logistic,ordinal_prediction,financial_stress_bin,moderate,Ordinal MAE,0.8285714285714285,0.10690449676496974,,,5,7.0,7.0,not_computed_default_lightweight
mpdd_avp_severity_early_fusion_phase3,MPDD-AVG-2026,Audio+Video+Personality,ordinal severity prediction,WavLM audio + ResNet video + personality TF-IDF early fusion Logistic,ordinal_prediction,financial_stress_bin,moderate,Prediction Bias,-0.3142857142857142,0.10690449676496974,,,5,7.0,7.0,not_computed_default_lightweight
mpdd_avp_severity_early_fusion_phase3,MPDD-AVG-2026,Audio+Video+Personality,ordinal severity prediction,WavLM audio + ResNet video + personality TF-IDF early fusion Logistic,ordinal_prediction,financial_stress_bin,moderate,QWK,-0.2239412562854179,0.0782379926308452,,,5,7.0,7.0,not_computed_default_lightweight
mpdd_avp_severity_early_fusion_phase3,MPDD-AVG-2026,Audio+Video+Personality,ordinal severity prediction,WavLM audio + ResNet video + personality TF-IDF early fusion Logistic,ordinal_prediction,financial_stress_bin,moderate,True Label Probability,0.5581084679429467,0.04235955120894649,,,5,7.0,7.0,not_computed_default_lightweight
mpdd_avp_severity_early_fusion_phase3,MPDD-AVG-2026,Audio+Video+Personality,ordinal severity prediction,WavLM audio + ResNet video + personality TF-IDF early fusion Logistic,ordinal_prediction,financial_stress_bin,none,Accuracy,0.6235294117647059,0.019211684257123007,,,5,51.0,51.0,not_computed_default_lightweight
mpdd_avp_severity_early_fusion_phase3,MPDD-AVG-2026,Audio+Video+Personality,ordinal severity prediction,WavLM audio + ResNet video + personality TF-IDF early fusion Logistic,ordinal_prediction,financial_stress_bin,none,Brier Score,0.6217732731028529,0.04815790438817638,,,5,51.0,51.0,not_computed_default_lightweight
mpdd_avp_severity_early_fusion_phase3,MPDD-AVG-2026,Audio+Video+Personality,ordinal severity prediction,WavLM audio + ResNet video + personality TF-IDF early fusion Logistic,ordinal_prediction,financial_stress_bin,none,Calibration Gap,0.2529350909321392,0.0286485408676965,,,5,51.0,51.0,not_computed_default_lightweight
mpdd_avp_severity_early_fusion_phase3,MPDD-AVG-2026,Audio+Video+Personality,ordinal severity prediction,WavLM audio + ResNet video + personality TF-IDF early fusion Logistic,ordinal_prediction,financial_stress_bin,none,ECE,0.2624599362725169,0.030448314648994147,,,5,51.0,51.0,not_computed_default_lightweight
mpdd_avp_severity_early_fusion_phase3,MPDD-AVG-2026,Audio+Video+Personality,ordinal severity prediction,WavLM audio + ResNet video + personality TF-IDF early fusion Logistic,ordinal_prediction,financial_stress_bin,none,Macro-F1,0.3450361804086771,0.04526414200726263,,,5,51.0,51.0,not_computed_default_lightweight
mpdd_avp_severity_early_fusion_phase3,MPDD-AVG-2026,Audio+Video+Personality,ordinal severity prediction,WavLM audio + ResNet video + personality TF-IDF early fusion Logistic,ordinal_prediction,financial_stress_bin,none,Mean Confidence,0.8764645026968451,0.013898465474722241,,,5,51.0,51.0,not_computed_default_lightweight
mpdd_avp_severity_early_fusion_phase3,MPDD-AVG-2026,Audio+Video+Personality,ordinal severity prediction,WavLM audio + ResNet video + personality TF-IDF early fusion Logistic,ordinal_prediction,financial_stress_bin,none,Ordinal MAE,0.4901960784313726,0.03281019711898334,,,5,51.0,51.0,not_computed_default_lightweight
mpdd_avp_severity_early_fusion_phase3,MPDD-AVG-2026,Audio+Video+Personality,ordinal severity prediction,WavLM audio + ResNet video + personality TF-IDF early fusion Logistic,ordinal_prediction,financial_stress_bin,none,Prediction Bias,-0.12941176470588237,0.0318589741358273,,,5,51.0,51.0,not_computed_default_lightweight
mpdd_avp_severity_early_fusion_phase3,MPDD-AVG-2026,Audio+Video+Personality,ordinal severity prediction,WavLM audio + ResNet video + personality TF-IDF early fusion Logistic,ordinal_prediction,financial_stress_bin,none,QWK,-0.0009383104449754764,0.09922208634142884,,,5,51.0,51.0,not_computed_default_lightweight
mpdd_avp_severity_early_fusion_phase3,MPDD-AVG-2026,Audio+Video+Personality,ordinal severity prediction,WavLM audio + ResNet video + personality TF-IDF early fusion Logistic,ordinal_prediction,financial_stress_bin,none,True Label Probability,0.6000545512751547,0.021744706277865275,,,5,51.0,51.0,not_computed_default_lightweight
mpdd_avp_severity_early_fusion_phase3,MPDD-AVG-2026,Audio+Video+Personality,ordinal severity prediction,WavLM audio + ResNet video + personality TF-IDF early fusion Logistic,ordinal_prediction,financial_stress_bin,unknown,Accuracy,0.502127659574468,0.02806575735802749,,,5,94.0,94.0,not_computed_default_lightweight
mpdd_avp_severity_early_fusion_phase3,MPDD-AVG-2026,Audio+Video+Personality,ordinal severity prediction,WavLM audio + ResNet video + personality TF-IDF early fusion Logistic,ordinal_prediction,financial_stress_bin,unknown,Brier Score,0.8319432375476652,0.04920256663651569,,,5,94.0,94.0,not_computed_default_lightweight
mpdd_avp_severity_early_fusion_phase3,MPDD-AVG-2026,Audio+Video+Personality,ordinal severity prediction,WavLM audio + ResNet video + personality TF-IDF early fusion Logistic,ordinal_prediction,financial_stress_bin,unknown,Calibration Gap,0.35105001674861136,0.03320713332105037,,,5,94.0,94.0,not_computed_default_lightweight
mpdd_avp_severity_early_fusion_phase3,MPDD-AVG-2026,Audio+Video+Personality,ordinal severity prediction,WavLM audio + ResNet video + personality TF-IDF early fusion Logistic,ordinal_prediction,financial_stress_bin,unknown,ECE,0.3575277809927716,0.03410923544341047,,,5,94.0,94.0,not_computed_default_lightweight
mpdd_avp_severity_early_fusion_phase3,MPDD-AVG-2026,Audio+Video+Personality,ordinal severity prediction,WavLM audio + ResNet video + personality TF-IDF early fusion Logistic,ordinal_prediction,financial_stress_bin,unknown,Macro-F1,0.4304975745673696,0.04231925417586423,,,5,94.0,94.0,not_computed_default_lightweight
mpdd_avp_severity_early_fusion_phase3,MPDD-AVG-2026,Audio+Video+Personality,ordinal severity prediction,WavLM audio + ResNet video + personality TF-IDF early fusion Logistic,ordinal_prediction,financial_stress_bin,unknown,Mean Confidence,0.8531776763230795,0.013438337980619943,,,5,94.0,94.0,not_computed_default_lightweight
mpdd_avp_severity_early_fusion_phase3,MPDD-AVG-2026,Audio+Video+Personality,ordinal severity prediction,WavLM audio + ResNet video + personality TF-IDF early fusion Logistic,ordinal_prediction,financial_stress_bin,unknown,Ordinal MAE,0.5553191489361702,0.0325469330654859,,,5,94.0,94.0,not_computed_default_lightweight
mpdd_avp_severity_early_fusion_phase3,MPDD-AVG-2026,Audio+Video+Personality,ordinal severity prediction,WavLM audio + ResNet video + personality TF-IDF early fusion Logistic,ordinal_prediction,financial_stress_bin,unknown,Prediction Bias,-0.036170212765957444,0.031985736975261504,,,5,94.0,94.0,not_computed_default_lightweight
mpdd_avp_severity_early_fusion_phase3,MPDD-AVG-2026,Audio+Video+Personality,ordinal severity prediction,WavLM audio + ResNet video + personality TF-IDF early fusion Logistic,ordinal_prediction,financial_stress_bin,unknown,QWK,0.20960653744028787,0.07430868426608371,,,5,94.0,94.0,not_computed_default_lightweight
mpdd_avp_severity_early_fusion_phase3,MPDD-AVG-2026,Audio+Video+Personality,ordinal severity prediction,WavLM audio + ResNet video + personality TF-IDF early fusion Logistic,ordinal_prediction,financial_stress_bin,unknown,True Label Probability,0.479436092028554,0.020877932611818344,,,5,94.0,94.0,not_computed_default_lightweight
mpdd_avp_severity_early_fusion_phase3,MPDD-AVG-2026,Audio+Video+Personality,ordinal severity prediction,WavLM audio + ResNet video + personality TF-IDF early fusion Logistic,ordinal_prediction,personality_agreeableness_bin,high,Accuracy,0.5785714285714285,0.052489065916782394,,,5,28.0,28.0,not_computed_default_lightweight
mpdd_avp_severity_early_fusion_phase3,MPDD-AVG-2026,Audio+Video+Personality,ordinal severity prediction,WavLM audio + ResNet video + personality TF-IDF early fusion Logistic,ordinal_prediction,personality_agreeableness_bin,high,Brier Score,0.7285441802409646,0.0878914353764662,,,5,28.0,28.0,not_computed_default_lightweight
mpdd_avp_severity_early_fusion_phase3,MPDD-AVG-2026,Audio+Video+Personality,ordinal severity prediction,WavLM audio + ResNet video + personality TF-IDF early fusion Logistic,ordinal_prediction,personality_agreeableness_bin,high,Calibration Gap,0.3240178153449221,0.04342306479562172,,,5,28.0,28.0,not_computed_default_lightweight
mpdd_avp_severity_early_fusion_phase3,MPDD-AVG-2026,Audio+Video+Personality,ordinal severity prediction,WavLM audio + ResNet video + personality TF-IDF early fusion Logistic,ordinal_prediction,personality_agreeableness_bin,high,ECE,0.3544789801086535,0.04947896904403097,,,5,28.0,28.0,not_computed_default_lightweight
mpdd_avp_severity_early_fusion_phase3,MPDD-AVG-2026,Audio+Video+Personality,ordinal severity prediction,WavLM audio + ResNet video + personality TF-IDF early fusion Logistic,ordinal_prediction,personality_agreeableness_bin,high,Macro-F1,0.3543863724351529,0.0996241123906811,,,5,28.0,28.0,not_computed_default_lightweight
mpdd_avp_severity_early_fusion_phase3,MPDD-AVG-2026,Audio+Video+Personality,ordinal severity prediction,WavLM audio + ResNet video + personality TF-IDF early fusion Logistic,ordinal_prediction,personality_agreeableness_bin,high,Mean Confidence,0.9025892439163506,0.023760310838077604,,,5,28.0,28.0,not_computed_default_lightweight
mpdd_avp_severity_early_fusion_phase3,MPDD-AVG-2026,Audio+Video+Personality,ordinal severity prediction,WavLM audio + ResNet video + personality TF-IDF early fusion Logistic,ordinal_prediction,personality_agreeableness_bin,high,Ordinal MAE,0.5428571428571428,0.08571428571428574,,,5,28.0,28.0,not_computed_default_lightweight
mpdd_avp_severity_early_fusion_phase3,MPDD-AVG-2026,Audio+Video+Personality,ordinal severity prediction,WavLM audio + ResNet video + personality TF-IDF early fusion Logistic,ordinal_prediction,personality_agreeableness_bin,high,Prediction Bias,-0.38571428571428573,0.03499271061118824,,,5,28.0,28.0,not_computed_default_lightweight
mpdd_avp_severity_early_fusion_phase3,MPDD-AVG-2026,Audio+Video+Personality,ordinal severity prediction,WavLM audio + ResNet video + personality TF-IDF early fusion Logistic,ordinal_prediction,personality_agreeableness_bin,high,QWK,0.18679818763697087,0.18349859358273146,,,5,28.0,28.0,not_computed_default_lightweight
mpdd_avp_severity_early_fusion_phase3,MPDD-AVG-2026,Audio+Video+Personality,ordinal severity prediction,WavLM audio + ResNet video + personality TF-IDF early fusion Logistic,ordinal_prediction,personality_agreeableness_bin,high,True Label Probability,0.5619360459645553,0.04692626869796149,,,5,28.0,28.0,not_computed_default_lightweight
mpdd_avp_severity_early_fusion_phase3,MPDD-AVG-2026,Audio+Video+Personality,ordinal severity prediction,WavLM audio + ResNet video + personality TF-IDF early fusion Logistic,ordinal_prediction,personality_agreeableness_bin,low,Accuracy,0.495,0.02449489742783178,,,5,40.0,40.0,not_computed_default_lightweight
mpdd_avp_severity_early_fusion_phase3,MPDD-AVG-2026,Audio+Video+Personality,ordinal severity prediction,WavLM audio + ResNet video + personality TF-IDF early fusion Logistic,ordinal_prediction,personality_agreeableness_bin,low,Brier Score,0.8623338411924981,0.019824908711503726,,,5,40.0,40.0,not_computed_default_lightweight
mpdd_avp_severity_early_fusion_phase3,MPDD-AVG-2026,Audio+Video+Personality,ordinal severity prediction,WavLM audio + ResNet video + personality TF-IDF early fusion Logistic,ordinal_prediction,personality_agreeableness_bin,low,Calibration Gap,0.3886618158114269,0.0173028930100014,,,5,40.0,40.0,not_computed_default_lightweight
mpdd_avp_severity_early_fusion_phase3,MPDD-AVG-2026,Audio+Video+Personality,ordinal severity prediction,WavLM audio + ResNet video + personality TF-IDF early fusion Logistic,ordinal_prediction,personality_agreeableness_bin,low,ECE,0.4110373423210028,0.009502734299930473,,,5,40.0,40.0,not_computed_default_lightweight
mpdd_avp_severity_early_fusion_phase3,MPDD-AVG-2026,Audio+Video+Personality,ordinal severity prediction,WavLM audio + ResNet video + personality TF-IDF early fusion Logistic,ordinal_prediction,personality_agreeableness_bin,low,Macro-F1,0.4327297569402832,0.057467801363119915,,,5,40.0,40.0,not_computed_default_lightweight
mpdd_avp_severity_early_fusion_phase3,MPDD-AVG-2026,Audio+Video+Personality,ordinal severity prediction,WavLM audio + ResNet video + personality TF-IDF early fusion Logistic,ordinal_prediction,personality_agreeableness_bin,low,Mean Confidence,0.883661815811427,0.01810882623245657,,,5,40.0,40.0,not_computed_default_lightweight
mpdd_avp_severity_early_fusion_phase3,MPDD-AVG-2026,Audio+Video+Personality,ordinal severity prediction,WavLM audio + ResNet video + personality TF-IDF early fusion Logistic,ordinal_prediction,personality_agreeableness_bin,low,Ordinal MAE,0.5399999999999999,0.02999999999999998,,,5,40.0,40.0,not_computed_default_lightweight
mpdd_avp_severity_early_fusion_phase3,MPDD-AVG-2026,Audio+Video+Personality,ordinal severity prediction,WavLM audio + ResNet video + personality TF-IDF early fusion Logistic,ordinal_prediction,personality_agreeableness_bin,low,Prediction Bias,-0.16,0.04358898943540674,,,5,40.0,40.0,not_computed_default_lightweight
mpdd_avp_severity_early_fusion_phase3,MPDD-AVG-2026,Audio+Video+Personality,ordinal severity prediction,WavLM audio + ResNet video + personality TF-IDF early fusion Logistic,ordinal_prediction,personality_agreeableness_bin,low,QWK,0.2112539705613162,0.07614875390074766,,,5,40.0,40.0,not_computed_default_lightweight
mpdd_avp_severity_early_fusion_phase3,MPDD-AVG-2026,Audio+Video+Personality,ordinal severity prediction,WavLM audio + ResNet video + personality TF-IDF early fusion Logistic,ordinal_prediction,personality_agreeableness_bin,low,True Label Probability,0.48424035256897763,0.012391566926386283,,,5,40.0,40.0,not_computed_default_lightweight
mpdd_avp_severity_early_fusion_phase3,MPDD-AVG-2026,Audio+Video+Personality,ordinal severity prediction,WavLM audio + ResNet video + personality TF-IDF early fusion Logistic,ordinal_prediction,personality_agreeableness_bin,mid,Accuracy,0.5043478260869565,0.02884021556830782,,,5,46.0,46.0,not_computed_default_lightweight
mpdd_avp_severity_early_fusion_phase3,MPDD-AVG-2026,Audio+Video+Personality,ordinal severity prediction,WavLM audio + ResNet video + personality TF-IDF early fusion Logistic,ordinal_prediction,personality_agreeableness_bin,mid,Brier Score,0.8367206219030748,0.06228386838708884,,,5,46.0,46.0,not_computed_default_lightweight
mpdd_avp_severity_early_fusion_phase3,MPDD-AVG-2026,Audio+Video+Personality,ordinal severity prediction,WavLM audio + ResNet video + personality TF-IDF early fusion Logistic,ordinal_prediction,personality_agreeableness_bin,mid,Calibration Gap,0.3315238502794974,0.04101934891297284,,,5,46.0,46.0,not_computed_default_lightweight
mpdd_avp_severity_early_fusion_phase3,MPDD-AVG-2026,Audio+Video+Personality,ordinal severity prediction,WavLM audio + ResNet video + personality TF-IDF early fusion Logistic,ordinal_prediction,personality_agreeableness_bin,mid,ECE,0.3458041328448368,0.05323196351359039,,,5,46.0,46.0,not_computed_default_lightweight
mpdd_avp_severity_early_fusion_phase3,MPDD-AVG-2026,Audio+Video+Personality,ordinal severity prediction,WavLM audio + ResNet video + personality TF-IDF early fusion Logistic,ordinal_prediction,personality_agreeableness_bin,mid,Macro-F1,0.39988792468898005,0.04522668812039191,,,5,46.0,46.0,not_computed_default_lightweight
mpdd_avp_severity_early_fusion_phase3,MPDD-AVG-2026,Audio+Video+Personality,ordinal severity prediction,WavLM audio + ResNet video + personality TF-IDF early fusion Logistic,ordinal_prediction,personality_agreeableness_bin,mid,Mean Confidence,0.8358716763664539,0.01577847658977038,,,5,46.0,46.0,not_computed_default_lightweight
mpdd_avp_severity_early_fusion_phase3,MPDD-AVG-2026,Audio+Video+Personality,ordinal severity prediction,WavLM audio + ResNet video + personality TF-IDF early fusion Logistic,ordinal_prediction,personality_agreeableness_bin,mid,Ordinal MAE,0.5782608695652174,0.04032008041519873,,,5,46.0,46.0,not_computed_default_lightweight
mpdd_avp_severity_early_fusion_phase3,MPDD-AVG-2026,Audio+Video+Personality,ordinal severity prediction,WavLM audio + ResNet video + personality TF-IDF early fusion Logistic,ordinal_prediction,personality_agreeableness_bin,mid,Prediction Bias,0.04782608695652174,0.05032972566430533,,,5,46.0,46.0,not_computed_default_lightweight
mpdd_avp_severity_early_fusion_phase3,MPDD-AVG-2026,Audio+Video+Personality,ordinal severity prediction,WavLM audio + ResNet video + personality TF-IDF early fusion Logistic,ordinal_prediction,personality_agreeableness_bin,mid,QWK,0.11190247611814319,0.1077190438833862,,,5,46.0,46.0,not_computed_default_lightweight
mpdd_avp_severity_early_fusion_phase3,MPDD-AVG-2026,Audio+Video+Personality,ordinal severity prediction,WavLM audio + ResNet video + personality TF-IDF early fusion Logistic,ordinal_prediction,personality_agreeableness_bin,mid,True Label Probability,0.46816933729226173,0.024739400013512148,,,5,46.0,46.0,not_computed_default_lightweight
mpdd_avp_severity_early_fusion_phase3,MPDD-AVG-2026,Audio+Video+Personality,ordinal severity prediction,WavLM audio + ResNet video + personality TF-IDF early fusion Logistic,ordinal_prediction,personality_agreeableness_bin,unknown,Accuracy,0.5475409836065573,0.03823575013013311,,,5,61.0,61.0,not_computed_default_lightweight
mpdd_avp_severity_early_fusion_phase3,MPDD-AVG-2026,Audio+Video+Personality,ordinal severity prediction,WavLM audio + ResNet video + personality TF-IDF early fusion Logistic,ordinal_prediction,personality_agreeableness_bin,unknown,Brier Score,0.7299830239427217,0.06269961667686676,,,5,61.0,61.0,not_computed_default_lightweight
mpdd_avp_severity_early_fusion_phase3,MPDD-AVG-2026,Audio+Video+Personality,ordinal severity prediction,WavLM audio + ResNet video + personality TF-IDF early fusion Logistic,ordinal_prediction,personality_agreeableness_bin,unknown,Calibration Gap,0.31666098635084794,0.03979584249033331,,,5,61.0,61.0,not_computed_default_lightweight
mpdd_avp_severity_early_fusion_phase3,MPDD-AVG-2026,Audio+Video+Personality,ordinal severity prediction,WavLM audio + ResNet video + personality TF-IDF early fusion Logistic,ordinal_prediction,personality_agreeableness_bin,unknown,ECE,0.3180265387960551,0.03991678287884759,,,5,61.0,61.0,not_computed_default_lightweight
mpdd_avp_severity_early_fusion_phase3,MPDD-AVG-2026,Audio+Video+Personality,ordinal severity prediction,WavLM audio + ResNet video + personality TF-IDF early fusion Logistic,ordinal_prediction,personality_agreeableness_bin,unknown,Macro-F1,0.31049371383355556,0.05359505106396227,,,5,61.0,61.0,not_computed_default_lightweight
mpdd_avp_severity_early_fusion_phase3,MPDD-AVG-2026,Audio+Video+Personality,ordinal severity prediction,WavLM audio + ResNet video + personality TF-IDF early fusion Logistic,ordinal_prediction,personality_agreeableness_bin,unknown,Mean Confidence,0.8642019699574053,0.012187930543399096,,,5,61.0,61.0,not_computed_default_lightweight
mpdd_avp_severity_early_fusion_phase3,MPDD-AVG-2026,Audio+Video+Personality,ordinal severity prediction,WavLM audio + ResNet video + personality TF-IDF early fusion Logistic,ordinal_prediction,personality_agreeableness_bin,unknown,Ordinal MAE,0.6032786885245902,0.045666846810439726,,,5,61.0,61.0,not_computed_default_lightweight
mpdd_avp_severity_early_fusion_phase3,MPDD-AVG-2026,Audio+Video+Personality,ordinal severity prediction,WavLM audio + ResNet video + personality TF-IDF early fusion Logistic,ordinal_prediction,personality_agreeableness_bin,unknown,Prediction Bias,-0.13114754098360654,0.03738280082292256,,,5,61.0,61.0,not_computed_default_lightweight
mpdd_avp_severity_early_fusion_phase3,MPDD-AVG-2026,Audio+Video+Personality,ordinal severity prediction,WavLM audio + ResNet video + personality TF-IDF early fusion Logistic,ordinal_prediction,personality_agreeableness_bin,unknown,QWK,-0.04235133515837577,0.10814942167337253,,,5,61.0,61.0,not_computed_default_lightweight
mpdd_avp_severity_early_fusion_phase3,MPDD-AVG-2026,Audio+Video+Personality,ordinal severity prediction,WavLM audio + ResNet video + personality TF-IDF early fusion Logistic,ordinal_prediction,personality_agreeableness_bin,unknown,True Label Probability,0.5372255828344195,0.033028059945854685,,,5,61.0,61.0,not_computed_default_lightweight
mpdd_avp_severity_early_fusion_phase3,MPDD-AVG-2026,Audio+Video+Personality,ordinal severity prediction,WavLM audio + ResNet video + personality TF-IDF early fusion Logistic,ordinal_prediction,personality_conscientiousness_bin,high,Accuracy,0.5461538461538462,0.03124630155629213,,,5,52.0,52.0,not_computed_default_lightweight
mpdd_avp_severity_early_fusion_phase3,MPDD-AVG-2026,Audio+Video+Personality,ordinal severity prediction,WavLM audio + ResNet video + personality TF-IDF early fusion Logistic,ordinal_prediction,personality_conscientiousness_bin,high,Brier Score,0.7651698258574456,0.037971641725404445,,,5,52.0,52.0,not_computed_default_lightweight
mpdd_avp_severity_early_fusion_phase3,MPDD-AVG-2026,Audio+Video+Personality,ordinal severity prediction,WavLM audio + ResNet video + personality TF-IDF early fusion Logistic,ordinal_prediction,personality_conscientiousness_bin,high,Calibration Gap,0.33882200804353513,0.029140728613333645,,,5,52.0,52.0,not_computed_default_lightweight
mpdd_avp_severity_early_fusion_phase3,MPDD-AVG-2026,Audio+Video+Personality,ordinal severity prediction,WavLM audio + ResNet video + personality TF-IDF early fusion Logistic,ordinal_prediction,personality_conscientiousness_bin,high,ECE,0.35600049654750754,0.018947400654223713,,,5,52.0,52.0,not_computed_default_lightweight
mpdd_avp_severity_early_fusion_phase3,MPDD-AVG-2026,Audio+Video+Personality,ordinal severity prediction,WavLM audio + ResNet video + personality TF-IDF early fusion Logistic,ordinal_prediction,personality_conscientiousness_bin,high,Macro-F1,0.3563501848449797,0.04835797731014652,,,5,52.0,52.0,not_computed_default_lightweight
mpdd_avp_severity_early_fusion_phase3,MPDD-AVG-2026,Audio+Video+Personality,ordinal severity prediction,WavLM audio + ResNet video + personality TF-IDF early fusion Logistic,ordinal_prediction,personality_conscientiousness_bin,high,Mean Confidence,0.8849758541973813,0.015071423385390272,,,5,52.0,52.0,not_computed_default_lightweight
mpdd_avp_severity_early_fusion_phase3,MPDD-AVG-2026,Audio+Video+Personality,ordinal severity prediction,WavLM audio + ResNet video + personality TF-IDF early fusion Logistic,ordinal_prediction,personality_conscientiousness_bin,high,Ordinal MAE,0.5884615384615385,0.03124630155629215,,,5,52.0,52.0,not_computed_default_lightweight
mpdd_avp_severity_early_fusion_phase3,MPDD-AVG-2026,Audio+Video+Personality,ordinal severity prediction,WavLM audio + ResNet video + personality TF-IDF early fusion Logistic,ordinal_prediction,personality_conscientiousness_bin,high,Prediction Bias,-0.21153846153846154,0.021066252211737163,,,5,52.0,52.0,not_computed_default_lightweight
mpdd_avp_severity_early_fusion_phase3,MPDD-AVG-2026,Audio+Video+Personality,ordinal severity prediction,WavLM audio + ResNet video + personality TF-IDF early fusion Logistic,ordinal_prediction,personality_conscientiousness_bin,high,QWK,-0.03562017692452479,0.08752167031830227,,,5,52.0,52.0,not_computed_default_lightweight
mpdd_avp_severity_early_fusion_phase3,MPDD-AVG-2026,Audio+Video+Personality,ordinal severity prediction,WavLM audio + ResNet video + personality TF-IDF early fusion Logistic,ordinal_prediction,personality_conscientiousness_bin,high,True Label Probability,0.5339171768931553,0.021773595274104898,,,5,52.0,52.0,not_computed_default_lightweight
mpdd_avp_severity_early_fusion_phase3,MPDD-AVG-2026,Audio+Video+Personality,ordinal severity prediction,WavLM audio + ResNet video + personality TF-IDF early fusion Logistic,ordinal_prediction,personality_conscientiousness_bin,low,Accuracy,0.4862068965517242,0.03839837491606912,,,5,58.0,58.0,not_computed_default_lightweight
mpdd_avp_severity_early_fusion_phase3,MPDD-AVG-2026,Audio+Video+Personality,ordinal severity prediction,WavLM audio + ResNet video + personality TF-IDF early fusion Logistic,ordinal_prediction,personality_conscientiousness_bin,low,Brier Score,0.881549144687787,0.053708939045503855,,,5,58.0,58.0,not_computed_default_lightweight
mpdd_avp_severity_early_fusion_phase3,MPDD-AVG-2026,Audio+Video+Personality,ordinal severity prediction,WavLM audio + ResNet video + personality TF-IDF early fusion Logistic,ordinal_prediction,personality_conscientiousness_bin,low,Calibration Gap,0.3726706050908131,0.03816148887410195,,,5,58.0,58.0,not_computed_default_lightweight
mpdd_avp_severity_early_fusion_phase3,MPDD-AVG-2026,Audio+Video+Personality,ordinal severity prediction,WavLM audio + ResNet video + personality TF-IDF early fusion Logistic,ordinal_prediction,personality_conscientiousness_bin,low,ECE,0.4037259156548065,0.04079650803925584,,,5,58.0,58.0,not_computed_default_lightweight
mpdd_avp_severity_early_fusion_phase3,MPDD-AVG-2026,Audio+Video+Personality,ordinal severity prediction,WavLM audio + ResNet video + personality TF-IDF early fusion Logistic,ordinal_prediction,personality_conscientiousness_bin,low,Macro-F1,0.448153344667469,0.05951437909748478,,,5,58.0,58.0,not_computed_default_lightweight
mpdd_avp_severity_early_fusion_phase3,MPDD-AVG-2026,Audio+Video+Personality,ordinal severity prediction,WavLM audio + ResNet video + personality TF-IDF early fusion Logistic,ordinal_prediction,personality_conscientiousness_bin,low,Mean Confidence,0.8588775016425373,0.01411983533295051,,,5,58.0,58.0,not_computed_default_lightweight
mpdd_avp_severity_early_fusion_phase3,MPDD-AVG-2026,Audio+Video+Personality,ordinal severity prediction,WavLM audio + ResNet video + personality TF-IDF early fusion Logistic,ordinal_prediction,personality_conscientiousness_bin,low,Ordinal MAE,0.5689655172413792,0.06168463386206316,,,5,58.0,58.0,not_computed_default_lightweight
mpdd_avp_severity_early_fusion_phase3,MPDD-AVG-2026,Audio+Video+Personality,ordinal severity prediction,WavLM audio + ResNet video + personality TF-IDF early fusion Logistic,ordinal_prediction,personality_conscientiousness_bin,low,Prediction Bias,-0.10689655172413795,0.05811137774604385,,,5,58.0,58.0,not_computed_default_lightweight
mpdd_avp_severity_early_fusion_phase3,MPDD-AVG-2026,Audio+Video+Personality,ordinal severity prediction,WavLM audio + ResNet video + personality TF-IDF early fusion Logistic,ordinal_prediction,personality_conscientiousness_bin,low,QWK,0.24412541841776533,0.12298122536633724,,,5,58.0,58.0,not_computed_default_lightweight
mpdd_avp_severity_early_fusion_phase3,MPDD-AVG-2026,Audio+Video+Personality,ordinal severity prediction,WavLM audio + ResNet video + personality TF-IDF early fusion Logistic,ordinal_prediction,personality_conscientiousness_bin,low,True Label Probability,0.4584991558978446,0.026717362297466945,,,5,58.0,58.0,not_computed_default_lightweight
mpdd_avp_severity_early_fusion_phase3,MPDD-AVG-2026,Audio+Video+Personality,ordinal severity prediction,WavLM audio + ResNet video + personality TF-IDF early fusion Logistic,ordinal_prediction,personality_conscientiousness_bin,mid,Accuracy,0.5076923076923077,0.052297636036849074,,,5,39.0,39.0,not_computed_default_lightweight
mpdd_avp_severity_early_fusion_phase3,MPDD-AVG-2026,Audio+Video+Personality,ordinal severity prediction,WavLM audio + ResNet video + personality TF-IDF early fusion Logistic,ordinal_prediction,personality_conscientiousness_bin,mid,Brier Score,0.8233449342077831,0.08158765735902564,,,5,39.0,39.0,not_computed_default_lightweight
mpdd_avp_severity_early_fusion_phase3,MPDD-AVG-2026,Audio+Video+Personality,ordinal severity prediction,WavLM audio + ResNet video + personality TF-IDF early fusion Logistic,ordinal_prediction,personality_conscientiousness_bin,mid,Calibration Gap,0.3592368000356121,0.06105273866929155,,,5,39.0,39.0,not_computed_default_lightweight
mpdd_avp_severity_early_fusion_phase3,MPDD-AVG-2026,Audio+Video+Personality,ordinal severity prediction,WavLM audio + ResNet video + personality TF-IDF early fusion Logistic,ordinal_prediction,personality_conscientiousness_bin,mid,ECE,0.3641690347498735,0.05714668034665945,,,5,39.0,39.0,not_computed_default_lightweight
mpdd_avp_severity_early_fusion_phase3,MPDD-AVG-2026,Audio+Video+Personality,ordinal severity prediction,WavLM audio + ResNet video + personality TF-IDF early fusion Logistic,ordinal_prediction,personality_conscientiousness_bin,mid,Macro-F1,0.32432474760316105,0.06107455835684076,,,5,39.0,39.0,not_computed_default_lightweight
mpdd_avp_severity_early_fusion_phase3,MPDD-AVG-2026,Audio+Video+Personality,ordinal severity prediction,WavLM audio + ResNet video + personality TF-IDF early fusion Logistic,ordinal_prediction,personality_conscientiousness_bin,mid,Mean Confidence,0.8669291077279198,0.01581014629181771,,,5,39.0,39.0,not_computed_default_lightweight
mpdd_avp_severity_early_fusion_phase3,MPDD-AVG-2026,Audio+Video+Personality,ordinal severity prediction,WavLM audio + ResNet video + personality TF-IDF early fusion Logistic,ordinal_prediction,personality_conscientiousness_bin,mid,Ordinal MAE,0.5692307692307692,0.06363935203072235,,,5,39.0,39.0,not_computed_default_lightweight
mpdd_avp_severity_early_fusion_phase3,MPDD-AVG-2026,Audio+Video+Personality,ordinal severity prediction,WavLM audio + ResNet video + personality TF-IDF early fusion Logistic,ordinal_prediction,personality_conscientiousness_bin,mid,Prediction Bias,-0.0051282051282051325,0.0817301407718422,,,5,39.0,39.0,not_computed_default_lightweight
mpdd_avp_severity_early_fusion_phase3,MPDD-AVG-2026,Audio+Video+Personality,ordinal severity prediction,WavLM audio + ResNet video + personality TF-IDF early fusion Logistic,ordinal_prediction,personality_conscientiousness_bin,mid,QWK,0.05135264972676139,0.0575654616308626,,,5,39.0,39.0,not_computed_default_lightweight
mpdd_avp_severity_early_fusion_phase3,MPDD-AVG-2026,Audio+Video+Personality,ordinal severity prediction,WavLM audio + ResNet video + personality TF-IDF early fusion Logistic,ordinal_prediction,personality_conscientiousness_bin,mid,True Label Probability,0.4924383054293483,0.03546150172247267,,,5,39.0,39.0,not_computed_default_lightweight
mpdd_avp_severity_early_fusion_phase3,MPDD-AVG-2026,Audio+Video+Personality,ordinal severity prediction,WavLM audio + ResNet video + personality TF-IDF early fusion Logistic,ordinal_prediction,personality_conscientiousness_bin,unknown,Accuracy,0.6230769230769231,0.028781979898261104,,,5,26.0,26.0,not_computed_default_lightweight
mpdd_avp_severity_early_fusion_phase3,MPDD-AVG-2026,Audio+Video+Personality,ordinal severity prediction,WavLM audio + ResNet video + personality TF-IDF early fusion Logistic,ordinal_prediction,personality_conscientiousness_bin,unknown,Brier Score,0.5723680766120018,0.033061289965907834,,,5,26.0,26.0,not_computed_default_lightweight
mpdd_avp_severity_early_fusion_phase3,MPDD-AVG-2026,Audio+Video+Personality,ordinal severity prediction,WavLM audio + ResNet video + personality TF-IDF early fusion Logistic,ordinal_prediction,personality_conscientiousness_bin,unknown,Calibration Gap,0.22851977028667864,0.03148891608903812,,,5,26.0,26.0,not_computed_default_lightweight
mpdd_avp_severity_early_fusion_phase3,MPDD-AVG-2026,Audio+Video+Personality,ordinal severity prediction,WavLM audio + ResNet video + personality TF-IDF early fusion Logistic,ordinal_prediction,personality_conscientiousness_bin,unknown,ECE,0.2589751895715691,0.03511137703258541,,,5,26.0,26.0,not_computed_default_lightweight
mpdd_avp_severity_early_fusion_phase3,MPDD-AVG-2026,Audio+Video+Personality,ordinal severity prediction,WavLM audio + ResNet video + personality TF-IDF early fusion Logistic,ordinal_prediction,personality_conscientiousness_bin,unknown,Macro-F1,0.35903947903947897,0.011910930710947806,,,5,26.0,26.0,not_computed_default_lightweight
mpdd_avp_severity_early_fusion_phase3,MPDD-AVG-2026,Audio+Video+Personality,ordinal severity prediction,WavLM audio + ResNet video + personality TF-IDF early fusion Logistic,ordinal_prediction,personality_conscientiousness_bin,unknown,Mean Confidence,0.8515966933636016,0.013357457941784338,,,5,26.0,26.0,not_computed_default_lightweight
mpdd_avp_severity_early_fusion_phase3,MPDD-AVG-2026,Audio+Video+Personality,ordinal severity prediction,WavLM audio + ResNet video + personality TF-IDF early fusion Logistic,ordinal_prediction,personality_conscientiousness_bin,unknown,Ordinal MAE,0.5538461538461539,0.04615384615384615,,,5,26.0,26.0,not_computed_default_lightweight
mpdd_avp_severity_early_fusion_phase3,MPDD-AVG-2026,Audio+Video+Personality,ordinal severity prediction,WavLM audio + ResNet video + personality TF-IDF early fusion Logistic,ordinal_prediction,personality_conscientiousness_bin,unknown,Prediction Bias,-0.21538461538461537,0.07536891516255932,,,5,26.0,26.0,not_computed_default_lightweight
mpdd_avp_severity_early_fusion_phase3,MPDD-AVG-2026,Audio+Video+Personality,ordinal severity prediction,WavLM audio + ResNet video + personality TF-IDF early fusion Logistic,ordinal_prediction,personality_conscientiousness_bin,unknown,QWK,-0.015462023975293148,0.10314657425427115,,,5,26.0,26.0,not_computed_default_lightweight
mpdd_avp_severity_early_fusion_phase3,MPDD-AVG-2026,Audio+Video+Personality,ordinal severity prediction,WavLM audio + ResNet video + personality TF-IDF early fusion Logistic,ordinal_prediction,personality_conscientiousness_bin,unknown,True Label Probability,0.6095628963787167,0.014316435758178328,,,5,26.0,26.0,not_computed_default_lightweight
mpdd_avp_severity_early_fusion_phase3,MPDD-AVG-2026,Audio+Video+Personality,ordinal severity prediction,WavLM audio + ResNet video + personality TF-IDF early fusion Logistic,ordinal_prediction,personality_extraversion_bin,high,Accuracy,0.6461538461538462,0.02878197989826107,,,5,26.0,26.0,not_computed_default_lightweight
mpdd_avp_severity_early_fusion_phase3,MPDD-AVG-2026,Audio+Video+Personality,ordinal severity prediction,WavLM audio + ResNet video + personality TF-IDF early fusion Logistic,ordinal_prediction,personality_extraversion_bin,high,Brier Score,0.5935800004980823,0.025812723747475678,,,5,26.0,26.0,not_computed_default_lightweight
mpdd_avp_severity_early_fusion_phase3,MPDD-AVG-2026,Audio+Video+Personality,ordinal severity prediction,WavLM audio + ResNet video + personality TF-IDF early fusion Logistic,ordinal_prediction,personality_extraversion_bin,high,Calibration Gap,0.230810908512345,0.04128707896621807,,,5,26.0,26.0,not_computed_default_lightweight
mpdd_avp_severity_early_fusion_phase3,MPDD-AVG-2026,Audio+Video+Personality,ordinal severity prediction,WavLM audio + ResNet video + personality TF-IDF early fusion Logistic,ordinal_prediction,personality_extraversion_bin,high,ECE,0.27041421710286573,0.04646508648905672,,,5,26.0,26.0,not_computed_default_lightweight
mpdd_avp_severity_early_fusion_phase3,MPDD-AVG-2026,Audio+Video+Personality,ordinal severity prediction,WavLM audio + ResNet video + personality TF-IDF early fusion Logistic,ordinal_prediction,personality_extraversion_bin,high,Macro-F1,0.41578047683310837,0.0573326979529101,,,5,26.0,26.0,not_computed_default_lightweight
mpdd_avp_severity_early_fusion_phase3,MPDD-AVG-2026,Audio+Video+Personality,ordinal severity prediction,WavLM audio + ResNet video + personality TF-IDF early fusion Logistic,ordinal_prediction,personality_extraversion_bin,high,Mean Confidence,0.8769647546661912,0.024400937964994242,,,5,26.0,26.0,not_computed_default_lightweight
mpdd_avp_severity_early_fusion_phase3,MPDD-AVG-2026,Audio+Video+Personality,ordinal severity prediction,WavLM audio + ResNet video + personality TF-IDF early fusion Logistic,ordinal_prediction,personality_extraversion_bin,high,Ordinal MAE,0.43076923076923074,0.05102499677469847,,,5,26.0,26.0,not_computed_default_lightweight
mpdd_avp_severity_early_fusion_phase3,MPDD-AVG-2026,Audio+Video+Personality,ordinal severity prediction,WavLM audio + ResNet video + personality TF-IDF early fusion Logistic,ordinal_prediction,personality_extraversion_bin,high,Prediction Bias,0.0,0.034401045807689073,,,5,26.0,26.0,not_computed_default_lightweight
mpdd_avp_severity_early_fusion_phase3,MPDD-AVG-2026,Audio+Video+Personality,ordinal severity prediction,WavLM audio + ResNet video + personality TF-IDF early fusion Logistic,ordinal_prediction,personality_extraversion_bin,high,QWK,0.28242160064988686,0.15305920470670661,,,5,26.0,26.0,not_computed_default_lightweight
mpdd_avp_severity_early_fusion_phase3,MPDD-AVG-2026,Audio+Video+Personality,ordinal severity prediction,WavLM audio + ResNet video + personality TF-IDF early fusion Logistic,ordinal_prediction,personality_extraversion_bin,high,True Label Probability,0.6130275970507778,0.01317006048839694,,,5,26.0,26.0,not_computed_default_lightweight
mpdd_avp_severity_early_fusion_phase3,MPDD-AVG-2026,Audio+Video+Personality,ordinal severity prediction,WavLM audio + ResNet video + personality TF-IDF early fusion Logistic,ordinal_prediction,personality_extraversion_bin,low,Accuracy,0.472,0.04664761515876242,,,5,50.0,50.0,not_computed_default_lightweight
mpdd_avp_severity_early_fusion_phase3,MPDD-AVG-2026,Audio+Video+Personality,ordinal severity prediction,WavLM audio + ResNet video + personality TF-IDF early fusion Logistic,ordinal_prediction,personality_extraversion_bin,low,Brier Score,0.9017990419521054,0.05522030242429157,,,5,50.0,50.0,not_computed_default_lightweight
mpdd_avp_severity_early_fusion_phase3,MPDD-AVG-2026,Audio+Video+Personality,ordinal severity prediction,WavLM audio + ResNet video + personality TF-IDF early fusion Logistic,ordinal_prediction,personality_extraversion_bin,low,Calibration Gap,0.40851289654609213,0.04048430648625837,,,5,50.0,50.0,not_computed_default_lightweight
mpdd_avp_severity_early_fusion_phase3,MPDD-AVG-2026,Audio+Video+Personality,ordinal severity prediction,WavLM audio + ResNet video + personality TF-IDF early fusion Logistic,ordinal_prediction,personality_extraversion_bin,low,ECE,0.4101453264599814,0.04023868244266439,,,5,50.0,50.0,not_computed_default_lightweight
mpdd_avp_severity_early_fusion_phase3,MPDD-AVG-2026,Audio+Video+Personality,ordinal severity prediction,WavLM audio + ResNet video + personality TF-IDF early fusion Logistic,ordinal_prediction,personality_extraversion_bin,low,Macro-F1,0.40003477891932937,0.05992312693381033,,,5,50.0,50.0,not_computed_default_lightweight
mpdd_avp_severity_early_fusion_phase3,MPDD-AVG-2026,Audio+Video+Personality,ordinal severity prediction,WavLM audio + ResNet video + personality TF-IDF early fusion Logistic,ordinal_prediction,personality_extraversion_bin,low,Mean Confidence,0.8805128965460922,0.018003393609848546,,,5,50.0,50.0,not_computed_default_lightweight
mpdd_avp_severity_early_fusion_phase3,MPDD-AVG-2026,Audio+Video+Personality,ordinal severity prediction,WavLM audio + ResNet video + personality TF-IDF early fusion Logistic,ordinal_prediction,personality_extraversion_bin,low,Ordinal MAE,0.604,0.04963869458396342,,,5,50.0,50.0,not_computed_default_lightweight
mpdd_avp_severity_early_fusion_phase3,MPDD-AVG-2026,Audio+Video+Personality,ordinal severity prediction,WavLM audio + ResNet video + personality TF-IDF early fusion Logistic,ordinal_prediction,personality_extraversion_bin,low,Prediction Bias,-0.20400000000000001,0.029393876913398138,,,5,50.0,50.0,not_computed_default_lightweight
mpdd_avp_severity_early_fusion_phase3,MPDD-AVG-2026,Audio+Video+Personality,ordinal severity prediction,WavLM audio + ResNet video + personality TF-IDF early fusion Logistic,ordinal_prediction,personality_extraversion_bin,low,QWK,0.11983286202675894,0.08519900241560757,,,5,50.0,50.0,not_computed_default_lightweight
mpdd_avp_severity_early_fusion_phase3,MPDD-AVG-2026,Audio+Video+Personality,ordinal severity prediction,WavLM audio + ResNet video + personality TF-IDF early fusion Logistic,ordinal_prediction,personality_extraversion_bin,low,True Label Probability,0.46288585800639376,0.03227362468820563,,,5,50.0,50.0,not_computed_default_lightweight
mpdd_avp_severity_early_fusion_phase3,MPDD-AVG-2026,Audio+Video+Personality,ordinal severity prediction,WavLM audio + ResNet video + personality TF-IDF early fusion Logistic,ordinal_prediction,personality_extraversion_bin,mid,Accuracy,0.5469387755102041,0.04162464909055334,,,5,49.0,49.0,not_computed_default_lightweight
mpdd_avp_severity_early_fusion_phase3,MPDD-AVG-2026,Audio+Video+Personality,ordinal severity prediction,WavLM audio + ResNet video + personality TF-IDF early fusion Logistic,ordinal_prediction,personality_extraversion_bin,mid,Brier Score,0.7631822145340106,0.08376001680412684,,,5,49.0,49.0,not_computed_default_lightweight
mpdd_avp_severity_early_fusion_phase3,MPDD-AVG-2026,Audio+Video+Personality,ordinal severity prediction,WavLM audio + ResNet video + personality TF-IDF early fusion Logistic,ordinal_prediction,personality_extraversion_bin,mid,Calibration Gap,0.3073187293519648,0.04702589325868135,,,5,49.0,49.0,not_computed_default_lightweight
mpdd_avp_severity_early_fusion_phase3,MPDD-AVG-2026,Audio+Video+Personality,ordinal severity prediction,WavLM audio + ResNet video + personality TF-IDF early fusion Logistic,ordinal_prediction,personality_extraversion_bin,mid,ECE,0.33413426846513405,0.059071294339762014,,,5,49.0,49.0,not_computed_default_lightweight
mpdd_avp_severity_early_fusion_phase3,MPDD-AVG-2026,Audio+Video+Personality,ordinal severity prediction,WavLM audio + ResNet video + personality TF-IDF early fusion Logistic,ordinal_prediction,personality_extraversion_bin,mid,Macro-F1,0.41233669161830083,0.06599463954137483,,,5,49.0,49.0,not_computed_default_lightweight
mpdd_avp_severity_early_fusion_phase3,MPDD-AVG-2026,Audio+Video+Personality,ordinal severity prediction,WavLM audio + ResNet video + personality TF-IDF early fusion Logistic,ordinal_prediction,personality_extraversion_bin,mid,Mean Confidence,0.8542575048621689,0.009303109052400773,,,5,49.0,49.0,not_computed_default_lightweight
mpdd_avp_severity_early_fusion_phase3,MPDD-AVG-2026,Audio+Video+Personality,ordinal severity prediction,WavLM audio + ResNet video + personality TF-IDF early fusion Logistic,ordinal_prediction,personality_extraversion_bin,mid,Ordinal MAE,0.49387755102040815,0.047248313888939686,,,5,49.0,49.0,not_computed_default_lightweight
mpdd_avp_severity_early_fusion_phase3,MPDD-AVG-2026,Audio+Video+Personality,ordinal severity prediction,WavLM audio + ResNet video + personality TF-IDF early fusion Logistic,ordinal_prediction,personality_extraversion_bin,mid,Prediction Bias,0.012244897959183676,0.08998125585734124,,,5,49.0,49.0,not_computed_default_lightweight
mpdd_avp_severity_early_fusion_phase3,MPDD-AVG-2026,Audio+Video+Personality,ordinal severity prediction,WavLM audio + ResNet video + personality TF-IDF early fusion Logistic,ordinal_prediction,personality_extraversion_bin,mid,QWK,0.2002412794343546,0.07582111687171189,,,5,49.0,49.0,not_computed_default_lightweight
mpdd_avp_severity_early_fusion_phase3,MPDD-AVG-2026,Audio+Video+Personality,ordinal severity prediction,WavLM audio + ResNet video + personality TF-IDF early fusion Logistic,ordinal_prediction,personality_extraversion_bin,mid,True Label Probability,0.5150716085334394,0.03914738331529108,,,5,49.0,49.0,not_computed_default_lightweight
mpdd_avp_severity_early_fusion_phase3,MPDD-AVG-2026,Audio+Video+Personality,ordinal severity prediction,WavLM audio + ResNet video + personality TF-IDF early fusion Logistic,ordinal_prediction,personality_extraversion_bin,unknown,Accuracy,0.508,0.032496153618543855,,,5,50.0,50.0,not_computed_default_lightweight
mpdd_avp_severity_early_fusion_phase3,MPDD-AVG-2026,Audio+Video+Personality,ordinal severity prediction,WavLM audio + ResNet video + personality TF-IDF early fusion Logistic,ordinal_prediction,personality_extraversion_bin,unknown,Brier Score,0.7998348627954494,0.05063219269887176,,,5,50.0,50.0,not_computed_default_lightweight
mpdd_avp_severity_early_fusion_phase3,MPDD-AVG-2026,Audio+Video+Personality,ordinal severity prediction,WavLM audio + ResNet video + personality TF-IDF early fusion Logistic,ordinal_prediction,personality_extraversion_bin,unknown,Calibration Gap,0.354000851110033,0.03626917897747107,,,5,50.0,50.0,not_computed_default_lightweight
mpdd_avp_severity_early_fusion_phase3,MPDD-AVG-2026,Audio+Video+Personality,ordinal severity prediction,WavLM audio + ResNet video + personality TF-IDF early fusion Logistic,ordinal_prediction,personality_extraversion_bin,unknown,ECE,0.3556668250931857,0.03635354336196418,,,5,50.0,50.0,not_computed_default_lightweight
mpdd_avp_severity_early_fusion_phase3,MPDD-AVG-2026,Audio+Video+Personality,ordinal severity prediction,WavLM audio + ResNet video + personality TF-IDF early fusion Logistic,ordinal_prediction,personality_extraversion_bin,unknown,Macro-F1,0.3098064319809223,0.04230675532519219,,,5,50.0,50.0,not_computed_default_lightweight
mpdd_avp_severity_early_fusion_phase3,MPDD-AVG-2026,Audio+Video+Personality,ordinal severity prediction,WavLM audio + ResNet video + personality TF-IDF early fusion Logistic,ordinal_prediction,personality_extraversion_bin,unknown,Mean Confidence,0.862000851110033,0.011126570458367579,,,5,50.0,50.0,not_computed_default_lightweight
mpdd_avp_severity_early_fusion_phase3,MPDD-AVG-2026,Audio+Video+Personality,ordinal severity prediction,WavLM audio + ResNet video + personality TF-IDF early fusion Logistic,ordinal_prediction,personality_extraversion_bin,unknown,Ordinal MAE,0.692,0.0530659966456864,,,5,50.0,50.0,not_computed_default_lightweight
mpdd_avp_severity_early_fusion_phase3,MPDD-AVG-2026,Audio+Video+Personality,ordinal severity prediction,WavLM audio + ResNet video + personality TF-IDF early fusion Logistic,ordinal_prediction,personality_extraversion_bin,unknown,Prediction Bias,-0.268,0.0466476151587624,,,5,50.0,50.0,not_computed_default_lightweight
mpdd_avp_severity_early_fusion_phase3,MPDD-AVG-2026,Audio+Video+Personality,ordinal severity prediction,WavLM audio + ResNet video + personality TF-IDF early fusion Logistic,ordinal_prediction,personality_extraversion_bin,unknown,QWK,-0.07872904255441493,0.10749750897304183,,,5,50.0,50.0,not_computed_default_lightweight
mpdd_avp_severity_early_fusion_phase3,MPDD-AVG-2026,Audio+Video+Personality,ordinal severity prediction,WavLM audio + ResNet video + personality TF-IDF early fusion Logistic,ordinal_prediction,personality_extraversion_bin,unknown,True Label Probability,0.5017770843266367,0.026339785152179912,,,5,50.0,50.0,not_computed_default_lightweight
mpdd_avp_severity_early_fusion_phase3,MPDD-AVG-2026,Audio+Video+Personality,ordinal severity prediction,WavLM audio + ResNet video + personality TF-IDF early fusion Logistic,ordinal_prediction,personality_neuroticism_bin,high,Accuracy,0.3619047619047619,0.03809523809523809,,,5,21.0,21.0,not_computed_default_lightweight
mpdd_avp_severity_early_fusion_phase3,MPDD-AVG-2026,Audio+Video+Personality,ordinal severity prediction,WavLM audio + ResNet video + personality TF-IDF early fusion Logistic,ordinal_prediction,personality_neuroticism_bin,high,Brier Score,1.0898120121826305,0.06137658136647584,,,5,21.0,21.0,not_computed_default_lightweight
mpdd_avp_severity_early_fusion_phase3,MPDD-AVG-2026,Audio+Video+Personality,ordinal severity prediction,WavLM audio + ResNet video + personality TF-IDF early fusion Logistic,ordinal_prediction,personality_neuroticism_bin,high,Calibration Gap,0.5105957706903516,0.038624180774797644,,,5,21.0,21.0,not_computed_default_lightweight
mpdd_avp_severity_early_fusion_phase3,MPDD-AVG-2026,Audio+Video+Personality,ordinal severity prediction,WavLM audio + ResNet video + personality TF-IDF early fusion Logistic,ordinal_prediction,personality_neuroticism_bin,high,ECE,0.5330886846558831,0.031213304737010512,,,5,21.0,21.0,not_computed_default_lightweight
mpdd_avp_severity_early_fusion_phase3,MPDD-AVG-2026,Audio+Video+Personality,ordinal severity prediction,WavLM audio + ResNet video + personality TF-IDF early fusion Logistic,ordinal_prediction,personality_neuroticism_bin,high,Macro-F1,0.2547378129117259,0.03140356473368689,,,5,21.0,21.0,not_computed_default_lightweight
mpdd_avp_severity_early_fusion_phase3,MPDD-AVG-2026,Audio+Video+Personality,ordinal severity prediction,WavLM audio + ResNet video + personality TF-IDF early fusion Logistic,ordinal_prediction,personality_neuroticism_bin,high,Mean Confidence,0.8725005325951134,0.027913276756511608,,,5,21.0,21.0,not_computed_default_lightweight
mpdd_avp_severity_early_fusion_phase3,MPDD-AVG-2026,Audio+Video+Personality,ordinal severity prediction,WavLM audio + ResNet video + personality TF-IDF early fusion Logistic,ordinal_prediction,personality_neuroticism_bin,high,Ordinal MAE,0.8095238095238095,0.04259177099999599,,,5,21.0,21.0,not_computed_default_lightweight
mpdd_avp_severity_early_fusion_phase3,MPDD-AVG-2026,Audio+Video+Personality,ordinal severity prediction,WavLM audio + ResNet video + personality TF-IDF early fusion Logistic,ordinal_prediction,personality_neuroticism_bin,high,Prediction Bias,-0.5047619047619047,0.07126966450997983,,,5,21.0,21.0,not_computed_default_lightweight
mpdd_avp_severity_early_fusion_phase3,MPDD-AVG-2026,Audio+Video+Personality,ordinal severity prediction,WavLM audio + ResNet video + personality TF-IDF early fusion Logistic,ordinal_prediction,personality_neuroticism_bin,high,QWK,-0.07127835731263003,0.08705357932268441,,,5,21.0,21.0,not_computed_default_lightweight
mpdd_avp_severity_early_fusion_phase3,MPDD-AVG-2026,Audio+Video+Personality,ordinal severity prediction,WavLM audio + ResNet video + personality TF-IDF early fusion Logistic,ordinal_prediction,personality_neuroticism_bin,high,True Label Probability,0.3669009942486797,0.025527584664083364,,,5,21.0,21.0,not_computed_default_lightweight
mpdd_avp_severity_early_fusion_phase3,MPDD-AVG-2026,Audio+Video+Personality,ordinal severity prediction,WavLM audio + ResNet video + personality TF-IDF early fusion Logistic,ordinal_prediction,personality_neuroticism_bin,low,Accuracy,0.4741935483870968,0.012903225806451623,,,5,62.0,62.0,not_computed_default_lightweight
mpdd_avp_severity_early_fusion_phase3,MPDD-AVG-2026,Audio+Video+Personality,ordinal severity prediction,WavLM audio + ResNet video + personality TF-IDF early fusion Logistic,ordinal_prediction,personality_neuroticism_bin,low,Brier Score,0.8886081971494691,0.03719242357270805,,,5,62.0,62.0,not_computed_default_lightweight
mpdd_avp_severity_early_fusion_phase3,MPDD-AVG-2026,Audio+Video+Personality,ordinal severity prediction,WavLM audio + ResNet video + personality TF-IDF early fusion Logistic,ordinal_prediction,personality_neuroticism_bin,low,Calibration Gap,0.382608404114073,0.013717387735420758,,,5,62.0,62.0,not_computed_default_lightweight
mpdd_avp_severity_early_fusion_phase3,MPDD-AVG-2026,Audio+Video+Personality,ordinal severity prediction,WavLM audio + ResNet video + personality TF-IDF early fusion Logistic,ordinal_prediction,personality_neuroticism_bin,low,ECE,0.39986606827875226,0.016626638969394352,,,5,62.0,62.0,not_computed_default_lightweight
mpdd_avp_severity_early_fusion_phase3,MPDD-AVG-2026,Audio+Video+Personality,ordinal severity prediction,WavLM audio + ResNet video + personality TF-IDF early fusion Logistic,ordinal_prediction,personality_neuroticism_bin,low,Macro-F1,0.3681000233370974,0.07957274282669032,,,5,62.0,62.0,not_computed_default_lightweight
mpdd_avp_severity_early_fusion_phase3,MPDD-AVG-2026,Audio+Video+Personality,ordinal severity prediction,WavLM audio + ResNet video + personality TF-IDF early fusion Logistic,ordinal_prediction,personality_neuroticism_bin,low,Mean Confidence,0.8568019525011698,0.010883469978429936,,,5,62.0,62.0,not_computed_default_lightweight
mpdd_avp_severity_early_fusion_phase3,MPDD-AVG-2026,Audio+Video+Personality,ordinal severity prediction,WavLM audio + ResNet video + personality TF-IDF early fusion Logistic,ordinal_prediction,personality_neuroticism_bin,low,Ordinal MAE,0.5967741935483871,0.026989033114002452,,,5,62.0,62.0,not_computed_default_lightweight
mpdd_avp_severity_early_fusion_phase3,MPDD-AVG-2026,Audio+Video+Personality,ordinal severity prediction,WavLM audio + ResNet video + personality TF-IDF early fusion Logistic,ordinal_prediction,personality_neuroticism_bin,low,Prediction Bias,0.016129032258064516,0.05100447838981257,,,5,62.0,62.0,not_computed_default_lightweight
mpdd_avp_severity_early_fusion_phase3,MPDD-AVG-2026,Audio+Video+Personality,ordinal severity prediction,WavLM audio + ResNet video + personality TF-IDF early fusion Logistic,ordinal_prediction,personality_neuroticism_bin,low,QWK,-0.08275604178204184,0.11129386338515676,,,5,62.0,62.0,not_computed_default_lightweight
mpdd_avp_severity_early_fusion_phase3,MPDD-AVG-2026,Audio+Video+Personality,ordinal severity prediction,WavLM audio + ResNet video + personality TF-IDF early fusion Logistic,ordinal_prediction,personality_neuroticism_bin,low,True Label Probability,0.4524877360762593,0.015561741787208294,,,5,62.0,62.0,not_computed_default_lightweight
mpdd_avp_severity_early_fusion_phase3,MPDD-AVG-2026,Audio+Video+Personality,ordinal severity prediction,WavLM audio + ResNet video + personality TF-IDF early fusion Logistic,ordinal_prediction,personality_neuroticism_bin,mid,Accuracy,0.5836734693877551,0.03999166926992945,,,5,49.0,49.0,not_computed_default_lightweight
mpdd_avp_severity_early_fusion_phase3,MPDD-AVG-2026,Audio+Video+Personality,ordinal severity prediction,WavLM audio + ResNet video + personality TF-IDF early fusion Logistic,ordinal_prediction,personality_neuroticism_bin,mid,Brier Score,0.7102570727456758,0.046237906161286174,,,5,49.0,49.0,not_computed_default_lightweight
mpdd_avp_severity_early_fusion_phase3,MPDD-AVG-2026,Audio+Video+Personality,ordinal severity prediction,WavLM audio + ResNet video + personality TF-IDF early fusion Logistic,ordinal_prediction,personality_neuroticism_bin,mid,Calibration Gap,0.28992827905123236,0.05115639131176188,,,5,49.0,49.0,not_computed_default_lightweight
mpdd_avp_severity_early_fusion_phase3,MPDD-AVG-2026,Audio+Video+Personality,ordinal severity prediction,WavLM audio + ResNet video + personality TF-IDF early fusion Logistic,ordinal_prediction,personality_neuroticism_bin,mid,ECE,0.30213067603471466,0.04983989236007232,,,5,49.0,49.0,not_computed_default_lightweight
mpdd_avp_severity_early_fusion_phase3,MPDD-AVG-2026,Audio+Video+Personality,ordinal severity prediction,WavLM audio + ResNet video + personality TF-IDF early fusion Logistic,ordinal_prediction,personality_neuroticism_bin,mid,Macro-F1,0.495066138495316,0.05185116984735498,,,5,49.0,49.0,not_computed_default_lightweight
mpdd_avp_severity_early_fusion_phase3,MPDD-AVG-2026,Audio+Video+Personality,ordinal severity prediction,WavLM audio + ResNet video + personality TF-IDF early fusion Logistic,ordinal_prediction,personality_neuroticism_bin,mid,Mean Confidence,0.8736017484389874,0.026780274642274896,,,5,49.0,49.0,not_computed_default_lightweight
mpdd_avp_severity_early_fusion_phase3,MPDD-AVG-2026,Audio+Video+Personality,ordinal severity prediction,WavLM audio + ResNet video + personality TF-IDF early fusion Logistic,ordinal_prediction,personality_neuroticism_bin,mid,Ordinal MAE,0.5183673469387755,0.033159340427085536,,,5,49.0,49.0,not_computed_default_lightweight
mpdd_avp_severity_early_fusion_phase3,MPDD-AVG-2026,Audio+Video+Personality,ordinal severity prediction,WavLM audio + ResNet video + personality TF-IDF early fusion Logistic,ordinal_prediction,personality_neuroticism_bin,mid,Prediction Bias,-0.19183673469387758,0.049318554994263554,,,5,49.0,49.0,not_computed_default_lightweight
mpdd_avp_severity_early_fusion_phase3,MPDD-AVG-2026,Audio+Video+Personality,ordinal severity prediction,WavLM audio + ResNet video + personality TF-IDF early fusion Logistic,ordinal_prediction,personality_neuroticism_bin,mid,QWK,0.3235894839068611,0.04712731997122695,,,5,49.0,49.0,not_computed_default_lightweight
mpdd_avp_severity_early_fusion_phase3,MPDD-AVG-2026,Audio+Video+Personality,ordinal severity prediction,WavLM audio + ResNet video + personality TF-IDF early fusion Logistic,ordinal_prediction,personality_neuroticism_bin,mid,True Label Probability,0.552906920175587,0.022097696021592773,,,5,49.0,49.0,not_computed_default_lightweight
mpdd_avp_severity_early_fusion_phase3,MPDD-AVG-2026,Audio+Video+Personality,ordinal severity prediction,WavLM audio + ResNet video + personality TF-IDF early fusion Logistic,ordinal_prediction,personality_neuroticism_bin,unknown,Accuracy,0.627906976744186,0.03602775205774343,,,5,43.0,43.0,not_computed_default_lightweight
mpdd_avp_severity_early_fusion_phase3,MPDD-AVG-2026,Audio+Video+Personality,ordinal severity prediction,WavLM audio + ResNet video + personality TF-IDF early fusion Logistic,ordinal_prediction,personality_neuroticism_bin,unknown,Brier Score,0.5843801562524176,0.05728326795991034,,,5,43.0,43.0,not_computed_default_lightweight
mpdd_avp_severity_early_fusion_phase3,MPDD-AVG-2026,Audio+Video+Personality,ordinal severity prediction,WavLM audio + ResNet video + personality TF-IDF early fusion Logistic,ordinal_prediction,personality_neuroticism_bin,unknown,Calibration Gap,0.24499234486728386,0.04020877979776201,,,5,43.0,43.0,not_computed_default_lightweight
mpdd_avp_severity_early_fusion_phase3,MPDD-AVG-2026,Audio+Video+Personality,ordinal severity prediction,WavLM audio + ResNet video + personality TF-IDF early fusion Logistic,ordinal_prediction,personality_neuroticism_bin,unknown,ECE,0.24809178648739455,0.034933718717497134,,,5,43.0,43.0,not_computed_default_lightweight
mpdd_avp_severity_early_fusion_phase3,MPDD-AVG-2026,Audio+Video+Personality,ordinal severity prediction,WavLM audio + ResNet video + personality TF-IDF early fusion Logistic,ordinal_prediction,personality_neuroticism_bin,unknown,Macro-F1,0.3351799736698771,0.04877390888401571,,,5,43.0,43.0,not_computed_default_lightweight
mpdd_avp_severity_early_fusion_phase3,MPDD-AVG-2026,Audio+Video+Personality,ordinal severity prediction,WavLM audio + ResNet video + personality TF-IDF early fusion Logistic,ordinal_prediction,personality_neuroticism_bin,unknown,Mean Confidence,0.8728993216114699,0.015303904647588356,,,5,43.0,43.0,not_computed_default_lightweight
mpdd_avp_severity_early_fusion_phase3,MPDD-AVG-2026,Audio+Video+Personality,ordinal severity prediction,WavLM audio + ResNet video + personality TF-IDF early fusion Logistic,ordinal_prediction,personality_neuroticism_bin,unknown,Ordinal MAE,0.48372093023255813,0.05771941230693421,,,5,43.0,43.0,not_computed_default_lightweight
mpdd_avp_severity_early_fusion_phase3,MPDD-AVG-2026,Audio+Video+Personality,ordinal severity prediction,WavLM audio + ResNet video + personality TF-IDF early fusion Logistic,ordinal_prediction,personality_neuroticism_bin,unknown,Prediction Bias,-0.0930232558139535,0.02547546779093796,,,5,43.0,43.0,not_computed_default_lightweight
mpdd_avp_severity_early_fusion_phase3,MPDD-AVG-2026,Audio+Video+Personality,ordinal severity prediction,WavLM audio + ResNet video + personality TF-IDF early fusion Logistic,ordinal_prediction,personality_neuroticism_bin,unknown,QWK,0.006127441078704265,0.17252474374461746,,,5,43.0,43.0,not_computed_default_lightweight
mpdd_avp_severity_early_fusion_phase3,MPDD-AVG-2026,Audio+Video+Personality,ordinal severity prediction,WavLM audio + ResNet video + personality TF-IDF early fusion Logistic,ordinal_prediction,personality_neuroticism_bin,unknown,True Label Probability,0.6176459035710735,0.027016186070461117,,,5,43.0,43.0,not_computed_default_lightweight
mpdd_avp_severity_early_fusion_phase3,MPDD-AVG-2026,Audio+Video+Personality,ordinal severity prediction,WavLM audio + ResNet video + personality TF-IDF early fusion Logistic,ordinal_prediction,personality_openness_bin,high,Accuracy,0.52,0.025298221281347056,,,5,25.0,25.0,not_computed_default_lightweight
mpdd_avp_severity_early_fusion_phase3,MPDD-AVG-2026,Audio+Video+Personality,ordinal severity prediction,WavLM audio + ResNet video + personality TF-IDF early fusion Logistic,ordinal_prediction,personality_openness_bin,high,Brier Score,0.8382006725465455,0.041703206701013476,,,5,25.0,25.0,not_computed_default_lightweight
mpdd_avp_severity_early_fusion_phase3,MPDD-AVG-2026,Audio+Video+Personality,ordinal severity prediction,WavLM audio + ResNet video + personality TF-IDF early fusion Logistic,ordinal_prediction,personality_openness_bin,high,Calibration Gap,0.3942721220401467,0.038622101529414934,,,5,25.0,25.0,not_computed_default_lightweight
mpdd_avp_severity_early_fusion_phase3,MPDD-AVG-2026,Audio+Video+Personality,ordinal severity prediction,WavLM audio + ResNet video + personality TF-IDF early fusion Logistic,ordinal_prediction,personality_openness_bin,high,ECE,0.40269011704640195,0.0349428524800969,,,5,25.0,25.0,not_computed_default_lightweight
mpdd_avp_severity_early_fusion_phase3,MPDD-AVG-2026,Audio+Video+Personality,ordinal severity prediction,WavLM audio + ResNet video + personality TF-IDF early fusion Logistic,ordinal_prediction,personality_openness_bin,high,Macro-F1,0.4247450697450697,0.036650533187637405,,,5,25.0,25.0,not_computed_default_lightweight
mpdd_avp_severity_early_fusion_phase3,MPDD-AVG-2026,Audio+Video+Personality,ordinal severity prediction,WavLM audio + ResNet video + personality TF-IDF early fusion Logistic,ordinal_prediction,personality_openness_bin,high,Mean Confidence,0.9142721220401467,0.021292417598152074,,,5,25.0,25.0,not_computed_default_lightweight
mpdd_avp_severity_early_fusion_phase3,MPDD-AVG-2026,Audio+Video+Personality,ordinal severity prediction,WavLM audio + ResNet video + personality TF-IDF early fusion Logistic,ordinal_prediction,personality_openness_bin,high,Ordinal MAE,0.5920000000000001,0.046647615158762396,,,5,25.0,25.0,not_computed_default_lightweight
mpdd_avp_severity_early_fusion_phase3,MPDD-AVG-2026,Audio+Video+Personality,ordinal severity prediction,WavLM audio + ResNet video + personality TF-IDF early fusion Logistic,ordinal_prediction,personality_openness_bin,high,Prediction Bias,-0.33599999999999997,0.07418894796396563,,,5,25.0,25.0,not_computed_default_lightweight
mpdd_avp_severity_early_fusion_phase3,MPDD-AVG-2026,Audio+Video+Personality,ordinal severity prediction,WavLM audio + ResNet video + personality TF-IDF early fusion Logistic,ordinal_prediction,personality_openness_bin,high,QWK,0.27878748842191736,0.08480049486794704,,,5,25.0,25.0,not_computed_default_lightweight
mpdd_avp_severity_early_fusion_phase3,MPDD-AVG-2026,Audio+Video+Personality,ordinal severity prediction,WavLM audio + ResNet video + personality TF-IDF early fusion Logistic,ordinal_prediction,personality_openness_bin,high,True Label Probability,0.51565504065282,0.010342901338813663,,,5,25.0,25.0,not_computed_default_lightweight
mpdd_avp_severity_early_fusion_phase3,MPDD-AVG-2026,Audio+Video+Personality,ordinal severity prediction,WavLM audio + ResNet video + personality TF-IDF early fusion Logistic,ordinal_prediction,personality_openness_bin,low,Accuracy,0.4714285714285714,0.023904572186687883,,,5,70.0,70.0,not_computed_default_lightweight
mpdd_avp_severity_early_fusion_phase3,MPDD-AVG-2026,Audio+Video+Personality,ordinal severity prediction,WavLM audio + ResNet video + personality TF-IDF early fusion Logistic,ordinal_prediction,personality_openness_bin,low,Brier Score,0.9043119903397929,0.0409522550845358,,,5,70.0,70.0,not_computed_default_lightweight
mpdd_avp_severity_early_fusion_phase3,MPDD-AVG-2026,Audio+Video+Personality,ordinal severity prediction,WavLM audio + ResNet video + personality TF-IDF early fusion Logistic,ordinal_prediction,personality_openness_bin,low,Calibration Gap,0.3917243418033364,0.029802564992458775,,,5,70.0,70.0,not_computed_default_lightweight
mpdd_avp_severity_early_fusion_phase3,MPDD-AVG-2026,Audio+Video+Personality,ordinal severity prediction,WavLM audio + ResNet video + personality TF-IDF early fusion Logistic,ordinal_prediction,personality_openness_bin,low,ECE,0.4002734567365326,0.0209140187097182,,,5,70.0,70.0,not_computed_default_lightweight
mpdd_avp_severity_early_fusion_phase3,MPDD-AVG-2026,Audio+Video+Personality,ordinal severity prediction,WavLM audio + ResNet video + personality TF-IDF early fusion Logistic,ordinal_prediction,personality_openness_bin,low,Macro-F1,0.3737954957357993,0.034309389176600195,,,5,70.0,70.0,not_computed_default_lightweight
mpdd_avp_severity_early_fusion_phase3,MPDD-AVG-2026,Audio+Video+Personality,ordinal severity prediction,WavLM audio + ResNet video + personality TF-IDF early fusion Logistic,ordinal_prediction,personality_openness_bin,low,Mean Confidence,0.8631529132319077,0.010505355163150142,,,5,70.0,70.0,not_computed_default_lightweight
mpdd_avp_severity_early_fusion_phase3,MPDD-AVG-2026,Audio+Video+Personality,ordinal severity prediction,WavLM audio + ResNet video + personality TF-IDF early fusion Logistic,ordinal_prediction,personality_openness_bin,low,Ordinal MAE,0.6485714285714286,0.02649605284427342,,,5,70.0,70.0,not_computed_default_lightweight
mpdd_avp_severity_early_fusion_phase3,MPDD-AVG-2026,Audio+Video+Personality,ordinal severity prediction,WavLM audio + ResNet video + personality TF-IDF early fusion Logistic,ordinal_prediction,personality_openness_bin,low,Prediction Bias,-0.1514285714285714,0.04295227536677973,,,5,70.0,70.0,not_computed_default_lightweight
mpdd_avp_severity_early_fusion_phase3,MPDD-AVG-2026,Audio+Video+Personality,ordinal severity prediction,WavLM audio + ResNet video + personality TF-IDF early fusion Logistic,ordinal_prediction,personality_openness_bin,low,QWK,0.017249870600581273,0.06853082208704808,,,5,70.0,70.0,not_computed_default_lightweight
mpdd_avp_severity_early_fusion_phase3,MPDD-AVG-2026,Audio+Video+Personality,ordinal severity prediction,WavLM audio + ResNet video + personality TF-IDF early fusion Logistic,ordinal_prediction,personality_openness_bin,low,True Label Probability,0.4500495983503504,0.020838928056777745,,,5,70.0,70.0,not_computed_default_lightweight
mpdd_avp_severity_early_fusion_phase3,MPDD-AVG-2026,Audio+Video+Personality,ordinal severity prediction,WavLM audio + ResNet video + personality TF-IDF early fusion Logistic,ordinal_prediction,personality_openness_bin,mid,Accuracy,0.6111111111111112,0.0304290309725092,,,5,36.0,36.0,not_computed_default_lightweight
mpdd_avp_severity_early_fusion_phase3,MPDD-AVG-2026,Audio+Video+Personality,ordinal severity prediction,WavLM audio + ResNet video + personality TF-IDF early fusion Logistic,ordinal_prediction,personality_openness_bin,mid,Brier Score,0.6482178434658629,0.03537036961314416,,,5,36.0,36.0,not_computed_default_lightweight
mpdd_avp_severity_early_fusion_phase3,MPDD-AVG-2026,Audio+Video+Personality,ordinal severity prediction,WavLM audio + ResNet video + personality TF-IDF early fusion Logistic,ordinal_prediction,personality_openness_bin,mid,Calibration Gap,0.234697853608795,0.03099141550346087,,,5,36.0,36.0,not_computed_default_lightweight
mpdd_avp_severity_early_fusion_phase3,MPDD-AVG-2026,Audio+Video+Personality,ordinal severity prediction,WavLM audio + ResNet video + personality TF-IDF early fusion Logistic,ordinal_prediction,personality_openness_bin,mid,ECE,0.28511324600310367,0.028182836490111572,,,5,36.0,36.0,not_computed_default_lightweight
mpdd_avp_severity_early_fusion_phase3,MPDD-AVG-2026,Audio+Video+Personality,ordinal severity prediction,WavLM audio + ResNet video + personality TF-IDF early fusion Logistic,ordinal_prediction,personality_openness_bin,mid,Macro-F1,0.3795473165410587,0.03239211887829314,,,5,36.0,36.0,not_computed_default_lightweight
mpdd_avp_severity_early_fusion_phase3,MPDD-AVG-2026,Audio+Video+Personality,ordinal severity prediction,WavLM audio + ResNet video + personality TF-IDF early fusion Logistic,ordinal_prediction,personality_openness_bin,mid,Mean Confidence,0.8458089647199062,0.014858372826002041,,,5,36.0,36.0,not_computed_default_lightweight
mpdd_avp_severity_early_fusion_phase3,MPDD-AVG-2026,Audio+Video+Personality,ordinal severity prediction,WavLM audio + ResNet video + personality TF-IDF early fusion Logistic,ordinal_prediction,personality_openness_bin,mid,Ordinal MAE,0.4333333333333333,0.05152010275275391,,,5,36.0,36.0,not_computed_default_lightweight
mpdd_avp_severity_early_fusion_phase3,MPDD-AVG-2026,Audio+Video+Personality,ordinal severity prediction,WavLM audio + ResNet video + personality TF-IDF early fusion Logistic,ordinal_prediction,personality_openness_bin,mid,Prediction Bias,0.0,0.017568209223157664,,,5,36.0,36.0,not_computed_default_lightweight
mpdd_avp_severity_early_fusion_phase3,MPDD-AVG-2026,Audio+Video+Personality,ordinal severity prediction,WavLM audio + ResNet video + personality TF-IDF early fusion Logistic,ordinal_prediction,personality_openness_bin,mid,QWK,0.24362394813976307,0.09711392778240203,,,5,36.0,36.0,not_computed_default_lightweight
mpdd_avp_severity_early_fusion_phase3,MPDD-AVG-2026,Audio+Video+Personality,ordinal severity prediction,WavLM audio + ResNet video + personality TF-IDF early fusion Logistic,ordinal_prediction,personality_openness_bin,mid,True Label Probability,0.5648803471275582,0.01624703268137251,,,5,36.0,36.0,not_computed_default_lightweight
mpdd_avp_severity_early_fusion_phase3,MPDD-AVG-2026,Audio+Video+Personality,ordinal severity prediction,WavLM audio + ResNet video + personality TF-IDF early fusion Logistic,ordinal_prediction,personality_openness_bin,unknown,Accuracy,0.5590909090909091,0.03692744729379984,,,5,44.0,44.0,not_computed_default_lightweight
mpdd_avp_severity_early_fusion_phase3,MPDD-AVG-2026,Audio+Video+Personality,ordinal severity prediction,WavLM audio + ResNet video + personality TF-IDF early fusion Logistic,ordinal_prediction,personality_openness_bin,unknown,Brier Score,0.689045574097141,0.055547434197779015,,,5,44.0,44.0,not_computed_default_lightweight
mpdd_avp_severity_early_fusion_phase3,MPDD-AVG-2026,Audio+Video+Personality,ordinal severity prediction,WavLM audio + ResNet video + personality TF-IDF early fusion Logistic,ordinal_prediction,personality_openness_bin,unknown,Calibration Gap,0.3058808871640833,0.039794480748868474,,,5,44.0,44.0,not_computed_default_lightweight
mpdd_avp_severity_early_fusion_phase3,MPDD-AVG-2026,Audio+Video+Personality,ordinal severity prediction,WavLM audio + ResNet video + personality TF-IDF early fusion Logistic,ordinal_prediction,personality_openness_bin,unknown,ECE,0.3063797741662246,0.03905978509384844,,,5,44.0,44.0,not_computed_default_lightweight
mpdd_avp_severity_early_fusion_phase3,MPDD-AVG-2026,Audio+Video+Personality,ordinal severity prediction,WavLM audio + ResNet video + personality TF-IDF early fusion Logistic,ordinal_prediction,personality_openness_bin,unknown,Macro-F1,0.3090334689676795,0.042637195703741464,,,5,44.0,44.0,not_computed_default_lightweight
mpdd_avp_severity_early_fusion_phase3,MPDD-AVG-2026,Audio+Video+Personality,ordinal severity prediction,WavLM audio + ResNet video + personality TF-IDF early fusion Logistic,ordinal_prediction,personality_openness_bin,unknown,Mean Confidence,0.8649717962549923,0.014476984305782129,,,5,44.0,44.0,not_computed_default_lightweight
mpdd_avp_severity_early_fusion_phase3,MPDD-AVG-2026,Audio+Video+Personality,ordinal severity prediction,WavLM audio + ResNet video + personality TF-IDF early fusion Logistic,ordinal_prediction,personality_openness_bin,unknown,Ordinal MAE,0.5545454545454545,0.04679831882266819,,,5,44.0,44.0,not_computed_default_lightweight
mpdd_avp_severity_early_fusion_phase3,MPDD-AVG-2026,Audio+Video+Personality,ordinal severity prediction,WavLM audio + ResNet video + personality TF-IDF early fusion Logistic,ordinal_prediction,personality_openness_bin,unknown,Prediction Bias,-0.09090909090909091,0.024896479886598457,,,5,44.0,44.0,not_computed_default_lightweight
mpdd_avp_severity_early_fusion_phase3,MPDD-AVG-2026,Audio+Video+Personality,ordinal severity prediction,WavLM audio + ResNet video + personality TF-IDF early fusion Logistic,ordinal_prediction,personality_openness_bin,unknown,QWK,-0.056850369385390585,0.1446124342463549,,,5,44.0,44.0,not_computed_default_lightweight
mpdd_avp_severity_early_fusion_phase3,MPDD-AVG-2026,Audio+Video+Personality,ordinal severity prediction,WavLM audio + ResNet video + personality TF-IDF early fusion Logistic,ordinal_prediction,personality_openness_bin,unknown,True Label Probability,0.5609052968334808,0.024936739402993166,,,5,44.0,44.0,not_computed_default_lightweight
mpdd_avp_severity_early_fusion_phase3,MPDD-AVG-2026,Audio+Video+Personality,ordinal severity prediction,WavLM audio + ResNet video + personality TF-IDF early fusion Logistic,ordinal_prediction,true_severity,0,Accuracy,0.701923076923077,0.02192645048267574,0.6382692307692308,0.7873557692307693,5,104.0,104.0,seed_group_subject_bootstrap
mpdd_avp_severity_early_fusion_phase3,MPDD-AVG-2026,Audio+Video+Personality,ordinal severity prediction,WavLM audio + ResNet video + personality TF-IDF early fusion Logistic,ordinal_prediction,true_severity,0,Brier Score,0.4771640746002864,0.038382916963884205,,,5,104.0,104.0,not_computed_default_lightweight
mpdd_avp_severity_early_fusion_phase3,MPDD-AVG-2026,Audio+Video+Personality,ordinal severity prediction,WavLM audio + ResNet video + personality TF-IDF early fusion Logistic,ordinal_prediction,true_severity,0,Calibration Gap,0.17625686413843816,0.02470873924510824,,,5,104.0,104.0,not_computed_default_lightweight
mpdd_avp_severity_early_fusion_phase3,MPDD-AVG-2026,Audio+Video+Personality,ordinal severity prediction,WavLM audio + ResNet video + personality TF-IDF early fusion Logistic,ordinal_prediction,true_severity,0,ECE,0.1867520156929652,0.014435323258754563,0.15923543243851998,0.2521584075578419,5,104.0,104.0,seed_group_subject_bootstrap
mpdd_avp_severity_early_fusion_phase3,MPDD-AVG-2026,Audio+Video+Personality,ordinal severity prediction,WavLM audio + ResNet video + personality TF-IDF early fusion Logistic,ordinal_prediction,true_severity,0,Macro-F1,0.2748885576318688,0.004995908646212647,0.25964844265464715,0.29363466422746626,5,104.0,104.0,seed_group_subject_bootstrap
mpdd_avp_severity_early_fusion_phase3,MPDD-AVG-2026,Audio+Video+Personality,ordinal severity prediction,WavLM audio + ResNet video + personality TF-IDF early fusion Logistic,ordinal_prediction,true_severity,0,Mean Confidence,0.8781799410615152,0.011648182127528335,,,5,104.0,104.0,not_computed_default_lightweight
mpdd_avp_severity_early_fusion_phase3,MPDD-AVG-2026,Audio+Video+Personality,ordinal severity prediction,WavLM audio + ResNet video + personality TF-IDF early fusion Logistic,ordinal_prediction,true_severity,0,Ordinal MAE,0.3538461538461538,0.0260858845504818,0.2769711538461538,0.42302884615384617,5,104.0,104.0,seed_group_subject_bootstrap
mpdd_avp_severity_early_fusion_phase3,MPDD-AVG-2026,Audio+Video+Personality,ordinal severity prediction,WavLM audio + ResNet video + personality TF-IDF early fusion Logistic,ordinal_prediction,true_severity,0,Prediction Bias,0.3538461538461538,0.0260858845504818,,,5,104.0,104.0,not_computed_default_lightweight
mpdd_avp_severity_early_fusion_phase3,MPDD-AVG-2026,Audio+Video+Personality,ordinal severity prediction,WavLM audio + ResNet video + personality TF-IDF early fusion Logistic,ordinal_prediction,true_severity,0,QWK,0.0,0.0,0.0,0.0,5,104.0,104.0,seed_group_subject_bootstrap
mpdd_avp_severity_early_fusion_phase3,MPDD-AVG-2026,Audio+Video+Personality,ordinal severity prediction,WavLM audio + ResNet video + personality TF-IDF early fusion Logistic,ordinal_prediction,true_severity,0,True Label Probability,0.6731552435792618,0.017264112232286907,,,5,104.0,104.0,not_computed_default_lightweight
mpdd_avp_severity_early_fusion_phase3,MPDD-AVG-2026,Audio+Video+Personality,ordinal severity prediction,WavLM audio + ResNet video + personality TF-IDF early fusion Logistic,ordinal_prediction,true_severity,1,Accuracy,0.33599999999999997,0.034409301068170514,0.23650000000000002,0.45630000000000004,5,50.0,50.0,seed_group_subject_bootstrap
mpdd_avp_severity_early_fusion_phase3,MPDD-AVG-2026,Audio+Video+Personality,ordinal severity prediction,WavLM audio + ResNet video + personality TF-IDF early fusion Logistic,ordinal_prediction,true_severity,1,Brier Score,1.1453388118980725,0.04502610203811124,,,5,50.0,50.0,not_computed_default_lightweight
mpdd_avp_severity_early_fusion_phase3,MPDD-AVG-2026,Audio+Video+Personality,ordinal severity prediction,WavLM audio + ResNet video + personality TF-IDF early fusion Logistic,ordinal_prediction,true_severity,1,Calibration Gap,0.5274414691756268,0.040364376138696104,,,5,50.0,50.0,not_computed_default_lightweight
mpdd_avp_severity_early_fusion_phase3,MPDD-AVG-2026,Audio+Video+Personality,ordinal severity prediction,WavLM audio + ResNet video + personality TF-IDF early fusion Logistic,ordinal_prediction,true_severity,1,ECE,0.5529271991626531,0.022445294824614527,0.4557420640263084,0.652110083423875,5,50.0,50.0,seed_group_subject_bootstrap
mpdd_avp_severity_early_fusion_phase3,MPDD-AVG-2026,Audio+Video+Personality,ordinal severity prediction,WavLM audio + ResNet video + personality TF-IDF early fusion Logistic,ordinal_prediction,true_severity,1,Macro-F1,0.1673417792820778,0.012539403940973817,0.1282563228261387,0.25204202814443577,5,50.0,50.0,seed_group_subject_bootstrap
mpdd_avp_severity_early_fusion_phase3,MPDD-AVG-2026,Audio+Video+Personality,ordinal severity prediction,WavLM audio + ResNet video + personality TF-IDF early fusion Logistic,ordinal_prediction,true_severity,1,Mean Confidence,0.8634414691756268,0.013876198050528381,,,5,50.0,50.0,not_computed_default_lightweight
mpdd_avp_severity_early_fusion_phase3,MPDD-AVG-2026,Audio+Video+Personality,ordinal severity prediction,WavLM audio + ResNet video + personality TF-IDF early fusion Logistic,ordinal_prediction,true_severity,1,Ordinal MAE,0.664,0.034409301068170514,0.5486000000000001,0.7368,5,50.0,50.0,seed_group_subject_bootstrap
mpdd_avp_severity_early_fusion_phase3,MPDD-AVG-2026,Audio+Video+Personality,ordinal severity prediction,WavLM audio + ResNet video + personality TF-IDF early fusion Logistic,ordinal_prediction,true_severity,1,Prediction Bias,-0.5920000000000001,0.041182520563947986,,,5,50.0,50.0,not_computed_default_lightweight
mpdd_avp_severity_early_fusion_phase3,MPDD-AVG-2026,Audio+Video+Personality,ordinal severity prediction,WavLM audio + ResNet video + personality TF-IDF early fusion Logistic,ordinal_prediction,true_severity,1,QWK,0.0,0.0,0.0,0.0,5,50.0,50.0,seed_group_subject_bootstrap
mpdd_avp_severity_early_fusion_phase3,MPDD-AVG-2026,Audio+Video+Personality,ordinal severity prediction,WavLM audio + ResNet video + personality TF-IDF early fusion Logistic,ordinal_prediction,true_severity,1,True Label Probability,0.32864262269871164,0.018172058888981695,,,5,50.0,50.0,not_computed_default_lightweight
mpdd_avp_severity_early_fusion_phase3,MPDD-AVG-2026,Audio+Video+Personality,ordinal severity prediction,WavLM audio + ResNet video + personality TF-IDF early fusion Logistic,ordinal_prediction,true_severity,2,Accuracy,0.13333333333333333,0.05553287518900286,0.06666666666666667,0.27380952380952384,5,21.0,21.0,seed_group_subject_bootstrap
mpdd_avp_severity_early_fusion_phase3,MPDD-AVG-2026,Audio+Video+Personality,ordinal severity prediction,WavLM audio + ResNet video + personality TF-IDF early fusion Logistic,ordinal_prediction,true_severity,2,Brier Score,1.4770809242457614,0.0860568389088036,,,5,21.0,21.0,not_computed_default_lightweight
mpdd_avp_severity_early_fusion_phase3,MPDD-AVG-2026,Audio+Video+Personality,ordinal severity prediction,WavLM audio + ResNet video + personality TF-IDF early fusion Logistic,ordinal_prediction,true_severity,2,Calibration Gap,0.6896476863425989,0.07113445749661843,,,5,21.0,21.0,not_computed_default_lightweight
mpdd_avp_severity_early_fusion_phase3,MPDD-AVG-2026,Audio+Video+Personality,ordinal severity prediction,WavLM audio + ResNet video + personality TF-IDF early fusion Logistic,ordinal_prediction,true_severity,2,ECE,0.714212737293885,0.06028170356627865,0.6135270354538307,0.8382151715801063,5,21.0,21.0,seed_group_subject_bootstrap
mpdd_avp_severity_early_fusion_phase3,MPDD-AVG-2026,Audio+Video+Personality,ordinal severity prediction,WavLM audio + ResNet video + personality TF-IDF early fusion Logistic,ordinal_prediction,true_severity,2,Macro-F1,0.07698814229249011,0.029472162793462906,0.040843214756258225,0.14122213508630302,5,21.0,21.0,seed_group_subject_bootstrap
mpdd_avp_severity_early_fusion_phase3,MPDD-AVG-2026,Audio+Video+Personality,ordinal severity prediction,WavLM audio + ResNet video + personality TF-IDF early fusion Logistic,ordinal_prediction,true_severity,2,Mean Confidence,0.8229810196759322,0.030215759645559028,,,5,21.0,21.0,not_computed_default_lightweight
mpdd_avp_severity_early_fusion_phase3,MPDD-AVG-2026,Audio+Video+Personality,ordinal severity prediction,WavLM audio + ResNet video + personality TF-IDF early fusion Logistic,ordinal_prediction,true_severity,2,Ordinal MAE,1.438095238095238,0.11428571428571424,1.198095238095238,1.5754761904761905,5,21.0,21.0,seed_group_subject_bootstrap
mpdd_avp_severity_early_fusion_phase3,MPDD-AVG-2026,Audio+Video+Personality,ordinal severity prediction,WavLM audio + ResNet video + personality TF-IDF early fusion Logistic,ordinal_prediction,true_severity,2,Prediction Bias,-1.438095238095238,0.11428571428571424,,,5,21.0,21.0,not_computed_default_lightweight
mpdd_avp_severity_early_fusion_phase3,MPDD-AVG-2026,Audio+Video+Personality,ordinal severity prediction,WavLM audio + ResNet video + personality TF-IDF early fusion Logistic,ordinal_prediction,true_severity,2,QWK,0.0,0.0,0.0,0.0,5,21.0,21.0,seed_group_subject_bootstrap
mpdd_avp_severity_early_fusion_phase3,MPDD-AVG-2026,Audio+Video+Personality,ordinal severity prediction,WavLM audio + ResNet video + personality TF-IDF early fusion Logistic,ordinal_prediction,true_severity,2,True Label Probability,0.1414331900443552,0.03716034236970135,,,5,21.0,21.0,not_computed_default_lightweight
mpdd_avp_shuffled_personality_early_fusion,MPDD-AVG-2026,Audio+Video+Personality,ordinal severity prediction,WavLM audio + ResNet video + shuffled personality TF-IDF early fusion Logistic,ordinal_prediction,age_group,elder,Accuracy,0.5678160919540229,0.021318663208036107,0.5063218390804598,0.6477011494252872,5,87.0,87.0,seed_group_subject_bootstrap
mpdd_avp_shuffled_personality_early_fusion,MPDD-AVG-2026,Audio+Video+Personality,ordinal severity prediction,WavLM audio + ResNet video + shuffled personality TF-IDF early fusion Logistic,ordinal_prediction,age_group,elder,Brier Score,0.7209531317899629,0.029964730769746886,,,5,87.0,87.0,not_computed_default_lightweight
mpdd_avp_shuffled_personality_early_fusion,MPDD-AVG-2026,Audio+Video+Personality,ordinal severity prediction,WavLM audio + ResNet video + shuffled personality TF-IDF early fusion Logistic,ordinal_prediction,age_group,elder,Calibration Gap,0.3173878790235912,0.025056048873081414,,,5,87.0,87.0,not_computed_default_lightweight
mpdd_avp_shuffled_personality_early_fusion,MPDD-AVG-2026,Audio+Video+Personality,ordinal severity prediction,WavLM audio + ResNet video + shuffled personality TF-IDF early fusion Logistic,ordinal_prediction,age_group,elder,ECE,0.3208863905906318,0.02120171712004168,0.2560628863373706,0.408244035193481,5,87.0,87.0,seed_group_subject_bootstrap
mpdd_avp_shuffled_personality_early_fusion,MPDD-AVG-2026,Audio+Video+Personality,ordinal severity prediction,WavLM audio + ResNet video + shuffled personality TF-IDF early fusion Logistic,ordinal_prediction,age_group,elder,Macro-F1,0.31791188140025345,0.028056950006804336,0.2631115275436691,0.39852570286803113,5,87.0,87.0,seed_group_subject_bootstrap
mpdd_avp_shuffled_personality_early_fusion,MPDD-AVG-2026,Audio+Video+Personality,ordinal severity prediction,WavLM audio + ResNet video + shuffled personality TF-IDF early fusion Logistic,ordinal_prediction,age_group,elder,Mean Confidence,0.8852039709776143,0.008193823167443933,,,5,87.0,87.0,not_computed_default_lightweight
mpdd_avp_shuffled_personality_early_fusion,MPDD-AVG-2026,Audio+Video+Personality,ordinal severity prediction,WavLM audio + ResNet video + shuffled personality TF-IDF early fusion Logistic,ordinal_prediction,age_group,elder,Ordinal MAE,0.5724137931034482,0.029439651666357935,0.4642528735632184,0.6910919540229885,5,87.0,87.0,seed_group_subject_bootstrap
mpdd_avp_shuffled_personality_early_fusion,MPDD-AVG-2026,Audio+Video+Personality,ordinal severity prediction,WavLM audio + ResNet video + shuffled personality TF-IDF early fusion Logistic,ordinal_prediction,age_group,elder,Prediction Bias,-0.2,0.028712634475394933,,,5,87.0,87.0,not_computed_default_lightweight
mpdd_avp_shuffled_personality_early_fusion,MPDD-AVG-2026,Audio+Video+Personality,ordinal severity prediction,WavLM audio + ResNet video + shuffled personality TF-IDF early fusion Logistic,ordinal_prediction,age_group,elder,QWK,-0.04933483623761992,0.09051082070469944,-0.16918215427030692,0.0742373002316891,5,87.0,87.0,seed_group_subject_bootstrap
mpdd_avp_shuffled_personality_early_fusion,MPDD-AVG-2026,Audio+Video+Personality,ordinal severity prediction,WavLM audio + ResNet video + shuffled personality TF-IDF early fusion Logistic,ordinal_prediction,age_group,elder,True Label Probability,0.556488608159678,0.012690761973264983,,,5,87.0,87.0,not_computed_default_lightweight
mpdd_avp_shuffled_personality_early_fusion,MPDD-AVG-2026,Audio+Video+Personality,ordinal severity prediction,WavLM audio + ResNet video + shuffled personality TF-IDF early fusion Logistic,ordinal_prediction,age_group,young,Accuracy,0.4909090909090909,0.020829889522526547,0.3855681818181818,0.5711363636363636,5,88.0,88.0,seed_group_subject_bootstrap
mpdd_avp_shuffled_personality_early_fusion,MPDD-AVG-2026,Audio+Video+Personality,ordinal severity prediction,WavLM audio + ResNet video + shuffled personality TF-IDF early fusion Logistic,ordinal_prediction,age_group,young,Brier Score,0.8551297542759373,0.041570578302312526,,,5,88.0,88.0,not_computed_default_lightweight
mpdd_avp_shuffled_personality_early_fusion,MPDD-AVG-2026,Audio+Video+Personality,ordinal severity prediction,WavLM audio + ResNet video + shuffled personality TF-IDF early fusion Logistic,ordinal_prediction,age_group,young,Calibration Gap,0.35883752591116497,0.027062373904209167,,,5,88.0,88.0,not_computed_default_lightweight
mpdd_avp_shuffled_personality_early_fusion,MPDD-AVG-2026,Audio+Video+Personality,ordinal severity prediction,WavLM audio + ResNet video + shuffled personality TF-IDF early fusion Logistic,ordinal_prediction,age_group,young,ECE,0.3655839218934692,0.028051084483802297,0.29342337629415477,0.4525771601250123,5,88.0,88.0,seed_group_subject_bootstrap
mpdd_avp_shuffled_personality_early_fusion,MPDD-AVG-2026,Audio+Video+Personality,ordinal severity prediction,WavLM audio + ResNet video + shuffled personality TF-IDF early fusion Logistic,ordinal_prediction,age_group,young,Macro-F1,0.42738059513518617,0.03831020734309032,0.3330957517866232,0.5088107257927234,5,88.0,88.0,seed_group_subject_bootstrap
mpdd_avp_shuffled_personality_early_fusion,MPDD-AVG-2026,Audio+Video+Personality,ordinal severity prediction,WavLM audio + ResNet video + shuffled personality TF-IDF early fusion Logistic,ordinal_prediction,age_group,young,Mean Confidence,0.8497466168202559,0.01266181172434469,,,5,88.0,88.0,not_computed_default_lightweight
mpdd_avp_shuffled_personality_early_fusion,MPDD-AVG-2026,Audio+Video+Personality,ordinal severity prediction,WavLM audio + ResNet video + shuffled personality TF-IDF early fusion Logistic,ordinal_prediction,age_group,young,Ordinal MAE,0.5704545454545455,0.02630872023361417,0.49170454545454534,0.6426136363636363,5,88.0,88.0,seed_group_subject_bootstrap
mpdd_avp_shuffled_personality_early_fusion,MPDD-AVG-2026,Audio+Video+Personality,ordinal severity prediction,WavLM audio + ResNet video + shuffled personality TF-IDF early fusion Logistic,ordinal_prediction,age_group,young,Prediction Bias,-0.061363636363636356,0.03416658267812025,,,5,88.0,88.0,not_computed_default_lightweight
mpdd_avp_shuffled_personality_early_fusion,MPDD-AVG-2026,Audio+Video+Personality,ordinal severity prediction,WavLM audio + ResNet video + shuffled personality TF-IDF early fusion Logistic,ordinal_prediction,age_group,young,QWK,0.20108830029367009,0.0657097899302396,0.07361629690331548,0.35219200403159523,5,88.0,88.0,seed_group_subject_bootstrap
mpdd_avp_shuffled_personality_early_fusion,MPDD-AVG-2026,Audio+Video+Personality,ordinal severity prediction,WavLM audio + ResNet video + shuffled personality TF-IDF early fusion Logistic,ordinal_prediction,age_group,young,True Label Probability,0.4654809743507566,0.01671958095766761,,,5,88.0,88.0,not_computed_default_lightweight
mpdd_avp_shuffled_personality_early_fusion,MPDD-AVG-2026,Audio+Video+Personality,ordinal severity prediction,WavLM audio + ResNet video + shuffled personality TF-IDF early fusion Logistic,ordinal_prediction,financial_stress_bin,high_or_severe,Accuracy,0.45714285714285713,0.05714285714285714,,,5,7.0,7.0,not_computed_default_lightweight
mpdd_avp_shuffled_personality_early_fusion,MPDD-AVG-2026,Audio+Video+Personality,ordinal severity prediction,WavLM audio + ResNet video + shuffled personality TF-IDF early fusion Logistic,ordinal_prediction,financial_stress_bin,high_or_severe,Brier Score,0.9611230607922078,0.10815822130440861,,,5,7.0,7.0,not_computed_default_lightweight
mpdd_avp_shuffled_personality_early_fusion,MPDD-AVG-2026,Audio+Video+Personality,ordinal severity prediction,WavLM audio + ResNet video + shuffled personality TF-IDF early fusion Logistic,ordinal_prediction,financial_stress_bin,high_or_severe,Calibration Gap,0.48863522005262483,0.06083489222230802,,,5,7.0,7.0,not_computed_default_lightweight
mpdd_avp_shuffled_personality_early_fusion,MPDD-AVG-2026,Audio+Video+Personality,ordinal severity prediction,WavLM audio + ResNet video + shuffled personality TF-IDF early fusion Logistic,ordinal_prediction,financial_stress_bin,high_or_severe,ECE,0.48863522005262483,0.060834892222308055,,,5,7.0,7.0,not_computed_default_lightweight
mpdd_avp_shuffled_personality_early_fusion,MPDD-AVG-2026,Audio+Video+Personality,ordinal severity prediction,WavLM audio + ResNet video + shuffled personality TF-IDF early fusion Logistic,ordinal_prediction,financial_stress_bin,high_or_severe,Macro-F1,0.24888888888888888,0.09777777777777777,,,5,7.0,7.0,not_computed_default_lightweight
mpdd_avp_shuffled_personality_early_fusion,MPDD-AVG-2026,Audio+Video+Personality,ordinal severity prediction,WavLM audio + ResNet video + shuffled personality TF-IDF early fusion Logistic,ordinal_prediction,financial_stress_bin,high_or_severe,Mean Confidence,0.945778077195482,0.0176072832001667,,,5,7.0,7.0,not_computed_default_lightweight
mpdd_avp_shuffled_personality_early_fusion,MPDD-AVG-2026,Audio+Video+Personality,ordinal severity prediction,WavLM audio + ResNet video + shuffled personality TF-IDF early fusion Logistic,ordinal_prediction,financial_stress_bin,high_or_severe,Ordinal MAE,0.8,0.11428571428571428,,,5,7.0,7.0,not_computed_default_lightweight
mpdd_avp_shuffled_personality_early_fusion,MPDD-AVG-2026,Audio+Video+Personality,ordinal severity prediction,WavLM audio + ResNet video + shuffled personality TF-IDF early fusion Logistic,ordinal_prediction,financial_stress_bin,high_or_severe,Prediction Bias,-0.8,0.11428571428571428,,,5,7.0,7.0,not_computed_default_lightweight
mpdd_avp_shuffled_personality_early_fusion,MPDD-AVG-2026,Audio+Video+Personality,ordinal severity prediction,WavLM audio + ResNet video + shuffled personality TF-IDF early fusion Logistic,ordinal_prediction,financial_stress_bin,high_or_severe,QWK,0.08648648648648649,0.17297297297297298,,,5,7.0,7.0,not_computed_default_lightweight
mpdd_avp_shuffled_personality_early_fusion,MPDD-AVG-2026,Audio+Video+Personality,ordinal severity prediction,WavLM audio + ResNet video + shuffled personality TF-IDF early fusion Logistic,ordinal_prediction,financial_stress_bin,high_or_severe,True Label Probability,0.47547381072068984,0.048312536560772924,,,5,7.0,7.0,not_computed_default_lightweight
mpdd_avp_shuffled_personality_early_fusion,MPDD-AVG-2026,Audio+Video+Personality,ordinal severity prediction,WavLM audio + ResNet video + shuffled personality TF-IDF early fusion Logistic,ordinal_prediction,financial_stress_bin,mentioned_unclear,Accuracy,0.4,0.1224744871391589,,,5,4.0,4.0,not_computed_default_lightweight
mpdd_avp_shuffled_personality_early_fusion,MPDD-AVG-2026,Audio+Video+Personality,ordinal severity prediction,WavLM audio + ResNet video + shuffled personality TF-IDF early fusion Logistic,ordinal_prediction,financial_stress_bin,mentioned_unclear,Brier Score,1.0962572363491372,0.07059990687560332,,,5,4.0,4.0,not_computed_default_lightweight
mpdd_avp_shuffled_personality_early_fusion,MPDD-AVG-2026,Audio+Video+Personality,ordinal severity prediction,WavLM audio + ResNet video + shuffled personality TF-IDF early fusion Logistic,ordinal_prediction,financial_stress_bin,mentioned_unclear,Calibration Gap,0.4995327367071857,0.12012894924197076,,,5,4.0,4.0,not_computed_default_lightweight
mpdd_avp_shuffled_personality_early_fusion,MPDD-AVG-2026,Audio+Video+Personality,ordinal severity prediction,WavLM audio + ResNet video + shuffled personality TF-IDF early fusion Logistic,ordinal_prediction,financial_stress_bin,mentioned_unclear,ECE,0.5950847710236922,0.056317705328920394,,,5,4.0,4.0,not_computed_default_lightweight
mpdd_avp_shuffled_personality_early_fusion,MPDD-AVG-2026,Audio+Video+Personality,ordinal severity prediction,WavLM audio + ResNet video + shuffled personality TF-IDF early fusion Logistic,ordinal_prediction,financial_stress_bin,mentioned_unclear,Macro-F1,0.18666666666666665,0.043546484316145384,,,5,4.0,4.0,not_computed_default_lightweight
mpdd_avp_shuffled_personality_early_fusion,MPDD-AVG-2026,Audio+Video+Personality,ordinal severity prediction,WavLM audio + ResNet video + shuffled personality TF-IDF early fusion Logistic,ordinal_prediction,financial_stress_bin,mentioned_unclear,Mean Confidence,0.8995327367071857,0.046044646872677085,,,5,4.0,4.0,not_computed_default_lightweight
mpdd_avp_shuffled_personality_early_fusion,MPDD-AVG-2026,Audio+Video+Personality,ordinal severity prediction,WavLM audio + ResNet video + shuffled personality TF-IDF early fusion Logistic,ordinal_prediction,financial_stress_bin,mentioned_unclear,Ordinal MAE,0.85,0.1224744871391589,,,5,4.0,4.0,not_computed_default_lightweight
mpdd_avp_shuffled_personality_early_fusion,MPDD-AVG-2026,Audio+Video+Personality,ordinal severity prediction,WavLM audio + ResNet video + shuffled personality TF-IDF early fusion Logistic,ordinal_prediction,financial_stress_bin,mentioned_unclear,Prediction Bias,-0.65,0.1224744871391589,,,5,4.0,4.0,not_computed_default_lightweight
mpdd_avp_shuffled_personality_early_fusion,MPDD-AVG-2026,Audio+Video+Personality,ordinal severity prediction,WavLM audio + ResNet video + shuffled personality TF-IDF early fusion Logistic,ordinal_prediction,financial_stress_bin,mentioned_unclear,QWK,-0.1333333333333333,0.16329931618554516,,,5,4.0,4.0,not_computed_default_lightweight
mpdd_avp_shuffled_personality_early_fusion,MPDD-AVG-2026,Audio+Video+Personality,ordinal severity prediction,WavLM audio + ResNet video + shuffled personality TF-IDF early fusion Logistic,ordinal_prediction,financial_stress_bin,mentioned_unclear,True Label Probability,0.38362925973071016,0.056103639923829725,,,5,4.0,4.0,not_computed_default_lightweight
mpdd_avp_shuffled_personality_early_fusion,MPDD-AVG-2026,Audio+Video+Personality,ordinal severity prediction,WavLM audio + ResNet video + shuffled personality TF-IDF early fusion Logistic,ordinal_prediction,financial_stress_bin,mild_or_low,Accuracy,0.4166666666666667,0.052704627669472995,,,5,12.0,12.0,not_computed_default_lightweight
mpdd_avp_shuffled_personality_early_fusion,MPDD-AVG-2026,Audio+Video+Personality,ordinal severity prediction,WavLM audio + ResNet video + shuffled personality TF-IDF early fusion Logistic,ordinal_prediction,financial_stress_bin,mild_or_low,Brier Score,0.9871110050374815,0.09113676476755439,,,5,12.0,12.0,not_computed_default_lightweight
mpdd_avp_shuffled_personality_early_fusion,MPDD-AVG-2026,Audio+Video+Personality,ordinal severity prediction,WavLM audio + ResNet video + shuffled personality TF-IDF early fusion Logistic,ordinal_prediction,financial_stress_bin,mild_or_low,Calibration Gap,0.45064206567610093,0.06132813606104926,,,5,12.0,12.0,not_computed_default_lightweight
mpdd_avp_shuffled_personality_early_fusion,MPDD-AVG-2026,Audio+Video+Personality,ordinal severity prediction,WavLM audio + ResNet video + shuffled personality TF-IDF early fusion Logistic,ordinal_prediction,financial_stress_bin,mild_or_low,ECE,0.46970867359225316,0.06567526459080142,,,5,12.0,12.0,not_computed_default_lightweight
mpdd_avp_shuffled_personality_early_fusion,MPDD-AVG-2026,Audio+Video+Personality,ordinal severity prediction,WavLM audio + ResNet video + shuffled personality TF-IDF early fusion Logistic,ordinal_prediction,financial_stress_bin,mild_or_low,Macro-F1,0.2674074074074074,0.05200210386959657,,,5,12.0,12.0,not_computed_default_lightweight
mpdd_avp_shuffled_personality_early_fusion,MPDD-AVG-2026,Audio+Video+Personality,ordinal severity prediction,WavLM audio + ResNet video + shuffled personality TF-IDF early fusion Logistic,ordinal_prediction,financial_stress_bin,mild_or_low,Mean Confidence,0.8673087323427676,0.023817631357732256,,,5,12.0,12.0,not_computed_default_lightweight
mpdd_avp_shuffled_personality_early_fusion,MPDD-AVG-2026,Audio+Video+Personality,ordinal severity prediction,WavLM audio + ResNet video + shuffled personality TF-IDF early fusion Logistic,ordinal_prediction,financial_stress_bin,mild_or_low,Ordinal MAE,0.6833333333333333,0.062360956446232345,,,5,12.0,12.0,not_computed_default_lightweight
mpdd_avp_shuffled_personality_early_fusion,MPDD-AVG-2026,Audio+Video+Personality,ordinal severity prediction,WavLM audio + ResNet video + shuffled personality TF-IDF early fusion Logistic,ordinal_prediction,financial_stress_bin,mild_or_low,Prediction Bias,-0.21666666666666665,0.08498365855987974,,,5,12.0,12.0,not_computed_default_lightweight
mpdd_avp_shuffled_personality_early_fusion,MPDD-AVG-2026,Audio+Video+Personality,ordinal severity prediction,WavLM audio + ResNet video + shuffled personality TF-IDF early fusion Logistic,ordinal_prediction,financial_stress_bin,mild_or_low,QWK,-0.07758532159558691,0.06135141104724635,,,5,12.0,12.0,not_computed_default_lightweight
mpdd_avp_shuffled_personality_early_fusion,MPDD-AVG-2026,Audio+Video+Personality,ordinal severity prediction,WavLM audio + ResNet video + shuffled personality TF-IDF early fusion Logistic,ordinal_prediction,financial_stress_bin,mild_or_low,True Label Probability,0.4139620992826634,0.04089242209163495,,,5,12.0,12.0,not_computed_default_lightweight
mpdd_avp_shuffled_personality_early_fusion,MPDD-AVG-2026,Audio+Video+Personality,ordinal severity prediction,WavLM audio + ResNet video + shuffled personality TF-IDF early fusion Logistic,ordinal_prediction,financial_stress_bin,moderate,Accuracy,0.5428571428571428,0.05714285714285714,,,5,7.0,7.0,not_computed_default_lightweight
mpdd_avp_shuffled_personality_early_fusion,MPDD-AVG-2026,Audio+Video+Personality,ordinal severity prediction,WavLM audio + ResNet video + shuffled personality TF-IDF early fusion Logistic,ordinal_prediction,financial_stress_bin,moderate,Brier Score,0.7225014376856016,0.09347147626607671,,,5,7.0,7.0,not_computed_default_lightweight
mpdd_avp_shuffled_personality_early_fusion,MPDD-AVG-2026,Audio+Video+Personality,ordinal severity prediction,WavLM audio + ResNet video + shuffled personality TF-IDF early fusion Logistic,ordinal_prediction,financial_stress_bin,moderate,Calibration Gap,0.3522221151819937,0.05217525774024209,,,5,7.0,7.0,not_computed_default_lightweight
mpdd_avp_shuffled_personality_early_fusion,MPDD-AVG-2026,Audio+Video+Personality,ordinal severity prediction,WavLM audio + ResNet video + shuffled personality TF-IDF early fusion Logistic,ordinal_prediction,financial_stress_bin,moderate,ECE,0.35222211518199364,0.05217525774024212,,,5,7.0,7.0,not_computed_default_lightweight
mpdd_avp_shuffled_personality_early_fusion,MPDD-AVG-2026,Audio+Video+Personality,ordinal severity prediction,WavLM audio + ResNet video + shuffled personality TF-IDF early fusion Logistic,ordinal_prediction,financial_stress_bin,moderate,Macro-F1,0.28242424242424236,0.06809489408576067,,,5,7.0,7.0,not_computed_default_lightweight
mpdd_avp_shuffled_personality_early_fusion,MPDD-AVG-2026,Audio+Video+Personality,ordinal severity prediction,WavLM audio + ResNet video + shuffled personality TF-IDF early fusion Logistic,ordinal_prediction,financial_stress_bin,moderate,Mean Confidence,0.8950792580391365,0.03244318872116716,,,5,7.0,7.0,not_computed_default_lightweight
mpdd_avp_shuffled_personality_early_fusion,MPDD-AVG-2026,Audio+Video+Personality,ordinal severity prediction,WavLM audio + ResNet video + shuffled personality TF-IDF early fusion Logistic,ordinal_prediction,financial_stress_bin,moderate,Ordinal MAE,0.8285714285714285,0.10690449676496974,,,5,7.0,7.0,not_computed_default_lightweight
mpdd_avp_shuffled_personality_early_fusion,MPDD-AVG-2026,Audio+Video+Personality,ordinal severity prediction,WavLM audio + ResNet video + shuffled personality TF-IDF early fusion Logistic,ordinal_prediction,financial_stress_bin,moderate,Prediction Bias,-0.3142857142857142,0.10690449676496974,,,5,7.0,7.0,not_computed_default_lightweight
mpdd_avp_shuffled_personality_early_fusion,MPDD-AVG-2026,Audio+Video+Personality,ordinal severity prediction,WavLM audio + ResNet video + shuffled personality TF-IDF early fusion Logistic,ordinal_prediction,financial_stress_bin,moderate,QWK,-0.2239412562854179,0.0782379926308452,,,5,7.0,7.0,not_computed_default_lightweight
mpdd_avp_shuffled_personality_early_fusion,MPDD-AVG-2026,Audio+Video+Personality,ordinal severity prediction,WavLM audio + ResNet video + shuffled personality TF-IDF early fusion Logistic,ordinal_prediction,financial_stress_bin,moderate,True Label Probability,0.5573134810875281,0.04132334296007198,,,5,7.0,7.0,not_computed_default_lightweight
mpdd_avp_shuffled_personality_early_fusion,MPDD-AVG-2026,Audio+Video+Personality,ordinal severity prediction,WavLM audio + ResNet video + shuffled personality TF-IDF early fusion Logistic,ordinal_prediction,financial_stress_bin,none,Accuracy,0.6235294117647059,0.019211684257123007,,,5,51.0,51.0,not_computed_default_lightweight
mpdd_avp_shuffled_personality_early_fusion,MPDD-AVG-2026,Audio+Video+Personality,ordinal severity prediction,WavLM audio + ResNet video + shuffled personality TF-IDF early fusion Logistic,ordinal_prediction,financial_stress_bin,none,Brier Score,0.622313505377563,0.047956954925538225,,,5,51.0,51.0,not_computed_default_lightweight
mpdd_avp_shuffled_personality_early_fusion,MPDD-AVG-2026,Audio+Video+Personality,ordinal severity prediction,WavLM audio + ResNet video + shuffled personality TF-IDF early fusion Logistic,ordinal_prediction,financial_stress_bin,none,Calibration Gap,0.25334820562231897,0.028754823856196977,,,5,51.0,51.0,not_computed_default_lightweight
mpdd_avp_shuffled_personality_early_fusion,MPDD-AVG-2026,Audio+Video+Personality,ordinal severity prediction,WavLM audio + ResNet video + shuffled personality TF-IDF early fusion Logistic,ordinal_prediction,financial_stress_bin,none,ECE,0.26270247379025824,0.034416228477820325,,,5,51.0,51.0,not_computed_default_lightweight
mpdd_avp_shuffled_personality_early_fusion,MPDD-AVG-2026,Audio+Video+Personality,ordinal severity prediction,WavLM audio + ResNet video + shuffled personality TF-IDF early fusion Logistic,ordinal_prediction,financial_stress_bin,none,Macro-F1,0.3450127885958117,0.04527474599222711,,,5,51.0,51.0,not_computed_default_lightweight
mpdd_avp_shuffled_personality_early_fusion,MPDD-AVG-2026,Audio+Video+Personality,ordinal severity prediction,WavLM audio + ResNet video + shuffled personality TF-IDF early fusion Logistic,ordinal_prediction,financial_stress_bin,none,Mean Confidence,0.8768776173870249,0.013795473051964787,,,5,51.0,51.0,not_computed_default_lightweight
mpdd_avp_shuffled_personality_early_fusion,MPDD-AVG-2026,Audio+Video+Personality,ordinal severity prediction,WavLM audio + ResNet video + shuffled personality TF-IDF early fusion Logistic,ordinal_prediction,financial_stress_bin,none,Ordinal MAE,0.4862745098039216,0.03373460889036323,,,5,51.0,51.0,not_computed_default_lightweight
mpdd_avp_shuffled_personality_early_fusion,MPDD-AVG-2026,Audio+Video+Personality,ordinal severity prediction,WavLM audio + ResNet video + shuffled personality TF-IDF early fusion Logistic,ordinal_prediction,financial_stress_bin,none,Prediction Bias,-0.12549019607843137,0.03636713135488512,,,5,51.0,51.0,not_computed_default_lightweight
mpdd_avp_shuffled_personality_early_fusion,MPDD-AVG-2026,Audio+Video+Personality,ordinal severity prediction,WavLM audio + ResNet video + shuffled personality TF-IDF early fusion Logistic,ordinal_prediction,financial_stress_bin,none,QWK,0.016680684150267376,0.11238928600017191,,,5,51.0,51.0,not_computed_default_lightweight
mpdd_avp_shuffled_personality_early_fusion,MPDD-AVG-2026,Audio+Video+Personality,ordinal severity prediction,WavLM audio + ResNet video + shuffled personality TF-IDF early fusion Logistic,ordinal_prediction,financial_stress_bin,none,True Label Probability,0.5999742031932997,0.02152974565219708,,,5,51.0,51.0,not_computed_default_lightweight
mpdd_avp_shuffled_personality_early_fusion,MPDD-AVG-2026,Audio+Video+Personality,ordinal severity prediction,WavLM audio + ResNet video + shuffled personality TF-IDF early fusion Logistic,ordinal_prediction,financial_stress_bin,unknown,Accuracy,0.502127659574468,0.02806575735802749,,,5,94.0,94.0,not_computed_default_lightweight
mpdd_avp_shuffled_personality_early_fusion,MPDD-AVG-2026,Audio+Video+Personality,ordinal severity prediction,WavLM audio + ResNet video + shuffled personality TF-IDF early fusion Logistic,ordinal_prediction,financial_stress_bin,unknown,Brier Score,0.8321342507719418,0.04893365137763539,,,5,94.0,94.0,not_computed_default_lightweight
mpdd_avp_shuffled_personality_early_fusion,MPDD-AVG-2026,Audio+Video+Personality,ordinal severity prediction,WavLM audio + ResNet video + shuffled personality TF-IDF early fusion Logistic,ordinal_prediction,financial_stress_bin,unknown,Calibration Gap,0.3508282147543874,0.03364563705800749,,,5,94.0,94.0,not_computed_default_lightweight
mpdd_avp_shuffled_personality_early_fusion,MPDD-AVG-2026,Audio+Video+Personality,ordinal severity prediction,WavLM audio + ResNet video + shuffled personality TF-IDF early fusion Logistic,ordinal_prediction,financial_stress_bin,unknown,ECE,0.35714398971654454,0.035212097984060844,,,5,94.0,94.0,not_computed_default_lightweight
mpdd_avp_shuffled_personality_early_fusion,MPDD-AVG-2026,Audio+Video+Personality,ordinal severity prediction,WavLM audio + ResNet video + shuffled personality TF-IDF early fusion Logistic,ordinal_prediction,financial_stress_bin,unknown,Macro-F1,0.4304975745673696,0.04231925417586423,,,5,94.0,94.0,not_computed_default_lightweight
mpdd_avp_shuffled_personality_early_fusion,MPDD-AVG-2026,Audio+Video+Personality,ordinal severity prediction,WavLM audio + ResNet video + shuffled personality TF-IDF early fusion Logistic,ordinal_prediction,financial_stress_bin,unknown,Mean Confidence,0.8529558743288554,0.01355359920135854,,,5,94.0,94.0,not_computed_default_lightweight
mpdd_avp_shuffled_personality_early_fusion,MPDD-AVG-2026,Audio+Video+Personality,ordinal severity prediction,WavLM audio + ResNet video + shuffled personality TF-IDF early fusion Logistic,ordinal_prediction,financial_stress_bin,unknown,Ordinal MAE,0.5553191489361702,0.0325469330654859,,,5,94.0,94.0,not_computed_default_lightweight
mpdd_avp_shuffled_personality_early_fusion,MPDD-AVG-2026,Audio+Video+Personality,ordinal severity prediction,WavLM audio + ResNet video + shuffled personality TF-IDF early fusion Logistic,ordinal_prediction,financial_stress_bin,unknown,Prediction Bias,-0.036170212765957444,0.031985736975261504,,,5,94.0,94.0,not_computed_default_lightweight
mpdd_avp_shuffled_personality_early_fusion,MPDD-AVG-2026,Audio+Video+Personality,ordinal severity prediction,WavLM audio + ResNet video + shuffled personality TF-IDF early fusion Logistic,ordinal_prediction,financial_stress_bin,unknown,QWK,0.20960653744028787,0.07430868426608371,,,5,94.0,94.0,not_computed_default_lightweight
mpdd_avp_shuffled_personality_early_fusion,MPDD-AVG-2026,Audio+Video+Personality,ordinal severity prediction,WavLM audio + ResNet video + shuffled personality TF-IDF early fusion Logistic,ordinal_prediction,financial_stress_bin,unknown,True Label Probability,0.4792189044354037,0.020517410621163707,,,5,94.0,94.0,not_computed_default_lightweight
mpdd_avp_shuffled_personality_early_fusion,MPDD-AVG-2026,Audio+Video+Personality,ordinal severity prediction,WavLM audio + ResNet video + shuffled personality TF-IDF early fusion Logistic,ordinal_prediction,personality_agreeableness_bin,high,Accuracy,0.5785714285714285,0.052489065916782394,,,5,28.0,28.0,not_computed_default_lightweight
mpdd_avp_shuffled_personality_early_fusion,MPDD-AVG-2026,Audio+Video+Personality,ordinal severity prediction,WavLM audio + ResNet video + shuffled personality TF-IDF early fusion Logistic,ordinal_prediction,personality_agreeableness_bin,high,Brier Score,0.7288606311378156,0.08726192421758922,,,5,28.0,28.0,not_computed_default_lightweight
mpdd_avp_shuffled_personality_early_fusion,MPDD-AVG-2026,Audio+Video+Personality,ordinal severity prediction,WavLM audio + ResNet video + shuffled personality TF-IDF early fusion Logistic,ordinal_prediction,personality_agreeableness_bin,high,Calibration Gap,0.3243857584189902,0.04359683834124853,,,5,28.0,28.0,not_computed_default_lightweight
mpdd_avp_shuffled_personality_early_fusion,MPDD-AVG-2026,Audio+Video+Personality,ordinal severity prediction,WavLM audio + ResNet video + shuffled personality TF-IDF early fusion Logistic,ordinal_prediction,personality_agreeableness_bin,high,ECE,0.3502510763114737,0.042201296318406224,,,5,28.0,28.0,not_computed_default_lightweight
mpdd_avp_shuffled_personality_early_fusion,MPDD-AVG-2026,Audio+Video+Personality,ordinal severity prediction,WavLM audio + ResNet video + shuffled personality TF-IDF early fusion Logistic,ordinal_prediction,personality_agreeableness_bin,high,Macro-F1,0.3543863724351529,0.0996241123906811,,,5,28.0,28.0,not_computed_default_lightweight
mpdd_avp_shuffled_personality_early_fusion,MPDD-AVG-2026,Audio+Video+Personality,ordinal severity prediction,WavLM audio + ResNet video + shuffled personality TF-IDF early fusion Logistic,ordinal_prediction,personality_agreeableness_bin,high,Mean Confidence,0.9029571869904188,0.023856908552775773,,,5,28.0,28.0,not_computed_default_lightweight
mpdd_avp_shuffled_personality_early_fusion,MPDD-AVG-2026,Audio+Video+Personality,ordinal severity prediction,WavLM audio + ResNet video + shuffled personality TF-IDF early fusion Logistic,ordinal_prediction,personality_agreeableness_bin,high,Ordinal MAE,0.5428571428571428,0.08571428571428574,,,5,28.0,28.0,not_computed_default_lightweight
mpdd_avp_shuffled_personality_early_fusion,MPDD-AVG-2026,Audio+Video+Personality,ordinal severity prediction,WavLM audio + ResNet video + shuffled personality TF-IDF early fusion Logistic,ordinal_prediction,personality_agreeableness_bin,high,Prediction Bias,-0.38571428571428573,0.03499271061118824,,,5,28.0,28.0,not_computed_default_lightweight
mpdd_avp_shuffled_personality_early_fusion,MPDD-AVG-2026,Audio+Video+Personality,ordinal severity prediction,WavLM audio + ResNet video + shuffled personality TF-IDF early fusion Logistic,ordinal_prediction,personality_agreeableness_bin,high,QWK,0.18679818763697087,0.18349859358273146,,,5,28.0,28.0,not_computed_default_lightweight
mpdd_avp_shuffled_personality_early_fusion,MPDD-AVG-2026,Audio+Video+Personality,ordinal severity prediction,WavLM audio + ResNet video + shuffled personality TF-IDF early fusion Logistic,ordinal_prediction,personality_agreeableness_bin,high,True Label Probability,0.5619828002670557,0.046671949173364015,,,5,28.0,28.0,not_computed_default_lightweight
mpdd_avp_shuffled_personality_early_fusion,MPDD-AVG-2026,Audio+Video+Personality,ordinal severity prediction,WavLM audio + ResNet video + shuffled personality TF-IDF early fusion Logistic,ordinal_prediction,personality_agreeableness_bin,low,Accuracy,0.495,0.02449489742783178,,,5,40.0,40.0,not_computed_default_lightweight
mpdd_avp_shuffled_personality_early_fusion,MPDD-AVG-2026,Audio+Video+Personality,ordinal severity prediction,WavLM audio + ResNet video + shuffled personality TF-IDF early fusion Logistic,ordinal_prediction,personality_agreeableness_bin,low,Brier Score,0.8627768626932102,0.018825536312804612,,,5,40.0,40.0,not_computed_default_lightweight
mpdd_avp_shuffled_personality_early_fusion,MPDD-AVG-2026,Audio+Video+Personality,ordinal severity prediction,WavLM audio + ResNet video + shuffled personality TF-IDF early fusion Logistic,ordinal_prediction,personality_agreeableness_bin,low,Calibration Gap,0.3884356060939703,0.01746997597220648,,,5,40.0,40.0,not_computed_default_lightweight
mpdd_avp_shuffled_personality_early_fusion,MPDD-AVG-2026,Audio+Video+Personality,ordinal severity prediction,WavLM audio + ResNet video + shuffled personality TF-IDF early fusion Logistic,ordinal_prediction,personality_agreeableness_bin,low,ECE,0.41274159867940285,0.007213967089211184,,,5,40.0,40.0,not_computed_default_lightweight
mpdd_avp_shuffled_personality_early_fusion,MPDD-AVG-2026,Audio+Video+Personality,ordinal severity prediction,WavLM audio + ResNet video + shuffled personality TF-IDF early fusion Logistic,ordinal_prediction,personality_agreeableness_bin,low,Macro-F1,0.4327297569402832,0.057467801363119915,,,5,40.0,40.0,not_computed_default_lightweight
mpdd_avp_shuffled_personality_early_fusion,MPDD-AVG-2026,Audio+Video+Personality,ordinal severity prediction,WavLM audio + ResNet video + shuffled personality TF-IDF early fusion Logistic,ordinal_prediction,personality_agreeableness_bin,low,Mean Confidence,0.8834356060939704,0.01822978838289343,,,5,40.0,40.0,not_computed_default_lightweight
mpdd_avp_shuffled_personality_early_fusion,MPDD-AVG-2026,Audio+Video+Personality,ordinal severity prediction,WavLM audio + ResNet video + shuffled personality TF-IDF early fusion Logistic,ordinal_prediction,personality_agreeableness_bin,low,Ordinal MAE,0.5399999999999999,0.02999999999999998,,,5,40.0,40.0,not_computed_default_lightweight
mpdd_avp_shuffled_personality_early_fusion,MPDD-AVG-2026,Audio+Video+Personality,ordinal severity prediction,WavLM audio + ResNet video + shuffled personality TF-IDF early fusion Logistic,ordinal_prediction,personality_agreeableness_bin,low,Prediction Bias,-0.16,0.04358898943540674,,,5,40.0,40.0,not_computed_default_lightweight
mpdd_avp_shuffled_personality_early_fusion,MPDD-AVG-2026,Audio+Video+Personality,ordinal severity prediction,WavLM audio + ResNet video + shuffled personality TF-IDF early fusion Logistic,ordinal_prediction,personality_agreeableness_bin,low,QWK,0.2112539705613162,0.07614875390074766,,,5,40.0,40.0,not_computed_default_lightweight
mpdd_avp_shuffled_personality_early_fusion,MPDD-AVG-2026,Audio+Video+Personality,ordinal severity prediction,WavLM audio + ResNet video + shuffled personality TF-IDF early fusion Logistic,ordinal_prediction,personality_agreeableness_bin,low,True Label Probability,0.4838279006755428,0.012521030979655335,,,5,40.0,40.0,not_computed_default_lightweight
mpdd_avp_shuffled_personality_early_fusion,MPDD-AVG-2026,Audio+Video+Personality,ordinal severity prediction,WavLM audio + ResNet video + shuffled personality TF-IDF early fusion Logistic,ordinal_prediction,personality_agreeableness_bin,mid,Accuracy,0.5043478260869565,0.02884021556830782,,,5,46.0,46.0,not_computed_default_lightweight
mpdd_avp_shuffled_personality_early_fusion,MPDD-AVG-2026,Audio+Video+Personality,ordinal severity prediction,WavLM audio + ResNet video + shuffled personality TF-IDF early fusion Logistic,ordinal_prediction,personality_agreeableness_bin,mid,Brier Score,0.8362963071560211,0.06181255587686309,,,5,46.0,46.0,not_computed_default_lightweight
mpdd_avp_shuffled_personality_early_fusion,MPDD-AVG-2026,Audio+Video+Personality,ordinal severity prediction,WavLM audio + ResNet video + shuffled personality TF-IDF early fusion Logistic,ordinal_prediction,personality_agreeableness_bin,mid,Calibration Gap,0.33073433479591496,0.041243206524013164,,,5,46.0,46.0,not_computed_default_lightweight
mpdd_avp_shuffled_personality_early_fusion,MPDD-AVG-2026,Audio+Video+Personality,ordinal severity prediction,WavLM audio + ResNet video + shuffled personality TF-IDF early fusion Logistic,ordinal_prediction,personality_agreeableness_bin,mid,ECE,0.3470808501605982,0.055244013556776744,,,5,46.0,46.0,not_computed_default_lightweight
mpdd_avp_shuffled_personality_early_fusion,MPDD-AVG-2026,Audio+Video+Personality,ordinal severity prediction,WavLM audio + ResNet video + shuffled personality TF-IDF early fusion Logistic,ordinal_prediction,personality_agreeableness_bin,mid,Macro-F1,0.39988792468898005,0.04522668812039191,,,5,46.0,46.0,not_computed_default_lightweight
mpdd_avp_shuffled_personality_early_fusion,MPDD-AVG-2026,Audio+Video+Personality,ordinal severity prediction,WavLM audio + ResNet video + shuffled personality TF-IDF early fusion Logistic,ordinal_prediction,personality_agreeableness_bin,mid,Mean Confidence,0.8350821608828713,0.01608050976715637,,,5,46.0,46.0,not_computed_default_lightweight
mpdd_avp_shuffled_personality_early_fusion,MPDD-AVG-2026,Audio+Video+Personality,ordinal severity prediction,WavLM audio + ResNet video + shuffled personality TF-IDF early fusion Logistic,ordinal_prediction,personality_agreeableness_bin,mid,Ordinal MAE,0.5782608695652174,0.04032008041519873,,,5,46.0,46.0,not_computed_default_lightweight
mpdd_avp_shuffled_personality_early_fusion,MPDD-AVG-2026,Audio+Video+Personality,ordinal severity prediction,WavLM audio + ResNet video + shuffled personality TF-IDF early fusion Logistic,ordinal_prediction,personality_agreeableness_bin,mid,Prediction Bias,0.04782608695652174,0.05032972566430533,,,5,46.0,46.0,not_computed_default_lightweight
mpdd_avp_shuffled_personality_early_fusion,MPDD-AVG-2026,Audio+Video+Personality,ordinal severity prediction,WavLM audio + ResNet video + shuffled personality TF-IDF early fusion Logistic,ordinal_prediction,personality_agreeableness_bin,mid,QWK,0.11190247611814319,0.1077190438833862,,,5,46.0,46.0,not_computed_default_lightweight
mpdd_avp_shuffled_personality_early_fusion,MPDD-AVG-2026,Audio+Video+Personality,ordinal severity prediction,WavLM audio + ResNet video + shuffled personality TF-IDF early fusion Logistic,ordinal_prediction,personality_agreeableness_bin,mid,True Label Probability,0.4679840995212672,0.02441191067175939,,,5,46.0,46.0,not_computed_default_lightweight
mpdd_avp_shuffled_personality_early_fusion,MPDD-AVG-2026,Audio+Video+Personality,ordinal severity prediction,WavLM audio + ResNet video + shuffled personality TF-IDF early fusion Logistic,ordinal_prediction,personality_agreeableness_bin,unknown,Accuracy,0.5475409836065573,0.03823575013013311,,,5,61.0,61.0,not_computed_default_lightweight
mpdd_avp_shuffled_personality_early_fusion,MPDD-AVG-2026,Audio+Video+Personality,ordinal severity prediction,WavLM audio + ResNet video + shuffled personality TF-IDF early fusion Logistic,ordinal_prediction,personality_agreeableness_bin,unknown,Brier Score,0.7309104677581152,0.06255445686737103,,,5,61.0,61.0,not_computed_default_lightweight
mpdd_avp_shuffled_personality_early_fusion,MPDD-AVG-2026,Audio+Video+Personality,ordinal severity prediction,WavLM audio + ResNet video + shuffled personality TF-IDF early fusion Logistic,ordinal_prediction,personality_agreeableness_bin,unknown,Calibration Gap,0.31731873565790714,0.039583565546813124,,,5,61.0,61.0,not_computed_default_lightweight
mpdd_avp_shuffled_personality_early_fusion,MPDD-AVG-2026,Audio+Video+Personality,ordinal severity prediction,WavLM audio + ResNet video + shuffled personality TF-IDF early fusion Logistic,ordinal_prediction,personality_agreeableness_bin,unknown,ECE,0.3185576079749349,0.0397784125135478,,,5,61.0,61.0,not_computed_default_lightweight
mpdd_avp_shuffled_personality_early_fusion,MPDD-AVG-2026,Audio+Video+Personality,ordinal severity prediction,WavLM audio + ResNet video + shuffled personality TF-IDF early fusion Logistic,ordinal_prediction,personality_agreeableness_bin,unknown,Macro-F1,0.3105630590059306,0.053575851579491365,,,5,61.0,61.0,not_computed_default_lightweight
mpdd_avp_shuffled_personality_early_fusion,MPDD-AVG-2026,Audio+Video+Personality,ordinal severity prediction,WavLM audio + ResNet video + shuffled personality TF-IDF early fusion Logistic,ordinal_prediction,personality_agreeableness_bin,unknown,Mean Confidence,0.8648597192644644,0.011575302345525352,,,5,61.0,61.0,not_computed_default_lightweight
mpdd_avp_shuffled_personality_early_fusion,MPDD-AVG-2026,Audio+Video+Personality,ordinal severity prediction,WavLM audio + ResNet video + shuffled personality TF-IDF early fusion Logistic,ordinal_prediction,personality_agreeableness_bin,unknown,Ordinal MAE,0.6,0.045901639344262286,,,5,61.0,61.0,not_computed_default_lightweight
mpdd_avp_shuffled_personality_early_fusion,MPDD-AVG-2026,Audio+Video+Personality,ordinal severity prediction,WavLM audio + ResNet video + shuffled personality TF-IDF early fusion Logistic,ordinal_prediction,personality_agreeableness_bin,unknown,Prediction Bias,-0.12786885245901639,0.039344262295081964,,,5,61.0,61.0,not_computed_default_lightweight
mpdd_avp_shuffled_personality_early_fusion,MPDD-AVG-2026,Audio+Video+Personality,ordinal severity prediction,WavLM audio + ResNet video + shuffled personality TF-IDF early fusion Logistic,ordinal_prediction,personality_agreeableness_bin,unknown,QWK,-0.0306739913217813,0.11173057293031348,,,5,61.0,61.0,not_computed_default_lightweight
mpdd_avp_shuffled_personality_early_fusion,MPDD-AVG-2026,Audio+Video+Personality,ordinal severity prediction,WavLM audio + ResNet video + shuffled personality TF-IDF early fusion Logistic,ordinal_prediction,personality_agreeableness_bin,unknown,True Label Probability,0.5370644531193607,0.032886447433066755,,,5,61.0,61.0,not_computed_default_lightweight
mpdd_avp_shuffled_personality_early_fusion,MPDD-AVG-2026,Audio+Video+Personality,ordinal severity prediction,WavLM audio + ResNet video + shuffled personality TF-IDF early fusion Logistic,ordinal_prediction,personality_conscientiousness_bin,high,Accuracy,0.5461538461538462,0.03124630155629213,,,5,52.0,52.0,not_computed_default_lightweight
mpdd_avp_shuffled_personality_early_fusion,MPDD-AVG-2026,Audio+Video+Personality,ordinal severity prediction,WavLM audio + ResNet video + shuffled personality TF-IDF early fusion Logistic,ordinal_prediction,personality_conscientiousness_bin,high,Brier Score,0.7658562275013274,0.03806415328082802,,,5,52.0,52.0,not_computed_default_lightweight
mpdd_avp_shuffled_personality_early_fusion,MPDD-AVG-2026,Audio+Video+Personality,ordinal severity prediction,WavLM audio + ResNet video + shuffled personality TF-IDF early fusion Logistic,ordinal_prediction,personality_conscientiousness_bin,high,Calibration Gap,0.3391020401067453,0.029205295848732268,,,5,52.0,52.0,not_computed_default_lightweight
mpdd_avp_shuffled_personality_early_fusion,MPDD-AVG-2026,Audio+Video+Personality,ordinal severity prediction,WavLM audio + ResNet video + shuffled personality TF-IDF early fusion Logistic,ordinal_prediction,personality_conscientiousness_bin,high,ECE,0.3612684548011148,0.013295677020869,,,5,52.0,52.0,not_computed_default_lightweight
mpdd_avp_shuffled_personality_early_fusion,MPDD-AVG-2026,Audio+Video+Personality,ordinal severity prediction,WavLM audio + ResNet video + shuffled personality TF-IDF early fusion Logistic,ordinal_prediction,personality_conscientiousness_bin,high,Macro-F1,0.3563501848449797,0.04835797731014652,,,5,52.0,52.0,not_computed_default_lightweight
mpdd_avp_shuffled_personality_early_fusion,MPDD-AVG-2026,Audio+Video+Personality,ordinal severity prediction,WavLM audio + ResNet video + shuffled personality TF-IDF early fusion Logistic,ordinal_prediction,personality_conscientiousness_bin,high,Mean Confidence,0.8852558862605914,0.014336416869993844,,,5,52.0,52.0,not_computed_default_lightweight
mpdd_avp_shuffled_personality_early_fusion,MPDD-AVG-2026,Audio+Video+Personality,ordinal severity prediction,WavLM audio + ResNet video + shuffled personality TF-IDF early fusion Logistic,ordinal_prediction,personality_conscientiousness_bin,high,Ordinal MAE,0.5884615384615385,0.03124630155629215,,,5,52.0,52.0,not_computed_default_lightweight
mpdd_avp_shuffled_personality_early_fusion,MPDD-AVG-2026,Audio+Video+Personality,ordinal severity prediction,WavLM audio + ResNet video + shuffled personality TF-IDF early fusion Logistic,ordinal_prediction,personality_conscientiousness_bin,high,Prediction Bias,-0.21153846153846154,0.021066252211737163,,,5,52.0,52.0,not_computed_default_lightweight
mpdd_avp_shuffled_personality_early_fusion,MPDD-AVG-2026,Audio+Video+Personality,ordinal severity prediction,WavLM audio + ResNet video + shuffled personality TF-IDF early fusion Logistic,ordinal_prediction,personality_conscientiousness_bin,high,QWK,-0.03562017692452479,0.08752167031830227,,,5,52.0,52.0,not_computed_default_lightweight
mpdd_avp_shuffled_personality_early_fusion,MPDD-AVG-2026,Audio+Video+Personality,ordinal severity prediction,WavLM audio + ResNet video + shuffled personality TF-IDF early fusion Logistic,ordinal_prediction,personality_conscientiousness_bin,high,True Label Probability,0.5336998422432611,0.021439816562101508,,,5,52.0,52.0,not_computed_default_lightweight
mpdd_avp_shuffled_personality_early_fusion,MPDD-AVG-2026,Audio+Video+Personality,ordinal severity prediction,WavLM audio + ResNet video + shuffled personality TF-IDF early fusion Logistic,ordinal_prediction,personality_conscientiousness_bin,low,Accuracy,0.4862068965517242,0.03839837491606912,,,5,58.0,58.0,not_computed_default_lightweight
mpdd_avp_shuffled_personality_early_fusion,MPDD-AVG-2026,Audio+Video+Personality,ordinal severity prediction,WavLM audio + ResNet video + shuffled personality TF-IDF early fusion Logistic,ordinal_prediction,personality_conscientiousness_bin,low,Brier Score,0.8815261440150332,0.05339755916235486,,,5,58.0,58.0,not_computed_default_lightweight
mpdd_avp_shuffled_personality_early_fusion,MPDD-AVG-2026,Audio+Video+Personality,ordinal severity prediction,WavLM audio + ResNet video + shuffled personality TF-IDF early fusion Logistic,ordinal_prediction,personality_conscientiousness_bin,low,Calibration Gap,0.37209532077255325,0.03841219659761134,,,5,58.0,58.0,not_computed_default_lightweight
mpdd_avp_shuffled_personality_early_fusion,MPDD-AVG-2026,Audio+Video+Personality,ordinal severity prediction,WavLM audio + ResNet video + shuffled personality TF-IDF early fusion Logistic,ordinal_prediction,personality_conscientiousness_bin,low,ECE,0.3987869763961194,0.04251816858344033,,,5,58.0,58.0,not_computed_default_lightweight
mpdd_avp_shuffled_personality_early_fusion,MPDD-AVG-2026,Audio+Video+Personality,ordinal severity prediction,WavLM audio + ResNet video + shuffled personality TF-IDF early fusion Logistic,ordinal_prediction,personality_conscientiousness_bin,low,Macro-F1,0.448153344667469,0.05951437909748478,,,5,58.0,58.0,not_computed_default_lightweight
mpdd_avp_shuffled_personality_early_fusion,MPDD-AVG-2026,Audio+Video+Personality,ordinal severity prediction,WavLM audio + ResNet video + shuffled personality TF-IDF early fusion Logistic,ordinal_prediction,personality_conscientiousness_bin,low,Mean Confidence,0.8583022173242775,0.01441019302177217,,,5,58.0,58.0,not_computed_default_lightweight
mpdd_avp_shuffled_personality_early_fusion,MPDD-AVG-2026,Audio+Video+Personality,ordinal severity prediction,WavLM audio + ResNet video + shuffled personality TF-IDF early fusion Logistic,ordinal_prediction,personality_conscientiousness_bin,low,Ordinal MAE,0.5689655172413792,0.06168463386206316,,,5,58.0,58.0,not_computed_default_lightweight
mpdd_avp_shuffled_personality_early_fusion,MPDD-AVG-2026,Audio+Video+Personality,ordinal severity prediction,WavLM audio + ResNet video + shuffled personality TF-IDF early fusion Logistic,ordinal_prediction,personality_conscientiousness_bin,low,Prediction Bias,-0.10689655172413795,0.05811137774604385,,,5,58.0,58.0,not_computed_default_lightweight
mpdd_avp_shuffled_personality_early_fusion,MPDD-AVG-2026,Audio+Video+Personality,ordinal severity prediction,WavLM audio + ResNet video + shuffled personality TF-IDF early fusion Logistic,ordinal_prediction,personality_conscientiousness_bin,low,QWK,0.24412541841776533,0.12298122536633724,,,5,58.0,58.0,not_computed_default_lightweight
mpdd_avp_shuffled_personality_early_fusion,MPDD-AVG-2026,Audio+Video+Personality,ordinal severity prediction,WavLM audio + ResNet video + shuffled personality TF-IDF early fusion Logistic,ordinal_prediction,personality_conscientiousness_bin,low,True Label Probability,0.45823246146635527,0.02659325846214357,,,5,58.0,58.0,not_computed_default_lightweight
mpdd_avp_shuffled_personality_early_fusion,MPDD-AVG-2026,Audio+Video+Personality,ordinal severity prediction,WavLM audio + ResNet video + shuffled personality TF-IDF early fusion Logistic,ordinal_prediction,personality_conscientiousness_bin,mid,Accuracy,0.5076923076923077,0.052297636036849074,,,5,39.0,39.0,not_computed_default_lightweight
mpdd_avp_shuffled_personality_early_fusion,MPDD-AVG-2026,Audio+Video+Personality,ordinal severity prediction,WavLM audio + ResNet video + shuffled personality TF-IDF early fusion Logistic,ordinal_prediction,personality_conscientiousness_bin,mid,Brier Score,0.8239271724962531,0.08123549914166284,,,5,39.0,39.0,not_computed_default_lightweight
mpdd_avp_shuffled_personality_early_fusion,MPDD-AVG-2026,Audio+Video+Personality,ordinal severity prediction,WavLM audio + ResNet video + shuffled personality TF-IDF early fusion Logistic,ordinal_prediction,personality_conscientiousness_bin,mid,Calibration Gap,0.3595052758080311,0.06153331167446979,,,5,39.0,39.0,not_computed_default_lightweight
mpdd_avp_shuffled_personality_early_fusion,MPDD-AVG-2026,Audio+Video+Personality,ordinal severity prediction,WavLM audio + ResNet video + shuffled personality TF-IDF early fusion Logistic,ordinal_prediction,personality_conscientiousness_bin,mid,ECE,0.3651685747840515,0.05715448997397564,,,5,39.0,39.0,not_computed_default_lightweight
mpdd_avp_shuffled_personality_early_fusion,MPDD-AVG-2026,Audio+Video+Personality,ordinal severity prediction,WavLM audio + ResNet video + shuffled personality TF-IDF early fusion Logistic,ordinal_prediction,personality_conscientiousness_bin,mid,Macro-F1,0.32432474760316105,0.06107455835684076,,,5,39.0,39.0,not_computed_default_lightweight
mpdd_avp_shuffled_personality_early_fusion,MPDD-AVG-2026,Audio+Video+Personality,ordinal severity prediction,WavLM audio + ResNet video + shuffled personality TF-IDF early fusion Logistic,ordinal_prediction,personality_conscientiousness_bin,mid,Mean Confidence,0.8671975835003389,0.016176248747925934,,,5,39.0,39.0,not_computed_default_lightweight
mpdd_avp_shuffled_personality_early_fusion,MPDD-AVG-2026,Audio+Video+Personality,ordinal severity prediction,WavLM audio + ResNet video + shuffled personality TF-IDF early fusion Logistic,ordinal_prediction,personality_conscientiousness_bin,mid,Ordinal MAE,0.5692307692307692,0.06363935203072235,,,5,39.0,39.0,not_computed_default_lightweight
mpdd_avp_shuffled_personality_early_fusion,MPDD-AVG-2026,Audio+Video+Personality,ordinal severity prediction,WavLM audio + ResNet video + shuffled personality TF-IDF early fusion Logistic,ordinal_prediction,personality_conscientiousness_bin,mid,Prediction Bias,-0.0051282051282051325,0.0817301407718422,,,5,39.0,39.0,not_computed_default_lightweight
mpdd_avp_shuffled_personality_early_fusion,MPDD-AVG-2026,Audio+Video+Personality,ordinal severity prediction,WavLM audio + ResNet video + shuffled personality TF-IDF early fusion Logistic,ordinal_prediction,personality_conscientiousness_bin,mid,QWK,0.05135264972676139,0.0575654616308626,,,5,39.0,39.0,not_computed_default_lightweight
mpdd_avp_shuffled_personality_early_fusion,MPDD-AVG-2026,Audio+Video+Personality,ordinal severity prediction,WavLM audio + ResNet video + shuffled personality TF-IDF early fusion Logistic,ordinal_prediction,personality_conscientiousness_bin,mid,True Label Probability,0.4922948153757368,0.03464302951041626,,,5,39.0,39.0,not_computed_default_lightweight
mpdd_avp_shuffled_personality_early_fusion,MPDD-AVG-2026,Audio+Video+Personality,ordinal severity prediction,WavLM audio + ResNet video + shuffled personality TF-IDF early fusion Logistic,ordinal_prediction,personality_conscientiousness_bin,unknown,Accuracy,0.6230769230769231,0.028781979898261104,,,5,26.0,26.0,not_computed_default_lightweight
mpdd_avp_shuffled_personality_early_fusion,MPDD-AVG-2026,Audio+Video+Personality,ordinal severity prediction,WavLM audio + ResNet video + shuffled personality TF-IDF early fusion Logistic,ordinal_prediction,personality_conscientiousness_bin,unknown,Brier Score,0.5726208050659395,0.03309107037019557,,,5,26.0,26.0,not_computed_default_lightweight
mpdd_avp_shuffled_personality_early_fusion,MPDD-AVG-2026,Audio+Video+Personality,ordinal severity prediction,WavLM audio + ResNet video + shuffled personality TF-IDF early fusion Logistic,ordinal_prediction,personality_conscientiousness_bin,unknown,Calibration Gap,0.22903489647549638,0.031332671701409076,,,5,26.0,26.0,not_computed_default_lightweight
mpdd_avp_shuffled_personality_early_fusion,MPDD-AVG-2026,Audio+Video+Personality,ordinal severity prediction,WavLM audio + ResNet video + shuffled personality TF-IDF early fusion Logistic,ordinal_prediction,personality_conscientiousness_bin,unknown,ECE,0.2688135045498198,0.03801266948486636,,,5,26.0,26.0,not_computed_default_lightweight
mpdd_avp_shuffled_personality_early_fusion,MPDD-AVG-2026,Audio+Video+Personality,ordinal severity prediction,WavLM audio + ResNet video + shuffled personality TF-IDF early fusion Logistic,ordinal_prediction,personality_conscientiousness_bin,unknown,Macro-F1,0.358026048026048,0.01183937950405656,,,5,26.0,26.0,not_computed_default_lightweight
mpdd_avp_shuffled_personality_early_fusion,MPDD-AVG-2026,Audio+Video+Personality,ordinal severity prediction,WavLM audio + ResNet video + shuffled personality TF-IDF early fusion Logistic,ordinal_prediction,personality_conscientiousness_bin,unknown,Mean Confidence,0.8521118195524193,0.013169359230266606,,,5,26.0,26.0,not_computed_default_lightweight
mpdd_avp_shuffled_personality_early_fusion,MPDD-AVG-2026,Audio+Video+Personality,ordinal severity prediction,WavLM audio + ResNet video + shuffled personality TF-IDF early fusion Logistic,ordinal_prediction,personality_conscientiousness_bin,unknown,Ordinal MAE,0.5461538461538462,0.05652668637191949,,,5,26.0,26.0,not_computed_default_lightweight
mpdd_avp_shuffled_personality_early_fusion,MPDD-AVG-2026,Audio+Video+Personality,ordinal severity prediction,WavLM audio + ResNet video + shuffled personality TF-IDF early fusion Logistic,ordinal_prediction,personality_conscientiousness_bin,unknown,Prediction Bias,-0.2076923076923077,0.07133552688842848,,,5,26.0,26.0,not_computed_default_lightweight
mpdd_avp_shuffled_personality_early_fusion,MPDD-AVG-2026,Audio+Video+Personality,ordinal severity prediction,WavLM audio + ResNet video + shuffled personality TF-IDF early fusion Logistic,ordinal_prediction,personality_conscientiousness_bin,unknown,QWK,0.011892869401348571,0.13365033147084115,,,5,26.0,26.0,not_computed_default_lightweight
mpdd_avp_shuffled_personality_early_fusion,MPDD-AVG-2026,Audio+Video+Personality,ordinal severity prediction,WavLM audio + ResNet video + shuffled personality TF-IDF early fusion Logistic,ordinal_prediction,personality_conscientiousness_bin,unknown,True Label Probability,0.6095177804387173,0.01431884810941343,,,5,26.0,26.0,not_computed_default_lightweight
mpdd_avp_shuffled_personality_early_fusion,MPDD-AVG-2026,Audio+Video+Personality,ordinal severity prediction,WavLM audio + ResNet video + shuffled personality TF-IDF early fusion Logistic,ordinal_prediction,personality_extraversion_bin,high,Accuracy,0.6461538461538462,0.02878197989826107,,,5,26.0,26.0,not_computed_default_lightweight
mpdd_avp_shuffled_personality_early_fusion,MPDD-AVG-2026,Audio+Video+Personality,ordinal severity prediction,WavLM audio + ResNet video + shuffled personality TF-IDF early fusion Logistic,ordinal_prediction,personality_extraversion_bin,high,Brier Score,0.5931231549601674,0.02558420300918995,,,5,26.0,26.0,not_computed_default_lightweight
mpdd_avp_shuffled_personality_early_fusion,MPDD-AVG-2026,Audio+Video+Personality,ordinal severity prediction,WavLM audio + ResNet video + shuffled personality TF-IDF early fusion Logistic,ordinal_prediction,personality_extraversion_bin,high,Calibration Gap,0.23000208531335317,0.041288672131223024,,,5,26.0,26.0,not_computed_default_lightweight
mpdd_avp_shuffled_personality_early_fusion,MPDD-AVG-2026,Audio+Video+Personality,ordinal severity prediction,WavLM audio + ResNet video + shuffled personality TF-IDF early fusion Logistic,ordinal_prediction,personality_extraversion_bin,high,ECE,0.26133462459381646,0.03736588668049735,,,5,26.0,26.0,not_computed_default_lightweight
mpdd_avp_shuffled_personality_early_fusion,MPDD-AVG-2026,Audio+Video+Personality,ordinal severity prediction,WavLM audio + ResNet video + shuffled personality TF-IDF early fusion Logistic,ordinal_prediction,personality_extraversion_bin,high,Macro-F1,0.41578047683310837,0.0573326979529101,,,5,26.0,26.0,not_computed_default_lightweight
mpdd_avp_shuffled_personality_early_fusion,MPDD-AVG-2026,Audio+Video+Personality,ordinal severity prediction,WavLM audio + ResNet video + shuffled personality TF-IDF early fusion Logistic,ordinal_prediction,personality_extraversion_bin,high,Mean Confidence,0.8761559314671995,0.024309972334068407,,,5,26.0,26.0,not_computed_default_lightweight
mpdd_avp_shuffled_personality_early_fusion,MPDD-AVG-2026,Audio+Video+Personality,ordinal severity prediction,WavLM audio + ResNet video + shuffled personality TF-IDF early fusion Logistic,ordinal_prediction,personality_extraversion_bin,high,Ordinal MAE,0.43076923076923074,0.05102499677469847,,,5,26.0,26.0,not_computed_default_lightweight
mpdd_avp_shuffled_personality_early_fusion,MPDD-AVG-2026,Audio+Video+Personality,ordinal severity prediction,WavLM audio + ResNet video + shuffled personality TF-IDF early fusion Logistic,ordinal_prediction,personality_extraversion_bin,high,Prediction Bias,0.0,0.034401045807689073,,,5,26.0,26.0,not_computed_default_lightweight
mpdd_avp_shuffled_personality_early_fusion,MPDD-AVG-2026,Audio+Video+Personality,ordinal severity prediction,WavLM audio + ResNet video + shuffled personality TF-IDF early fusion Logistic,ordinal_prediction,personality_extraversion_bin,high,QWK,0.28242160064988686,0.15305920470670661,,,5,26.0,26.0,not_computed_default_lightweight
mpdd_avp_shuffled_personality_early_fusion,MPDD-AVG-2026,Audio+Video+Personality,ordinal severity prediction,WavLM audio + ResNet video + shuffled personality TF-IDF early fusion Logistic,ordinal_prediction,personality_extraversion_bin,high,True Label Probability,0.612768093087196,0.012966532488971397,,,5,26.0,26.0,not_computed_default_lightweight
mpdd_avp_shuffled_personality_early_fusion,MPDD-AVG-2026,Audio+Video+Personality,ordinal severity prediction,WavLM audio + ResNet video + shuffled personality TF-IDF early fusion Logistic,ordinal_prediction,personality_extraversion_bin,low,Accuracy,0.472,0.04664761515876242,,,5,50.0,50.0,not_computed_default_lightweight
mpdd_avp_shuffled_personality_early_fusion,MPDD-AVG-2026,Audio+Video+Personality,ordinal severity prediction,WavLM audio + ResNet video + shuffled personality TF-IDF early fusion Logistic,ordinal_prediction,personality_extraversion_bin,low,Brier Score,0.901209920501719,0.05496078278710139,,,5,50.0,50.0,not_computed_default_lightweight
mpdd_avp_shuffled_personality_early_fusion,MPDD-AVG-2026,Audio+Video+Personality,ordinal severity prediction,WavLM audio + ResNet video + shuffled personality TF-IDF early fusion Logistic,ordinal_prediction,personality_extraversion_bin,low,Calibration Gap,0.4083127457908827,0.040712059871323855,,,5,50.0,50.0,not_computed_default_lightweight
mpdd_avp_shuffled_personality_early_fusion,MPDD-AVG-2026,Audio+Video+Personality,ordinal severity prediction,WavLM audio + ResNet video + shuffled personality TF-IDF early fusion Logistic,ordinal_prediction,personality_extraversion_bin,low,ECE,0.41306497936326786,0.03677763845292872,,,5,50.0,50.0,not_computed_default_lightweight
mpdd_avp_shuffled_personality_early_fusion,MPDD-AVG-2026,Audio+Video+Personality,ordinal severity prediction,WavLM audio + ResNet video + shuffled personality TF-IDF early fusion Logistic,ordinal_prediction,personality_extraversion_bin,low,Macro-F1,0.40003477891932937,0.05992312693381033,,,5,50.0,50.0,not_computed_default_lightweight
mpdd_avp_shuffled_personality_early_fusion,MPDD-AVG-2026,Audio+Video+Personality,ordinal severity prediction,WavLM audio + ResNet video + shuffled personality TF-IDF early fusion Logistic,ordinal_prediction,personality_extraversion_bin,low,Mean Confidence,0.8803127457908827,0.018798069264543565,,,5,50.0,50.0,not_computed_default_lightweight
mpdd_avp_shuffled_personality_early_fusion,MPDD-AVG-2026,Audio+Video+Personality,ordinal severity prediction,WavLM audio + ResNet video + shuffled personality TF-IDF early fusion Logistic,ordinal_prediction,personality_extraversion_bin,low,Ordinal MAE,0.604,0.04963869458396342,,,5,50.0,50.0,not_computed_default_lightweight
mpdd_avp_shuffled_personality_early_fusion,MPDD-AVG-2026,Audio+Video+Personality,ordinal severity prediction,WavLM audio + ResNet video + shuffled personality TF-IDF early fusion Logistic,ordinal_prediction,personality_extraversion_bin,low,Prediction Bias,-0.20400000000000001,0.029393876913398138,,,5,50.0,50.0,not_computed_default_lightweight
mpdd_avp_shuffled_personality_early_fusion,MPDD-AVG-2026,Audio+Video+Personality,ordinal severity prediction,WavLM audio + ResNet video + shuffled personality TF-IDF early fusion Logistic,ordinal_prediction,personality_extraversion_bin,low,QWK,0.11983286202675894,0.08519900241560757,,,5,50.0,50.0,not_computed_default_lightweight
mpdd_avp_shuffled_personality_early_fusion,MPDD-AVG-2026,Audio+Video+Personality,ordinal severity prediction,WavLM audio + ResNet video + shuffled personality TF-IDF early fusion Logistic,ordinal_prediction,personality_extraversion_bin,low,True Label Probability,0.4630266522168568,0.03206987250084737,,,5,50.0,50.0,not_computed_default_lightweight
mpdd_avp_shuffled_personality_early_fusion,MPDD-AVG-2026,Audio+Video+Personality,ordinal severity prediction,WavLM audio + ResNet video + shuffled personality TF-IDF early fusion Logistic,ordinal_prediction,personality_extraversion_bin,mid,Accuracy,0.5469387755102041,0.04162464909055334,,,5,49.0,49.0,not_computed_default_lightweight
mpdd_avp_shuffled_personality_early_fusion,MPDD-AVG-2026,Audio+Video+Personality,ordinal severity prediction,WavLM audio + ResNet video + shuffled personality TF-IDF early fusion Logistic,ordinal_prediction,personality_extraversion_bin,mid,Brier Score,0.7648748354800611,0.08415488717793539,,,5,49.0,49.0,not_computed_default_lightweight
mpdd_avp_shuffled_personality_early_fusion,MPDD-AVG-2026,Audio+Video+Personality,ordinal severity prediction,WavLM audio + ResNet video + shuffled personality TF-IDF early fusion Logistic,ordinal_prediction,personality_extraversion_bin,mid,Calibration Gap,0.3072089445525884,0.047215418053289805,,,5,49.0,49.0,not_computed_default_lightweight
mpdd_avp_shuffled_personality_early_fusion,MPDD-AVG-2026,Audio+Video+Personality,ordinal severity prediction,WavLM audio + ResNet video + shuffled personality TF-IDF early fusion Logistic,ordinal_prediction,personality_extraversion_bin,mid,ECE,0.33164368203974115,0.06257106228302112,,,5,49.0,49.0,not_computed_default_lightweight
mpdd_avp_shuffled_personality_early_fusion,MPDD-AVG-2026,Audio+Video+Personality,ordinal severity prediction,WavLM audio + ResNet video + shuffled personality TF-IDF early fusion Logistic,ordinal_prediction,personality_extraversion_bin,mid,Macro-F1,0.41233669161830083,0.06599463954137483,,,5,49.0,49.0,not_computed_default_lightweight
mpdd_avp_shuffled_personality_early_fusion,MPDD-AVG-2026,Audio+Video+Personality,ordinal severity prediction,WavLM audio + ResNet video + shuffled personality TF-IDF early fusion Logistic,ordinal_prediction,personality_extraversion_bin,mid,Mean Confidence,0.8541477200627925,0.009342377966691618,,,5,49.0,49.0,not_computed_default_lightweight
mpdd_avp_shuffled_personality_early_fusion,MPDD-AVG-2026,Audio+Video+Personality,ordinal severity prediction,WavLM audio + ResNet video + shuffled personality TF-IDF early fusion Logistic,ordinal_prediction,personality_extraversion_bin,mid,Ordinal MAE,0.49387755102040815,0.047248313888939686,,,5,49.0,49.0,not_computed_default_lightweight
mpdd_avp_shuffled_personality_early_fusion,MPDD-AVG-2026,Audio+Video+Personality,ordinal severity prediction,WavLM audio + ResNet video + shuffled personality TF-IDF early fusion Logistic,ordinal_prediction,personality_extraversion_bin,mid,Prediction Bias,0.012244897959183676,0.08998125585734124,,,5,49.0,49.0,not_computed_default_lightweight
mpdd_avp_shuffled_personality_early_fusion,MPDD-AVG-2026,Audio+Video+Personality,ordinal severity prediction,WavLM audio + ResNet video + shuffled personality TF-IDF early fusion Logistic,ordinal_prediction,personality_extraversion_bin,mid,QWK,0.2002412794343546,0.07582111687171189,,,5,49.0,49.0,not_computed_default_lightweight
mpdd_avp_shuffled_personality_early_fusion,MPDD-AVG-2026,Audio+Video+Personality,ordinal severity prediction,WavLM audio + ResNet video + shuffled personality TF-IDF early fusion Logistic,ordinal_prediction,personality_extraversion_bin,mid,True Label Probability,0.5142450855339977,0.03905310035185934,,,5,49.0,49.0,not_computed_default_lightweight
mpdd_avp_shuffled_personality_early_fusion,MPDD-AVG-2026,Audio+Video+Personality,ordinal severity prediction,WavLM audio + ResNet video + shuffled personality TF-IDF early fusion Logistic,ordinal_prediction,personality_extraversion_bin,unknown,Accuracy,0.508,0.032496153618543855,,,5,50.0,50.0,not_computed_default_lightweight
mpdd_avp_shuffled_personality_early_fusion,MPDD-AVG-2026,Audio+Video+Personality,ordinal severity prediction,WavLM audio + ResNet video + shuffled personality TF-IDF early fusion Logistic,ordinal_prediction,personality_extraversion_bin,unknown,Brier Score,0.8002755169887191,0.05013811062238116,,,5,50.0,50.0,not_computed_default_lightweight
mpdd_avp_shuffled_personality_early_fusion,MPDD-AVG-2026,Audio+Video+Personality,ordinal severity prediction,WavLM audio + ResNet video + shuffled personality TF-IDF early fusion Logistic,ordinal_prediction,personality_extraversion_bin,unknown,Calibration Gap,0.35483035928933615,0.03623609126764685,,,5,50.0,50.0,not_computed_default_lightweight
mpdd_avp_shuffled_personality_early_fusion,MPDD-AVG-2026,Audio+Video+Personality,ordinal severity prediction,WavLM audio + ResNet video + shuffled personality TF-IDF early fusion Logistic,ordinal_prediction,personality_extraversion_bin,unknown,ECE,0.35634178351611,0.03639666449036625,,,5,50.0,50.0,not_computed_default_lightweight
mpdd_avp_shuffled_personality_early_fusion,MPDD-AVG-2026,Audio+Video+Personality,ordinal severity prediction,WavLM audio + ResNet video + shuffled personality TF-IDF early fusion Logistic,ordinal_prediction,personality_extraversion_bin,unknown,Macro-F1,0.30978668953016625,0.04228445797861649,,,5,50.0,50.0,not_computed_default_lightweight
mpdd_avp_shuffled_personality_early_fusion,MPDD-AVG-2026,Audio+Video+Personality,ordinal severity prediction,WavLM audio + ResNet video + shuffled personality TF-IDF early fusion Logistic,ordinal_prediction,personality_extraversion_bin,unknown,Mean Confidence,0.8628303592893362,0.01052515919516339,,,5,50.0,50.0,not_computed_default_lightweight
mpdd_avp_shuffled_personality_early_fusion,MPDD-AVG-2026,Audio+Video+Personality,ordinal severity prediction,WavLM audio + ResNet video + shuffled personality TF-IDF early fusion Logistic,ordinal_prediction,personality_extraversion_bin,unknown,Ordinal MAE,0.688,0.058787753826796275,,,5,50.0,50.0,not_computed_default_lightweight
mpdd_avp_shuffled_personality_early_fusion,MPDD-AVG-2026,Audio+Video+Personality,ordinal severity prediction,WavLM audio + ResNet video + shuffled personality TF-IDF early fusion Logistic,ordinal_prediction,personality_extraversion_bin,unknown,Prediction Bias,-0.264,0.04800000000000001,,,5,50.0,50.0,not_computed_default_lightweight
mpdd_avp_shuffled_personality_early_fusion,MPDD-AVG-2026,Audio+Video+Personality,ordinal severity prediction,WavLM audio + ResNet video + shuffled personality TF-IDF early fusion Logistic,ordinal_prediction,personality_extraversion_bin,unknown,QWK,-0.06719689637873427,0.1239908845297978,,,5,50.0,50.0,not_computed_default_lightweight
mpdd_avp_shuffled_personality_early_fusion,MPDD-AVG-2026,Audio+Video+Personality,ordinal severity prediction,WavLM audio + ResNet video + shuffled personality TF-IDF early fusion Logistic,ordinal_prediction,personality_extraversion_bin,unknown,True Label Probability,0.5019104486096546,0.026047221900666856,,,5,50.0,50.0,not_computed_default_lightweight
mpdd_avp_shuffled_personality_early_fusion,MPDD-AVG-2026,Audio+Video+Personality,ordinal severity prediction,WavLM audio + ResNet video + shuffled personality TF-IDF early fusion Logistic,ordinal_prediction,personality_neuroticism_bin,high,Accuracy,0.3619047619047619,0.03809523809523809,,,5,21.0,21.0,not_computed_default_lightweight
mpdd_avp_shuffled_personality_early_fusion,MPDD-AVG-2026,Audio+Video+Personality,ordinal severity prediction,WavLM audio + ResNet video + shuffled personality TF-IDF early fusion Logistic,ordinal_prediction,personality_neuroticism_bin,high,Brier Score,1.0905786328513263,0.06038565489705174,,,5,21.0,21.0,not_computed_default_lightweight
mpdd_avp_shuffled_personality_early_fusion,MPDD-AVG-2026,Audio+Video+Personality,ordinal severity prediction,WavLM audio + ResNet video + shuffled personality TF-IDF early fusion Logistic,ordinal_prediction,personality_neuroticism_bin,high,Calibration Gap,0.5107024380386449,0.03798021944813252,,,5,21.0,21.0,not_computed_default_lightweight
mpdd_avp_shuffled_personality_early_fusion,MPDD-AVG-2026,Audio+Video+Personality,ordinal severity prediction,WavLM audio + ResNet video + shuffled personality TF-IDF early fusion Logistic,ordinal_prediction,personality_neuroticism_bin,high,ECE,0.5374233199753047,0.04133853615666813,,,5,21.0,21.0,not_computed_default_lightweight
mpdd_avp_shuffled_personality_early_fusion,MPDD-AVG-2026,Audio+Video+Personality,ordinal severity prediction,WavLM audio + ResNet video + shuffled personality TF-IDF early fusion Logistic,ordinal_prediction,personality_neuroticism_bin,high,Macro-F1,0.25543866761258066,0.031154541339783508,,,5,21.0,21.0,not_computed_default_lightweight
mpdd_avp_shuffled_personality_early_fusion,MPDD-AVG-2026,Audio+Video+Personality,ordinal severity prediction,WavLM audio + ResNet video + shuffled personality TF-IDF early fusion Logistic,ordinal_prediction,personality_neuroticism_bin,high,Mean Confidence,0.8726071999434069,0.027095749988154,,,5,21.0,21.0,not_computed_default_lightweight
mpdd_avp_shuffled_personality_early_fusion,MPDD-AVG-2026,Audio+Video+Personality,ordinal severity prediction,WavLM audio + ResNet video + shuffled personality TF-IDF early fusion Logistic,ordinal_prediction,personality_neuroticism_bin,high,Ordinal MAE,0.8,0.055532875189002844,,,5,21.0,21.0,not_computed_default_lightweight
mpdd_avp_shuffled_personality_early_fusion,MPDD-AVG-2026,Audio+Video+Personality,ordinal severity prediction,WavLM audio + ResNet video + shuffled personality TF-IDF early fusion Logistic,ordinal_prediction,personality_neuroticism_bin,high,Prediction Bias,-0.49523809523809526,0.06459361888690732,,,5,21.0,21.0,not_computed_default_lightweight
mpdd_avp_shuffled_personality_early_fusion,MPDD-AVG-2026,Audio+Video+Personality,ordinal severity prediction,WavLM audio + ResNet video + shuffled personality TF-IDF early fusion Logistic,ordinal_prediction,personality_neuroticism_bin,high,QWK,-0.050404796341789494,0.12499311196051215,,,5,21.0,21.0,not_computed_default_lightweight
mpdd_avp_shuffled_personality_early_fusion,MPDD-AVG-2026,Audio+Video+Personality,ordinal severity prediction,WavLM audio + ResNet video + shuffled personality TF-IDF early fusion Logistic,ordinal_prediction,personality_neuroticism_bin,high,True Label Probability,0.3664293471692433,0.025406109732414535,,,5,21.0,21.0,not_computed_default_lightweight
mpdd_avp_shuffled_personality_early_fusion,MPDD-AVG-2026,Audio+Video+Personality,ordinal severity prediction,WavLM audio + ResNet video + shuffled personality TF-IDF early fusion Logistic,ordinal_prediction,personality_neuroticism_bin,low,Accuracy,0.4741935483870968,0.012903225806451623,,,5,62.0,62.0,not_computed_default_lightweight
mpdd_avp_shuffled_personality_early_fusion,MPDD-AVG-2026,Audio+Video+Personality,ordinal severity prediction,WavLM audio + ResNet video + shuffled personality TF-IDF early fusion Logistic,ordinal_prediction,personality_neuroticism_bin,low,Brier Score,0.8887143131121654,0.03675760061158262,,,5,62.0,62.0,not_computed_default_lightweight
mpdd_avp_shuffled_personality_early_fusion,MPDD-AVG-2026,Audio+Video+Personality,ordinal severity prediction,WavLM audio + ResNet video + shuffled personality TF-IDF early fusion Logistic,ordinal_prediction,personality_neuroticism_bin,low,Calibration Gap,0.3828691109321736,0.01390272418219493,,,5,62.0,62.0,not_computed_default_lightweight
mpdd_avp_shuffled_personality_early_fusion,MPDD-AVG-2026,Audio+Video+Personality,ordinal severity prediction,WavLM audio + ResNet video + shuffled personality TF-IDF early fusion Logistic,ordinal_prediction,personality_neuroticism_bin,low,ECE,0.40153319541395244,0.015919409936344747,,,5,62.0,62.0,not_computed_default_lightweight
mpdd_avp_shuffled_personality_early_fusion,MPDD-AVG-2026,Audio+Video+Personality,ordinal severity prediction,WavLM audio + ResNet video + shuffled personality TF-IDF early fusion Logistic,ordinal_prediction,personality_neuroticism_bin,low,Macro-F1,0.3681000233370974,0.07957274282669032,,,5,62.0,62.0,not_computed_default_lightweight
mpdd_avp_shuffled_personality_early_fusion,MPDD-AVG-2026,Audio+Video+Personality,ordinal severity prediction,WavLM audio + ResNet video + shuffled personality TF-IDF early fusion Logistic,ordinal_prediction,personality_neuroticism_bin,low,Mean Confidence,0.8570626593192703,0.011151363303074171,,,5,62.0,62.0,not_computed_default_lightweight
mpdd_avp_shuffled_personality_early_fusion,MPDD-AVG-2026,Audio+Video+Personality,ordinal severity prediction,WavLM audio + ResNet video + shuffled personality TF-IDF early fusion Logistic,ordinal_prediction,personality_neuroticism_bin,low,Ordinal MAE,0.5967741935483871,0.026989033114002452,,,5,62.0,62.0,not_computed_default_lightweight
mpdd_avp_shuffled_personality_early_fusion,MPDD-AVG-2026,Audio+Video+Personality,ordinal severity prediction,WavLM audio + ResNet video + shuffled personality TF-IDF early fusion Logistic,ordinal_prediction,personality_neuroticism_bin,low,Prediction Bias,0.016129032258064516,0.05100447838981257,,,5,62.0,62.0,not_computed_default_lightweight
mpdd_avp_shuffled_personality_early_fusion,MPDD-AVG-2026,Audio+Video+Personality,ordinal severity prediction,WavLM audio + ResNet video + shuffled personality TF-IDF early fusion Logistic,ordinal_prediction,personality_neuroticism_bin,low,QWK,-0.08275604178204184,0.11129386338515676,,,5,62.0,62.0,not_computed_default_lightweight
mpdd_avp_shuffled_personality_early_fusion,MPDD-AVG-2026,Audio+Video+Personality,ordinal severity prediction,WavLM audio + ResNet video + shuffled personality TF-IDF early fusion Logistic,ordinal_prediction,personality_neuroticism_bin,low,True Label Probability,0.4524444023912319,0.015237678253879951,,,5,62.0,62.0,not_computed_default_lightweight
mpdd_avp_shuffled_personality_early_fusion,MPDD-AVG-2026,Audio+Video+Personality,ordinal severity prediction,WavLM audio + ResNet video + shuffled personality TF-IDF early fusion Logistic,ordinal_prediction,personality_neuroticism_bin,mid,Accuracy,0.5836734693877551,0.03999166926992945,,,5,49.0,49.0,not_computed_default_lightweight
mpdd_avp_shuffled_personality_early_fusion,MPDD-AVG-2026,Audio+Video+Personality,ordinal severity prediction,WavLM audio + ResNet video + shuffled personality TF-IDF early fusion Logistic,ordinal_prediction,personality_neuroticism_bin,mid,Brier Score,0.7102166145066227,0.04610451087571504,,,5,49.0,49.0,not_computed_default_lightweight
mpdd_avp_shuffled_personality_early_fusion,MPDD-AVG-2026,Audio+Video+Personality,ordinal severity prediction,WavLM audio + ResNet video + shuffled personality TF-IDF early fusion Logistic,ordinal_prediction,personality_neuroticism_bin,mid,Calibration Gap,0.2892684660124229,0.05191508887202548,,,5,49.0,49.0,not_computed_default_lightweight
mpdd_avp_shuffled_personality_early_fusion,MPDD-AVG-2026,Audio+Video+Personality,ordinal severity prediction,WavLM audio + ResNet video + shuffled personality TF-IDF early fusion Logistic,ordinal_prediction,personality_neuroticism_bin,mid,ECE,0.290949796351126,0.04903455229749981,,,5,49.0,49.0,not_computed_default_lightweight
mpdd_avp_shuffled_personality_early_fusion,MPDD-AVG-2026,Audio+Video+Personality,ordinal severity prediction,WavLM audio + ResNet video + shuffled personality TF-IDF early fusion Logistic,ordinal_prediction,personality_neuroticism_bin,mid,Macro-F1,0.495066138495316,0.05185116984735498,,,5,49.0,49.0,not_computed_default_lightweight
mpdd_avp_shuffled_personality_early_fusion,MPDD-AVG-2026,Audio+Video+Personality,ordinal severity prediction,WavLM audio + ResNet video + shuffled personality TF-IDF early fusion Logistic,ordinal_prediction,personality_neuroticism_bin,mid,Mean Confidence,0.8729419354001781,0.0269347498665952,,,5,49.0,49.0,not_computed_default_lightweight
mpdd_avp_shuffled_personality_early_fusion,MPDD-AVG-2026,Audio+Video+Personality,ordinal severity prediction,WavLM audio + ResNet video + shuffled personality TF-IDF early fusion Logistic,ordinal_prediction,personality_neuroticism_bin,mid,Ordinal MAE,0.5183673469387755,0.033159340427085536,,,5,49.0,49.0,not_computed_default_lightweight
mpdd_avp_shuffled_personality_early_fusion,MPDD-AVG-2026,Audio+Video+Personality,ordinal severity prediction,WavLM audio + ResNet video + shuffled personality TF-IDF early fusion Logistic,ordinal_prediction,personality_neuroticism_bin,mid,Prediction Bias,-0.19183673469387758,0.049318554994263554,,,5,49.0,49.0,not_computed_default_lightweight
mpdd_avp_shuffled_personality_early_fusion,MPDD-AVG-2026,Audio+Video+Personality,ordinal severity prediction,WavLM audio + ResNet video + shuffled personality TF-IDF early fusion Logistic,ordinal_prediction,personality_neuroticism_bin,mid,QWK,0.3235894839068611,0.04712731997122695,,,5,49.0,49.0,not_computed_default_lightweight
mpdd_avp_shuffled_personality_early_fusion,MPDD-AVG-2026,Audio+Video+Personality,ordinal severity prediction,WavLM audio + ResNet video + shuffled personality TF-IDF early fusion Logistic,ordinal_prediction,personality_neuroticism_bin,mid,True Label Probability,0.552685680004128,0.022297143274835823,,,5,49.0,49.0,not_computed_default_lightweight
mpdd_avp_shuffled_personality_early_fusion,MPDD-AVG-2026,Audio+Video+Personality,ordinal severity prediction,WavLM audio + ResNet video + shuffled personality TF-IDF early fusion Logistic,ordinal_prediction,personality_neuroticism_bin,unknown,Accuracy,0.627906976744186,0.03602775205774343,,,5,43.0,43.0,not_computed_default_lightweight
mpdd_avp_shuffled_personality_early_fusion,MPDD-AVG-2026,Audio+Video+Personality,ordinal severity prediction,WavLM audio + ResNet video + shuffled personality TF-IDF early fusion Logistic,ordinal_prediction,personality_neuroticism_bin,unknown,Brier Score,0.5853787913570377,0.057339442809462064,,,5,43.0,43.0,not_computed_default_lightweight
mpdd_avp_shuffled_personality_early_fusion,MPDD-AVG-2026,Audio+Video+Personality,ordinal severity prediction,WavLM audio + ResNet video + shuffled personality TF-IDF early fusion Logistic,ordinal_prediction,personality_neuroticism_bin,unknown,Calibration Gap,0.24543388009348704,0.04041845961080677,,,5,43.0,43.0,not_computed_default_lightweight
mpdd_avp_shuffled_personality_early_fusion,MPDD-AVG-2026,Audio+Video+Personality,ordinal severity prediction,WavLM audio + ResNet video + shuffled personality TF-IDF early fusion Logistic,ordinal_prediction,personality_neuroticism_bin,unknown,ECE,0.24864491741938446,0.03487692090083108,,,5,43.0,43.0,not_computed_default_lightweight
mpdd_avp_shuffled_personality_early_fusion,MPDD-AVG-2026,Audio+Video+Personality,ordinal severity prediction,WavLM audio + ResNet video + shuffled personality TF-IDF early fusion Logistic,ordinal_prediction,personality_neuroticism_bin,unknown,Macro-F1,0.3351799736698771,0.04877390888401571,,,5,43.0,43.0,not_computed_default_lightweight
mpdd_avp_shuffled_personality_early_fusion,MPDD-AVG-2026,Audio+Video+Personality,ordinal severity prediction,WavLM audio + ResNet video + shuffled personality TF-IDF early fusion Logistic,ordinal_prediction,personality_neuroticism_bin,unknown,Mean Confidence,0.8733408568376732,0.014276907789820376,,,5,43.0,43.0,not_computed_default_lightweight
mpdd_avp_shuffled_personality_early_fusion,MPDD-AVG-2026,Audio+Video+Personality,ordinal severity prediction,WavLM audio + ResNet video + shuffled personality TF-IDF early fusion Logistic,ordinal_prediction,personality_neuroticism_bin,unknown,Ordinal MAE,0.48372093023255813,0.05771941230693421,,,5,43.0,43.0,not_computed_default_lightweight
mpdd_avp_shuffled_personality_early_fusion,MPDD-AVG-2026,Audio+Video+Personality,ordinal severity prediction,WavLM audio + ResNet video + shuffled personality TF-IDF early fusion Logistic,ordinal_prediction,personality_neuroticism_bin,unknown,Prediction Bias,-0.0930232558139535,0.02547546779093796,,,5,43.0,43.0,not_computed_default_lightweight
mpdd_avp_shuffled_personality_early_fusion,MPDD-AVG-2026,Audio+Video+Personality,ordinal severity prediction,WavLM audio + ResNet video + shuffled personality TF-IDF early fusion Logistic,ordinal_prediction,personality_neuroticism_bin,unknown,QWK,0.006127441078704265,0.17252474374461746,,,5,43.0,43.0,not_computed_default_lightweight
mpdd_avp_shuffled_personality_early_fusion,MPDD-AVG-2026,Audio+Video+Personality,ordinal severity prediction,WavLM audio + ResNet video + shuffled personality TF-IDF early fusion Logistic,ordinal_prediction,personality_neuroticism_bin,unknown,True Label Probability,0.6174108626452515,0.02682268206108857,,,5,43.0,43.0,not_computed_default_lightweight
mpdd_avp_shuffled_personality_early_fusion,MPDD-AVG-2026,Audio+Video+Personality,ordinal severity prediction,WavLM audio + ResNet video + shuffled personality TF-IDF early fusion Logistic,ordinal_prediction,personality_openness_bin,high,Accuracy,0.52,0.025298221281347056,,,5,25.0,25.0,not_computed_default_lightweight
mpdd_avp_shuffled_personality_early_fusion,MPDD-AVG-2026,Audio+Video+Personality,ordinal severity prediction,WavLM audio + ResNet video + shuffled personality TF-IDF early fusion Logistic,ordinal_prediction,personality_openness_bin,high,Brier Score,0.8374367825881128,0.042758139401589484,,,5,25.0,25.0,not_computed_default_lightweight
mpdd_avp_shuffled_personality_early_fusion,MPDD-AVG-2026,Audio+Video+Personality,ordinal severity prediction,WavLM audio + ResNet video + shuffled personality TF-IDF early fusion Logistic,ordinal_prediction,personality_openness_bin,high,Calibration Gap,0.39392815759910765,0.03928634461357602,,,5,25.0,25.0,not_computed_default_lightweight
mpdd_avp_shuffled_personality_early_fusion,MPDD-AVG-2026,Audio+Video+Personality,ordinal severity prediction,WavLM audio + ResNet video + shuffled personality TF-IDF early fusion Logistic,ordinal_prediction,personality_openness_bin,high,ECE,0.4048097878312994,0.03685183328797886,,,5,25.0,25.0,not_computed_default_lightweight
mpdd_avp_shuffled_personality_early_fusion,MPDD-AVG-2026,Audio+Video+Personality,ordinal severity prediction,WavLM audio + ResNet video + shuffled personality TF-IDF early fusion Logistic,ordinal_prediction,personality_openness_bin,high,Macro-F1,0.42526753578477716,0.0367541129023375,,,5,25.0,25.0,not_computed_default_lightweight
mpdd_avp_shuffled_personality_early_fusion,MPDD-AVG-2026,Audio+Video+Personality,ordinal severity prediction,WavLM audio + ResNet video + shuffled personality TF-IDF early fusion Logistic,ordinal_prediction,personality_openness_bin,high,Mean Confidence,0.9139281575991077,0.02159027112784452,,,5,25.0,25.0,not_computed_default_lightweight
mpdd_avp_shuffled_personality_early_fusion,MPDD-AVG-2026,Audio+Video+Personality,ordinal severity prediction,WavLM audio + ResNet video + shuffled personality TF-IDF early fusion Logistic,ordinal_prediction,personality_openness_bin,high,Ordinal MAE,0.5840000000000001,0.047999999999999994,,,5,25.0,25.0,not_computed_default_lightweight
mpdd_avp_shuffled_personality_early_fusion,MPDD-AVG-2026,Audio+Video+Personality,ordinal severity prediction,WavLM audio + ResNet video + shuffled personality TF-IDF early fusion Logistic,ordinal_prediction,personality_openness_bin,high,Prediction Bias,-0.32799999999999996,0.08908422980528036,,,5,25.0,25.0,not_computed_default_lightweight
mpdd_avp_shuffled_personality_early_fusion,MPDD-AVG-2026,Audio+Video+Personality,ordinal severity prediction,WavLM audio + ResNet video + shuffled personality TF-IDF early fusion Logistic,ordinal_prediction,personality_openness_bin,high,QWK,0.2969509804908699,0.09922183832258843,,,5,25.0,25.0,not_computed_default_lightweight
mpdd_avp_shuffled_personality_early_fusion,MPDD-AVG-2026,Audio+Video+Personality,ordinal severity prediction,WavLM audio + ResNet video + shuffled personality TF-IDF early fusion Logistic,ordinal_prediction,personality_openness_bin,high,True Label Probability,0.5158900983831712,0.010357038291616749,,,5,25.0,25.0,not_computed_default_lightweight
mpdd_avp_shuffled_personality_early_fusion,MPDD-AVG-2026,Audio+Video+Personality,ordinal severity prediction,WavLM audio + ResNet video + shuffled personality TF-IDF early fusion Logistic,ordinal_prediction,personality_openness_bin,low,Accuracy,0.4714285714285714,0.023904572186687883,,,5,70.0,70.0,not_computed_default_lightweight
mpdd_avp_shuffled_personality_early_fusion,MPDD-AVG-2026,Audio+Video+Personality,ordinal severity prediction,WavLM audio + ResNet video + shuffled personality TF-IDF early fusion Logistic,ordinal_prediction,personality_openness_bin,low,Brier Score,0.9044584772249694,0.04016194654878156,,,5,70.0,70.0,not_computed_default_lightweight
mpdd_avp_shuffled_personality_early_fusion,MPDD-AVG-2026,Audio+Video+Personality,ordinal severity prediction,WavLM audio + ResNet video + shuffled personality TF-IDF early fusion Logistic,ordinal_prediction,personality_openness_bin,low,Calibration Gap,0.39116087003244265,0.03024024353004828,,,5,70.0,70.0,not_computed_default_lightweight
mpdd_avp_shuffled_personality_early_fusion,MPDD-AVG-2026,Audio+Video+Personality,ordinal severity prediction,WavLM audio + ResNet video + shuffled personality TF-IDF early fusion Logistic,ordinal_prediction,personality_openness_bin,low,ECE,0.40147287343693644,0.020240369823838845,,,5,70.0,70.0,not_computed_default_lightweight
mpdd_avp_shuffled_personality_early_fusion,MPDD-AVG-2026,Audio+Video+Personality,ordinal severity prediction,WavLM audio + ResNet video + shuffled personality TF-IDF early fusion Logistic,ordinal_prediction,personality_openness_bin,low,Macro-F1,0.3737954957357993,0.034309389176600195,,,5,70.0,70.0,not_computed_default_lightweight
mpdd_avp_shuffled_personality_early_fusion,MPDD-AVG-2026,Audio+Video+Personality,ordinal severity prediction,WavLM audio + ResNet video + shuffled personality TF-IDF early fusion Logistic,ordinal_prediction,personality_openness_bin,low,Mean Confidence,0.862589441461014,0.01068805391451709,,,5,70.0,70.0,not_computed_default_lightweight
mpdd_avp_shuffled_personality_early_fusion,MPDD-AVG-2026,Audio+Video+Personality,ordinal severity prediction,WavLM audio + ResNet video + shuffled personality TF-IDF early fusion Logistic,ordinal_prediction,personality_openness_bin,low,Ordinal MAE,0.6485714285714286,0.02649605284427342,,,5,70.0,70.0,not_computed_default_lightweight
mpdd_avp_shuffled_personality_early_fusion,MPDD-AVG-2026,Audio+Video+Personality,ordinal severity prediction,WavLM audio + ResNet video + shuffled personality TF-IDF early fusion Logistic,ordinal_prediction,personality_openness_bin,low,Prediction Bias,-0.1514285714285714,0.04295227536677973,,,5,70.0,70.0,not_computed_default_lightweight
mpdd_avp_shuffled_personality_early_fusion,MPDD-AVG-2026,Audio+Video+Personality,ordinal severity prediction,WavLM audio + ResNet video + shuffled personality TF-IDF early fusion Logistic,ordinal_prediction,personality_openness_bin,low,QWK,0.017249870600581273,0.06853082208704808,,,5,70.0,70.0,not_computed_default_lightweight
mpdd_avp_shuffled_personality_early_fusion,MPDD-AVG-2026,Audio+Video+Personality,ordinal severity prediction,WavLM audio + ResNet video + shuffled personality TF-IDF early fusion Logistic,ordinal_prediction,personality_openness_bin,low,True Label Probability,0.44969262691518946,0.02021954961020957,,,5,70.0,70.0,not_computed_default_lightweight
mpdd_avp_shuffled_personality_early_fusion,MPDD-AVG-2026,Audio+Video+Personality,ordinal severity prediction,WavLM audio + ResNet video + shuffled personality TF-IDF early fusion Logistic,ordinal_prediction,personality_openness_bin,mid,Accuracy,0.6111111111111112,0.0304290309725092,,,5,36.0,36.0,not_computed_default_lightweight
mpdd_avp_shuffled_personality_early_fusion,MPDD-AVG-2026,Audio+Video+Personality,ordinal severity prediction,WavLM audio + ResNet video + shuffled personality TF-IDF early fusion Logistic,ordinal_prediction,personality_openness_bin,mid,Brier Score,0.6487137084004146,0.03527117388040946,,,5,36.0,36.0,not_computed_default_lightweight
mpdd_avp_shuffled_personality_early_fusion,MPDD-AVG-2026,Audio+Video+Personality,ordinal severity prediction,WavLM audio + ResNet video + shuffled personality TF-IDF early fusion Logistic,ordinal_prediction,personality_openness_bin,mid,Calibration Gap,0.23545457523572164,0.030870797115286317,,,5,36.0,36.0,not_computed_default_lightweight
mpdd_avp_shuffled_personality_early_fusion,MPDD-AVG-2026,Audio+Video+Personality,ordinal severity prediction,WavLM audio + ResNet video + shuffled personality TF-IDF early fusion Logistic,ordinal_prediction,personality_openness_bin,mid,ECE,0.3023048240610605,0.01779399445227277,,,5,36.0,36.0,not_computed_default_lightweight
mpdd_avp_shuffled_personality_early_fusion,MPDD-AVG-2026,Audio+Video+Personality,ordinal severity prediction,WavLM audio + ResNet video + shuffled personality TF-IDF early fusion Logistic,ordinal_prediction,personality_openness_bin,mid,Macro-F1,0.3795473165410587,0.03239211887829314,,,5,36.0,36.0,not_computed_default_lightweight
mpdd_avp_shuffled_personality_early_fusion,MPDD-AVG-2026,Audio+Video+Personality,ordinal severity prediction,WavLM audio + ResNet video + shuffled personality TF-IDF early fusion Logistic,ordinal_prediction,personality_openness_bin,mid,Mean Confidence,0.8465656863468327,0.014687414575084655,,,5,36.0,36.0,not_computed_default_lightweight
mpdd_avp_shuffled_personality_early_fusion,MPDD-AVG-2026,Audio+Video+Personality,ordinal severity prediction,WavLM audio + ResNet video + shuffled personality TF-IDF early fusion Logistic,ordinal_prediction,personality_openness_bin,mid,Ordinal MAE,0.4333333333333333,0.05152010275275391,,,5,36.0,36.0,not_computed_default_lightweight
mpdd_avp_shuffled_personality_early_fusion,MPDD-AVG-2026,Audio+Video+Personality,ordinal severity prediction,WavLM audio + ResNet video + shuffled personality TF-IDF early fusion Logistic,ordinal_prediction,personality_openness_bin,mid,Prediction Bias,0.0,0.017568209223157664,,,5,36.0,36.0,not_computed_default_lightweight
mpdd_avp_shuffled_personality_early_fusion,MPDD-AVG-2026,Audio+Video+Personality,ordinal severity prediction,WavLM audio + ResNet video + shuffled personality TF-IDF early fusion Logistic,ordinal_prediction,personality_openness_bin,mid,QWK,0.24362394813976307,0.09711392778240203,,,5,36.0,36.0,not_computed_default_lightweight
mpdd_avp_shuffled_personality_early_fusion,MPDD-AVG-2026,Audio+Video+Personality,ordinal severity prediction,WavLM audio + ResNet video + shuffled personality TF-IDF early fusion Logistic,ordinal_prediction,personality_openness_bin,mid,True Label Probability,0.5649751927110203,0.015952467165565042,,,5,36.0,36.0,not_computed_default_lightweight
mpdd_avp_shuffled_personality_early_fusion,MPDD-AVG-2026,Audio+Video+Personality,ordinal severity prediction,WavLM audio + ResNet video + shuffled personality TF-IDF early fusion Logistic,ordinal_prediction,personality_openness_bin,unknown,Accuracy,0.5590909090909091,0.03692744729379984,,,5,44.0,44.0,not_computed_default_lightweight
mpdd_avp_shuffled_personality_early_fusion,MPDD-AVG-2026,Audio+Video+Personality,ordinal severity prediction,WavLM audio + ResNet video + shuffled personality TF-IDF early fusion Logistic,ordinal_prediction,personality_openness_bin,unknown,Brier Score,0.6902871447532645,0.05629256053503013,,,5,44.0,44.0,not_computed_default_lightweight
mpdd_avp_shuffled_personality_early_fusion,MPDD-AVG-2026,Audio+Video+Personality,ordinal severity prediction,WavLM audio + ResNet video + shuffled personality TF-IDF early fusion Logistic,ordinal_prediction,personality_openness_bin,unknown,Calibration Gap,0.3064685955568251,0.03992822381875615,,,5,44.0,44.0,not_computed_default_lightweight
mpdd_avp_shuffled_personality_early_fusion,MPDD-AVG-2026,Audio+Video+Personality,ordinal severity prediction,WavLM audio + ResNet video + shuffled personality TF-IDF early fusion Logistic,ordinal_prediction,personality_openness_bin,unknown,ECE,0.3068838831496549,0.03931611611542345,,,5,44.0,44.0,not_computed_default_lightweight
mpdd_avp_shuffled_personality_early_fusion,MPDD-AVG-2026,Audio+Video+Personality,ordinal severity prediction,WavLM audio + ResNet video + shuffled personality TF-IDF early fusion Logistic,ordinal_prediction,personality_openness_bin,unknown,Macro-F1,0.3090334689676795,0.042637195703741464,,,5,44.0,44.0,not_computed_default_lightweight
mpdd_avp_shuffled_personality_early_fusion,MPDD-AVG-2026,Audio+Video+Personality,ordinal severity prediction,WavLM audio + ResNet video + shuffled personality TF-IDF early fusion Logistic,ordinal_prediction,personality_openness_bin,unknown,Mean Confidence,0.8655595046477341,0.014195664645829295,,,5,44.0,44.0,not_computed_default_lightweight
mpdd_avp_shuffled_personality_early_fusion,MPDD-AVG-2026,Audio+Video+Personality,ordinal severity prediction,WavLM audio + ResNet video + shuffled personality TF-IDF early fusion Logistic,ordinal_prediction,personality_openness_bin,unknown,Ordinal MAE,0.5545454545454545,0.04679831882266819,,,5,44.0,44.0,not_computed_default_lightweight
mpdd_avp_shuffled_personality_early_fusion,MPDD-AVG-2026,Audio+Video+Personality,ordinal severity prediction,WavLM audio + ResNet video + shuffled personality TF-IDF early fusion Logistic,ordinal_prediction,personality_openness_bin,unknown,Prediction Bias,-0.09090909090909091,0.024896479886598457,,,5,44.0,44.0,not_computed_default_lightweight
mpdd_avp_shuffled_personality_early_fusion,MPDD-AVG-2026,Audio+Video+Personality,ordinal severity prediction,WavLM audio + ResNet video + shuffled personality TF-IDF early fusion Logistic,ordinal_prediction,personality_openness_bin,unknown,QWK,-0.056850369385390585,0.1446124342463549,,,5,44.0,44.0,not_computed_default_lightweight
mpdd_avp_shuffled_personality_early_fusion,MPDD-AVG-2026,Audio+Video+Personality,ordinal severity prediction,WavLM audio + ResNet video + shuffled personality TF-IDF early fusion Logistic,ordinal_prediction,personality_openness_bin,unknown,True Label Probability,0.5604998038981657,0.025061740132259973,,,5,44.0,44.0,not_computed_default_lightweight
mpdd_avp_shuffled_personality_early_fusion,MPDD-AVG-2026,Audio+Video+Personality,ordinal severity prediction,WavLM audio + ResNet video + shuffled personality TF-IDF early fusion Logistic,ordinal_prediction,true_severity,0,Accuracy,0.701923076923077,0.02192645048267574,0.6382692307692308,0.7873557692307693,5,104.0,104.0,seed_group_subject_bootstrap
mpdd_avp_shuffled_personality_early_fusion,MPDD-AVG-2026,Audio+Video+Personality,ordinal severity prediction,WavLM audio + ResNet video + shuffled personality TF-IDF early fusion Logistic,ordinal_prediction,true_severity,0,Brier Score,0.4779025521134404,0.037807045889861106,,,5,104.0,104.0,not_computed_default_lightweight
mpdd_avp_shuffled_personality_early_fusion,MPDD-AVG-2026,Audio+Video+Personality,ordinal severity prediction,WavLM audio + ResNet video + shuffled personality TF-IDF early fusion Logistic,ordinal_prediction,true_severity,0,Calibration Gap,0.1764836231674169,0.024845647554231416,,,5,104.0,104.0,not_computed_default_lightweight
mpdd_avp_shuffled_personality_early_fusion,MPDD-AVG-2026,Audio+Video+Personality,ordinal severity prediction,WavLM audio + ResNet video + shuffled personality TF-IDF early fusion Logistic,ordinal_prediction,true_severity,0,ECE,0.19135607031196364,0.013388602560256141,0.15873725596900565,0.254446780915697,5,104.0,104.0,seed_group_subject_bootstrap
mpdd_avp_shuffled_personality_early_fusion,MPDD-AVG-2026,Audio+Video+Personality,ordinal severity prediction,WavLM audio + ResNet video + shuffled personality TF-IDF early fusion Logistic,ordinal_prediction,true_severity,0,Macro-F1,0.2748885576318688,0.004995908646212647,0.25964844265464715,0.29363466422746626,5,104.0,104.0,seed_group_subject_bootstrap
mpdd_avp_shuffled_personality_early_fusion,MPDD-AVG-2026,Audio+Video+Personality,ordinal severity prediction,WavLM audio + ResNet video + shuffled personality TF-IDF early fusion Logistic,ordinal_prediction,true_severity,0,Mean Confidence,0.8784067000904937,0.011720718051015171,,,5,104.0,104.0,not_computed_default_lightweight
mpdd_avp_shuffled_personality_early_fusion,MPDD-AVG-2026,Audio+Video+Personality,ordinal severity prediction,WavLM audio + ResNet video + shuffled personality TF-IDF early fusion Logistic,ordinal_prediction,true_severity,0,Ordinal MAE,0.3538461538461538,0.0260858845504818,0.2769711538461538,0.42302884615384617,5,104.0,104.0,seed_group_subject_bootstrap
mpdd_avp_shuffled_personality_early_fusion,MPDD-AVG-2026,Audio+Video+Personality,ordinal severity prediction,WavLM audio + ResNet video + shuffled personality TF-IDF early fusion Logistic,ordinal_prediction,true_severity,0,Prediction Bias,0.3538461538461538,0.0260858845504818,,,5,104.0,104.0,not_computed_default_lightweight
mpdd_avp_shuffled_personality_early_fusion,MPDD-AVG-2026,Audio+Video+Personality,ordinal severity prediction,WavLM audio + ResNet video + shuffled personality TF-IDF early fusion Logistic,ordinal_prediction,true_severity,0,QWK,0.0,0.0,0.0,0.0,5,104.0,104.0,seed_group_subject_bootstrap
mpdd_avp_shuffled_personality_early_fusion,MPDD-AVG-2026,Audio+Video+Personality,ordinal severity prediction,WavLM audio + ResNet video + shuffled personality TF-IDF early fusion Logistic,ordinal_prediction,true_severity,0,True Label Probability,0.6728478824335953,0.01689697329005694,,,5,104.0,104.0,not_computed_default_lightweight
mpdd_avp_shuffled_personality_early_fusion,MPDD-AVG-2026,Audio+Video+Personality,ordinal severity prediction,WavLM audio + ResNet video + shuffled personality TF-IDF early fusion Logistic,ordinal_prediction,true_severity,1,Accuracy,0.33599999999999997,0.034409301068170514,0.23650000000000002,0.45630000000000004,5,50.0,50.0,seed_group_subject_bootstrap
mpdd_avp_shuffled_personality_early_fusion,MPDD-AVG-2026,Audio+Video+Personality,ordinal severity prediction,WavLM audio + ResNet video + shuffled personality TF-IDF early fusion Logistic,ordinal_prediction,true_severity,1,Brier Score,1.145365702270862,0.04455449257242762,,,5,50.0,50.0,not_computed_default_lightweight
mpdd_avp_shuffled_personality_early_fusion,MPDD-AVG-2026,Audio+Video+Personality,ordinal severity prediction,WavLM audio + ResNet video + shuffled personality TF-IDF early fusion Logistic,ordinal_prediction,true_severity,1,Calibration Gap,0.5272129173716433,0.040155198928637885,,,5,50.0,50.0,not_computed_default_lightweight
mpdd_avp_shuffled_personality_early_fusion,MPDD-AVG-2026,Audio+Video+Personality,ordinal severity prediction,WavLM audio + ResNet video + shuffled personality TF-IDF early fusion Logistic,ordinal_prediction,true_severity,1,ECE,0.5426858297533179,0.023550313602734536,0.44719209149713013,0.648715398037315,5,50.0,50.0,seed_group_subject_bootstrap
mpdd_avp_shuffled_personality_early_fusion,MPDD-AVG-2026,Audio+Video+Personality,ordinal severity prediction,WavLM audio + ResNet video + shuffled personality TF-IDF early fusion Logistic,ordinal_prediction,true_severity,1,Macro-F1,0.1673417792820778,0.012539403940973817,0.1282563228261387,0.25204202814443577,5,50.0,50.0,seed_group_subject_bootstrap
mpdd_avp_shuffled_personality_early_fusion,MPDD-AVG-2026,Audio+Video+Personality,ordinal severity prediction,WavLM audio + ResNet video + shuffled personality TF-IDF early fusion Logistic,ordinal_prediction,true_severity,1,Mean Confidence,0.8632129173716434,0.014041931852230887,,,5,50.0,50.0,not_computed_default_lightweight
mpdd_avp_shuffled_personality_early_fusion,MPDD-AVG-2026,Audio+Video+Personality,ordinal severity prediction,WavLM audio + ResNet video + shuffled personality TF-IDF early fusion Logistic,ordinal_prediction,true_severity,1,Ordinal MAE,0.664,0.034409301068170514,0.5486000000000001,0.7368,5,50.0,50.0,seed_group_subject_bootstrap
mpdd_avp_shuffled_personality_early_fusion,MPDD-AVG-2026,Audio+Video+Personality,ordinal severity prediction,WavLM audio + ResNet video + shuffled personality TF-IDF early fusion Logistic,ordinal_prediction,true_severity,1,Prediction Bias,-0.5920000000000001,0.041182520563947986,,,5,50.0,50.0,not_computed_default_lightweight
mpdd_avp_shuffled_personality_early_fusion,MPDD-AVG-2026,Audio+Video+Personality,ordinal severity prediction,WavLM audio + ResNet video + shuffled personality TF-IDF early fusion Logistic,ordinal_prediction,true_severity,1,QWK,0.0,0.0,0.0,0.0,5,50.0,50.0,seed_group_subject_bootstrap
mpdd_avp_shuffled_personality_early_fusion,MPDD-AVG-2026,Audio+Video+Personality,ordinal severity prediction,WavLM audio + ResNet video + shuffled personality TF-IDF early fusion Logistic,ordinal_prediction,true_severity,1,True Label Probability,0.32861948519775713,0.01812959613977541,,,5,50.0,50.0,not_computed_default_lightweight
mpdd_avp_shuffled_personality_early_fusion,MPDD-AVG-2026,Audio+Video+Personality,ordinal severity prediction,WavLM audio + ResNet video + shuffled personality TF-IDF early fusion Logistic,ordinal_prediction,true_severity,2,Accuracy,0.13333333333333333,0.05553287518900286,0.06666666666666667,0.27380952380952384,5,21.0,21.0,seed_group_subject_bootstrap
mpdd_avp_shuffled_personality_early_fusion,MPDD-AVG-2026,Audio+Video+Personality,ordinal severity prediction,WavLM audio + ResNet video + shuffled personality TF-IDF early fusion Logistic,ordinal_prediction,true_severity,2,Brier Score,1.476390014698492,0.08591973324152016,,,5,21.0,21.0,not_computed_default_lightweight
mpdd_avp_shuffled_personality_early_fusion,MPDD-AVG-2026,Audio+Video+Personality,ordinal severity prediction,WavLM audio + ResNet video + shuffled personality TF-IDF early fusion Logistic,ordinal_prediction,true_severity,2,Calibration Gap,0.6893097655829254,0.07094924447020995,,,5,21.0,21.0,not_computed_default_lightweight
mpdd_avp_shuffled_personality_early_fusion,MPDD-AVG-2026,Audio+Video+Personality,ordinal severity prediction,WavLM audio + ResNet video + shuffled personality TF-IDF early fusion Logistic,ordinal_prediction,true_severity,2,ECE,0.7157840062708676,0.06044544541810285,0.6071149979561097,0.8379838071033394,5,21.0,21.0,seed_group_subject_bootstrap
mpdd_avp_shuffled_personality_early_fusion,MPDD-AVG-2026,Audio+Video+Personality,ordinal severity prediction,WavLM audio + ResNet video + shuffled personality TF-IDF early fusion Logistic,ordinal_prediction,true_severity,2,Macro-F1,0.07698814229249011,0.029472162793462906,0.040843214756258225,0.14122213508630302,5,21.0,21.0,seed_group_subject_bootstrap
mpdd_avp_shuffled_personality_early_fusion,MPDD-AVG-2026,Audio+Video+Personality,ordinal severity prediction,WavLM audio + ResNet video + shuffled personality TF-IDF early fusion Logistic,ordinal_prediction,true_severity,2,Mean Confidence,0.8226430989162589,0.030263852548986503,,,5,21.0,21.0,not_computed_default_lightweight
mpdd_avp_shuffled_personality_early_fusion,MPDD-AVG-2026,Audio+Video+Personality,ordinal severity prediction,WavLM audio + ResNet video + shuffled personality TF-IDF early fusion Logistic,ordinal_prediction,true_severity,2,Ordinal MAE,1.4285714285714286,0.1312766547818116,1.198095238095238,1.5733333333333335,5,21.0,21.0,seed_group_subject_bootstrap
mpdd_avp_shuffled_personality_early_fusion,MPDD-AVG-2026,Audio+Video+Personality,ordinal severity prediction,WavLM audio + ResNet video + shuffled personality TF-IDF early fusion Logistic,ordinal_prediction,true_severity,2,Prediction Bias,-1.4285714285714286,0.1312766547818116,,,5,21.0,21.0,not_computed_default_lightweight
mpdd_avp_shuffled_personality_early_fusion,MPDD-AVG-2026,Audio+Video+Personality,ordinal severity prediction,WavLM audio + ResNet video + shuffled personality TF-IDF early fusion Logistic,ordinal_prediction,true_severity,2,QWK,0.0,0.0,0.0,0.0,5,21.0,21.0,seed_group_subject_bootstrap
mpdd_avp_shuffled_personality_early_fusion,MPDD-AVG-2026,Audio+Video+Personality,ordinal severity prediction,WavLM audio + ResNet video + shuffled personality TF-IDF early fusion Logistic,ordinal_prediction,true_severity,2,True Label Probability,0.141413362846515,0.03697774408455294,,,5,21.0,21.0,not_computed_default_lightweight
mpdd_demographics_age_severity_logistic,MPDD-AVG-2026,Demographics,ordinal severity prediction,age group one-hot + Logistic,ordinal_prediction,age_group,elder,Accuracy,0.5471264367816091,0.08771854725673062,0.4883908045977011,0.6132183908045977,5,87.0,87.0,seed_group_subject_bootstrap
mpdd_demographics_age_severity_logistic,MPDD-AVG-2026,Demographics,ordinal severity prediction,age group one-hot + Logistic,ordinal_prediction,age_group,elder,Brier Score,0.6319752141572117,0.0013383591730198804,,,5,87.0,87.0,not_computed_default_lightweight
mpdd_demographics_age_severity_logistic,MPDD-AVG-2026,Demographics,ordinal severity prediction,age group one-hot + Logistic,ordinal_prediction,age_group,elder,Calibration Gap,-0.14878401025221477,0.09028721386608538,,,5,87.0,87.0,not_computed_default_lightweight
mpdd_demographics_age_severity_logistic,MPDD-AVG-2026,Demographics,ordinal severity prediction,age group one-hot + Logistic,ordinal_prediction,age_group,elder,ECE,0.20311836721228302,0.060716511262813515,0.14187921615929505,0.2910105002412805,5,87.0,87.0,seed_group_subject_bootstrap
mpdd_demographics_age_severity_logistic,MPDD-AVG-2026,Demographics,ordinal severity prediction,age group one-hot + Logistic,ordinal_prediction,age_group,elder,Macro-F1,0.26266084963722447,0.02043373555828765,0.22628043586392715,0.2949072030215678,5,87.0,87.0,seed_group_subject_bootstrap
mpdd_demographics_age_severity_logistic,MPDD-AVG-2026,Demographics,ordinal severity prediction,age group one-hot + Logistic,ordinal_prediction,age_group,elder,Mean Confidence,0.39834242652939433,0.0028818846103522565,,,5,87.0,87.0,not_computed_default_lightweight
mpdd_demographics_age_severity_logistic,MPDD-AVG-2026,Demographics,ordinal severity prediction,age group one-hot + Logistic,ordinal_prediction,age_group,elder,Ordinal MAE,0.710344827586207,0.17543709451346126,0.6067816091954022,0.8298275862068966,5,87.0,87.0,seed_group_subject_bootstrap
mpdd_demographics_age_severity_logistic,MPDD-AVG-2026,Demographics,ordinal severity prediction,age group one-hot + Logistic,ordinal_prediction,age_group,elder,Prediction Bias,-0.06666666666666668,0.25499631492160085,,,5,87.0,87.0,not_computed_default_lightweight
mpdd_demographics_age_severity_logistic,MPDD-AVG-2026,Demographics,ordinal severity prediction,age group one-hot + Logistic,ordinal_prediction,age_group,elder,QWK,-0.08127427573673521,0.05149242009749519,-0.18520620018563097,0.07197043737929873,5,87.0,87.0,seed_group_subject_bootstrap
mpdd_demographics_age_severity_logistic,MPDD-AVG-2026,Demographics,ordinal severity prediction,age group one-hot + Logistic,ordinal_prediction,age_group,elder,True Label Probability,0.3578312564011584,0.0006618668321197639,,,5,87.0,87.0,not_computed_default_lightweight
mpdd_demographics_age_severity_logistic,MPDD-AVG-2026,Demographics,ordinal severity prediction,age group one-hot + Logistic,ordinal_prediction,age_group,young,Accuracy,0.375,0.0,0.28795454545454546,0.44056818181818186,5,88.0,88.0,seed_group_subject_bootstrap
mpdd_demographics_age_severity_logistic,MPDD-AVG-2026,Demographics,ordinal severity prediction,age group one-hot + Logistic,ordinal_prediction,age_group,young,Brier Score,0.6829596130687763,0.0015514381765966735,,,5,88.0,88.0,not_computed_default_lightweight
mpdd_demographics_age_severity_logistic,MPDD-AVG-2026,Demographics,ordinal severity prediction,age group one-hot + Logistic,ordinal_prediction,age_group,young,Calibration Gap,0.04243650447986428,0.0007253742496461502,,,5,88.0,88.0,not_computed_default_lightweight
mpdd_demographics_age_severity_logistic,MPDD-AVG-2026,Demographics,ordinal severity prediction,age group one-hot + Logistic,ordinal_prediction,age_group,young,ECE,0.07092182873103836,0.02065359940452451,0.03583965434472621,0.14178031835478253,5,88.0,88.0,seed_group_subject_bootstrap
mpdd_demographics_age_severity_logistic,MPDD-AVG-2026,Demographics,ordinal severity prediction,age group one-hot + Logistic,ordinal_prediction,age_group,young,Macro-F1,0.1818181818181818,0.0,0.14880818439565383,0.203783694385172,5,88.0,88.0,seed_group_subject_bootstrap
mpdd_demographics_age_severity_logistic,MPDD-AVG-2026,Demographics,ordinal severity prediction,age group one-hot + Logistic,ordinal_prediction,age_group,young,Mean Confidence,0.4174365044798643,0.0007253742496461502,,,5,88.0,88.0,not_computed_default_lightweight
mpdd_demographics_age_severity_logistic,MPDD-AVG-2026,Demographics,ordinal severity prediction,age group one-hot + Logistic,ordinal_prediction,age_group,young,Ordinal MAE,0.625,0.0,0.5326704545454546,0.702215909090909,5,88.0,88.0,seed_group_subject_bootstrap
mpdd_demographics_age_severity_logistic,MPDD-AVG-2026,Demographics,ordinal severity prediction,age group one-hot + Logistic,ordinal_prediction,age_group,young,Prediction Bias,0.3977272727272727,0.0,,,5,88.0,88.0,not_computed_default_lightweight
mpdd_demographics_age_severity_logistic,MPDD-AVG-2026,Demographics,ordinal severity prediction,age group one-hot + Logistic,ordinal_prediction,age_group,young,QWK,0.0,0.0,0.0,0.0,5,88.0,88.0,seed_group_subject_bootstrap
mpdd_demographics_age_severity_logistic,MPDD-AVG-2026,Demographics,ordinal severity prediction,age group one-hot + Logistic,ordinal_prediction,age_group,young,True Label Probability,0.3310830548646472,0.0006579303762046992,,,5,88.0,88.0,not_computed_default_lightweight
mpdd_demographics_age_severity_logistic,MPDD-AVG-2026,Demographics,ordinal severity prediction,age group one-hot + Logistic,ordinal_prediction,financial_stress_bin,high_or_severe,Accuracy,0.37142857142857144,0.06998542122237651,,,5,7.0,7.0,not_computed_default_lightweight
mpdd_demographics_age_severity_logistic,MPDD-AVG-2026,Demographics,ordinal severity prediction,age group one-hot + Logistic,ordinal_prediction,financial_stress_bin,high_or_severe,Brier Score,0.6717413857032468,0.006725368119632023,,,5,7.0,7.0,not_computed_default_lightweight
mpdd_demographics_age_severity_logistic,MPDD-AVG-2026,Demographics,ordinal severity prediction,age group one-hot + Logistic,ordinal_prediction,financial_stress_bin,high_or_severe,Calibration Gap,0.026542165130333008,0.06901693322492358,,,5,7.0,7.0,not_computed_default_lightweight
mpdd_demographics_age_severity_logistic,MPDD-AVG-2026,Demographics,ordinal severity prediction,age group one-hot + Logistic,ordinal_prediction,financial_stress_bin,high_or_severe,ECE,0.1023269486855481,0.038597041393622404,,,5,7.0,7.0,not_computed_default_lightweight
mpdd_demographics_age_severity_logistic,MPDD-AVG-2026,Demographics,ordinal severity prediction,age group one-hot + Logistic,ordinal_prediction,financial_stress_bin,high_or_severe,Macro-F1,0.19904761904761903,0.019610724078070473,,,5,7.0,7.0,not_computed_default_lightweight
mpdd_demographics_age_severity_logistic,MPDD-AVG-2026,Demographics,ordinal severity prediction,age group one-hot + Logistic,ordinal_prediction,financial_stress_bin,high_or_severe,Mean Confidence,0.39797073655890436,0.006166284897678018,,,5,7.0,7.0,not_computed_default_lightweight
mpdd_demographics_age_severity_logistic,MPDD-AVG-2026,Demographics,ordinal severity prediction,age group one-hot + Logistic,ordinal_prediction,financial_stress_bin,high_or_severe,Ordinal MAE,0.9714285714285715,0.13997084244475302,,,5,7.0,7.0,not_computed_default_lightweight
mpdd_demographics_age_severity_logistic,MPDD-AVG-2026,Demographics,ordinal severity prediction,age group one-hot + Logistic,ordinal_prediction,financial_stress_bin,high_or_severe,Prediction Bias,-0.5714285714285714,0.3614031611621005,,,5,7.0,7.0,not_computed_default_lightweight
mpdd_demographics_age_severity_logistic,MPDD-AVG-2026,Demographics,ordinal severity prediction,age group one-hot + Logistic,ordinal_prediction,financial_stress_bin,high_or_severe,QWK,-0.09030644152595371,0.11228760264132512,,,5,7.0,7.0,not_computed_default_lightweight
mpdd_demographics_age_severity_logistic,MPDD-AVG-2026,Demographics,ordinal severity prediction,age group one-hot + Logistic,ordinal_prediction,financial_stress_bin,high_or_severe,True Label Probability,0.33771728719455796,0.0028261210245751033,,,5,7.0,7.0,not_computed_default_lightweight
mpdd_demographics_age_severity_logistic,MPDD-AVG-2026,Demographics,ordinal severity prediction,age group one-hot + Logistic,ordinal_prediction,financial_stress_bin,mentioned_unclear,Accuracy,0.5,0.0,,,5,4.0,4.0,not_computed_default_lightweight
mpdd_demographics_age_severity_logistic,MPDD-AVG-2026,Demographics,ordinal severity prediction,age group one-hot + Logistic,ordinal_prediction,financial_stress_bin,mentioned_unclear,Brier Score,0.6595570829826428,0.019167785799301295,,,5,4.0,4.0,not_computed_default_lightweight
mpdd_demographics_age_severity_logistic,MPDD-AVG-2026,Demographics,ordinal severity prediction,age group one-hot + Logistic,ordinal_prediction,financial_stress_bin,mentioned_unclear,Calibration Gap,-0.10226932592039943,0.00902721607841849,,,5,4.0,4.0,not_computed_default_lightweight
mpdd_demographics_age_severity_logistic,MPDD-AVG-2026,Demographics,ordinal severity prediction,age group one-hot + Logistic,ordinal_prediction,financial_stress_bin,mentioned_unclear,ECE,0.18030488526711846,0.08468731747008147,,,5,4.0,4.0,not_computed_default_lightweight
mpdd_demographics_age_severity_logistic,MPDD-AVG-2026,Demographics,ordinal severity prediction,age group one-hot + Logistic,ordinal_prediction,financial_stress_bin,mentioned_unclear,Macro-F1,0.28888888888888886,0.08164965809277258,,,5,4.0,4.0,not_computed_default_lightweight
mpdd_demographics_age_severity_logistic,MPDD-AVG-2026,Demographics,ordinal severity prediction,age group one-hot + Logistic,ordinal_prediction,financial_stress_bin,mentioned_unclear,Mean Confidence,0.39773067407960055,0.00902721607841849,,,5,4.0,4.0,not_computed_default_lightweight
mpdd_demographics_age_severity_logistic,MPDD-AVG-2026,Demographics,ordinal severity prediction,age group one-hot + Logistic,ordinal_prediction,financial_stress_bin,mentioned_unclear,Ordinal MAE,0.75,0.0,,,5,4.0,4.0,not_computed_default_lightweight
mpdd_demographics_age_severity_logistic,MPDD-AVG-2026,Demographics,ordinal severity prediction,age group one-hot + Logistic,ordinal_prediction,financial_stress_bin,mentioned_unclear,Prediction Bias,-0.25,0.6324555320336759,,,5,4.0,4.0,not_computed_default_lightweight
mpdd_demographics_age_severity_logistic,MPDD-AVG-2026,Demographics,ordinal severity prediction,age group one-hot + Logistic,ordinal_prediction,financial_stress_bin,mentioned_unclear,QWK,0.13214285714285715,0.16428571428571428,,,5,4.0,4.0,not_computed_default_lightweight
mpdd_demographics_age_severity_logistic,MPDD-AVG-2026,Demographics,ordinal severity prediction,age group one-hot + Logistic,ordinal_prediction,financial_stress_bin,mentioned_unclear,True Label Probability,0.34445303874606364,0.010315472892219247,,,5,4.0,4.0,not_computed_default_lightweight
mpdd_demographics_age_severity_logistic,MPDD-AVG-2026,Demographics,ordinal severity prediction,age group one-hot + Logistic,ordinal_prediction,financial_stress_bin,mild_or_low,Accuracy,0.4,0.062360956446232366,,,5,12.0,12.0,not_computed_default_lightweight
mpdd_demographics_age_severity_logistic,MPDD-AVG-2026,Demographics,ordinal severity prediction,age group one-hot + Logistic,ordinal_prediction,financial_stress_bin,mild_or_low,Brier Score,0.6979243196445766,0.002961740809859155,,,5,12.0,12.0,not_computed_default_lightweight
mpdd_demographics_age_severity_logistic,MPDD-AVG-2026,Demographics,ordinal severity prediction,age group one-hot + Logistic,ordinal_prediction,financial_stress_bin,mild_or_low,Calibration Gap,-0.0023845550609630116,0.06338910633904292,,,5,12.0,12.0,not_computed_default_lightweight
mpdd_demographics_age_severity_logistic,MPDD-AVG-2026,Demographics,ordinal severity prediction,age group one-hot + Logistic,ordinal_prediction,financial_stress_bin,mild_or_low,ECE,0.11460839230283408,0.04305492301555896,,,5,12.0,12.0,not_computed_default_lightweight
mpdd_demographics_age_severity_logistic,MPDD-AVG-2026,Demographics,ordinal severity prediction,age group one-hot + Logistic,ordinal_prediction,financial_stress_bin,mild_or_low,Macro-F1,0.2042063492063492,0.017624766696571943,,,5,12.0,12.0,not_computed_default_lightweight
mpdd_demographics_age_severity_logistic,MPDD-AVG-2026,Demographics,ordinal severity prediction,age group one-hot + Logistic,ordinal_prediction,financial_stress_bin,mild_or_low,Mean Confidence,0.39761544493903694,0.005593392144118948,,,5,12.0,12.0,not_computed_default_lightweight
mpdd_demographics_age_severity_logistic,MPDD-AVG-2026,Demographics,ordinal severity prediction,age group one-hot + Logistic,ordinal_prediction,financial_stress_bin,mild_or_low,Ordinal MAE,0.7833333333333333,0.12472191289246469,,,5,12.0,12.0,not_computed_default_lightweight
mpdd_demographics_age_severity_logistic,MPDD-AVG-2026,Demographics,ordinal severity prediction,age group one-hot + Logistic,ordinal_prediction,financial_stress_bin,mild_or_low,Prediction Bias,-0.18333333333333335,0.22607766610417562,,,5,12.0,12.0,not_computed_default_lightweight
mpdd_demographics_age_severity_logistic,MPDD-AVG-2026,Demographics,ordinal severity prediction,age group one-hot + Logistic,ordinal_prediction,financial_stress_bin,mild_or_low,QWK,-0.05640351597798401,0.09516150721092168,,,5,12.0,12.0,not_computed_default_lightweight
mpdd_demographics_age_severity_logistic,MPDD-AVG-2026,Demographics,ordinal severity prediction,age group one-hot + Logistic,ordinal_prediction,financial_stress_bin,mild_or_low,True Label Probability,0.32461874429822013,0.001630831323979337,,,5,12.0,12.0,not_computed_default_lightweight
mpdd_demographics_age_severity_logistic,MPDD-AVG-2026,Demographics,ordinal severity prediction,age group one-hot + Logistic,ordinal_prediction,financial_stress_bin,moderate,Accuracy,0.6285714285714286,0.19378085666072195,,,5,7.0,7.0,not_computed_default_lightweight
mpdd_demographics_age_severity_logistic,MPDD-AVG-2026,Demographics,ordinal severity prediction,age group one-hot + Logistic,ordinal_prediction,financial_stress_bin,moderate,Brier Score,0.5804560249626105,0.012984523844668411,,,5,7.0,7.0,not_computed_default_lightweight
mpdd_demographics_age_severity_logistic,MPDD-AVG-2026,Demographics,ordinal severity prediction,age group one-hot + Logistic,ordinal_prediction,financial_stress_bin,moderate,Calibration Gap,-0.23254684829365826,0.1942026430225679,,,5,7.0,7.0,not_computed_default_lightweight
mpdd_demographics_age_severity_logistic,MPDD-AVG-2026,Demographics,ordinal severity prediction,age group one-hot + Logistic,ordinal_prediction,financial_stress_bin,moderate,ECE,0.3002097666326621,0.09318885081799362,,,5,7.0,7.0,not_computed_default_lightweight
mpdd_demographics_age_severity_logistic,MPDD-AVG-2026,Demographics,ordinal severity prediction,age group one-hot + Logistic,ordinal_prediction,financial_stress_bin,moderate,Macro-F1,0.4753535353535353,0.18547099462712408,,,5,7.0,7.0,not_computed_default_lightweight
mpdd_demographics_age_severity_logistic,MPDD-AVG-2026,Demographics,ordinal severity prediction,age group one-hot + Logistic,ordinal_prediction,financial_stress_bin,moderate,Mean Confidence,0.3960245802777703,0.008053251938798738,,,5,7.0,7.0,not_computed_default_lightweight
mpdd_demographics_age_severity_logistic,MPDD-AVG-2026,Demographics,ordinal severity prediction,age group one-hot + Logistic,ordinal_prediction,financial_stress_bin,moderate,Ordinal MAE,0.7428571428571429,0.3875617133214439,,,5,7.0,7.0,not_computed_default_lightweight
mpdd_demographics_age_severity_logistic,MPDD-AVG-2026,Demographics,ordinal severity prediction,age group one-hot + Logistic,ordinal_prediction,financial_stress_bin,moderate,Prediction Bias,-0.17142857142857143,0.38756171332144385,,,5,7.0,7.0,not_computed_default_lightweight
mpdd_demographics_age_severity_logistic,MPDD-AVG-2026,Demographics,ordinal severity prediction,age group one-hot + Logistic,ordinal_prediction,financial_stress_bin,moderate,QWK,0.03069053708439893,0.35244414389030254,,,5,7.0,7.0,not_computed_default_lightweight
mpdd_demographics_age_severity_logistic,MPDD-AVG-2026,Demographics,ordinal severity prediction,age group one-hot + Logistic,ordinal_prediction,financial_stress_bin,moderate,True Label Probability,0.3832617218892741,0.006998642437376306,,,5,7.0,7.0,not_computed_default_lightweight
mpdd_demographics_age_severity_logistic,MPDD-AVG-2026,Demographics,ordinal severity prediction,age group one-hot + Logistic,ordinal_prediction,financial_stress_bin,none,Accuracy,0.5647058823529412,0.0947689880281927,,,5,51.0,51.0,not_computed_default_lightweight
mpdd_demographics_age_severity_logistic,MPDD-AVG-2026,Demographics,ordinal severity prediction,age group one-hot + Logistic,ordinal_prediction,financial_stress_bin,none,Brier Score,0.6245396667335459,0.0014923506838366808,,,5,51.0,51.0,not_computed_default_lightweight
mpdd_demographics_age_severity_logistic,MPDD-AVG-2026,Demographics,ordinal severity prediction,age group one-hot + Logistic,ordinal_prediction,financial_stress_bin,none,Calibration Gap,-0.16572451048800857,0.09729622935882404,,,5,51.0,51.0,not_computed_default_lightweight
mpdd_demographics_age_severity_logistic,MPDD-AVG-2026,Demographics,ordinal severity prediction,age group one-hot + Logistic,ordinal_prediction,financial_stress_bin,none,ECE,0.23805483245974615,0.07824815874802409,,,5,51.0,51.0,not_computed_default_lightweight
mpdd_demographics_age_severity_logistic,MPDD-AVG-2026,Demographics,ordinal severity prediction,age group one-hot + Logistic,ordinal_prediction,financial_stress_bin,none,Macro-F1,0.24993351431784633,0.022323738915796188,,,5,51.0,51.0,not_computed_default_lightweight
mpdd_demographics_age_severity_logistic,MPDD-AVG-2026,Demographics,ordinal severity prediction,age group one-hot + Logistic,ordinal_prediction,financial_stress_bin,none,Mean Confidence,0.39898137186493265,0.0026633941151056346,,,5,51.0,51.0,not_computed_default_lightweight
mpdd_demographics_age_severity_logistic,MPDD-AVG-2026,Demographics,ordinal severity prediction,age group one-hot + Logistic,ordinal_prediction,financial_stress_bin,none,Ordinal MAE,0.6941176470588235,0.18953797605638545,,,5,51.0,51.0,not_computed_default_lightweight
mpdd_demographics_age_severity_logistic,MPDD-AVG-2026,Demographics,ordinal severity prediction,age group one-hot + Logistic,ordinal_prediction,financial_stress_bin,none,Prediction Bias,0.011764705882352932,0.2534195203357414,,,5,51.0,51.0,not_computed_default_lightweight
mpdd_demographics_age_severity_logistic,MPDD-AVG-2026,Demographics,ordinal severity prediction,age group one-hot + Logistic,ordinal_prediction,financial_stress_bin,none,QWK,-0.143261168759323,0.08116490544834022,,,5,51.0,51.0,not_computed_default_lightweight
mpdd_demographics_age_severity_logistic,MPDD-AVG-2026,Demographics,ordinal severity prediction,age group one-hot + Logistic,ordinal_prediction,financial_stress_bin,none,True Label Probability,0.3616510290277539,0.000748170109207581,,,5,51.0,51.0,not_computed_default_lightweight
mpdd_demographics_age_severity_logistic,MPDD-AVG-2026,Demographics,ordinal severity prediction,age group one-hot + Logistic,ordinal_prediction,financial_stress_bin,unknown,Accuracy,0.4042553191489361,0.013456500681567566,,,5,94.0,94.0,not_computed_default_lightweight
mpdd_demographics_age_severity_logistic,MPDD-AVG-2026,Demographics,ordinal severity prediction,age group one-hot + Logistic,ordinal_prediction,financial_stress_bin,unknown,Brier Score,0.6750219631488552,0.0012677594041464585,,,5,94.0,94.0,not_computed_default_lightweight
mpdd_demographics_age_severity_logistic,MPDD-AVG-2026,Demographics,ordinal severity prediction,age group one-hot + Logistic,ordinal_prediction,financial_stress_bin,unknown,Calibration Gap,0.011934875358832276,0.013907412535015555,,,5,94.0,94.0,not_computed_default_lightweight
mpdd_demographics_age_severity_logistic,MPDD-AVG-2026,Demographics,ordinal severity prediction,age group one-hot + Logistic,ordinal_prediction,financial_stress_bin,unknown,ECE,0.059385475535419695,0.025856666572652478,,,5,94.0,94.0,not_computed_default_lightweight
mpdd_demographics_age_severity_logistic,MPDD-AVG-2026,Demographics,ordinal severity prediction,age group one-hot + Logistic,ordinal_prediction,financial_stress_bin,unknown,Macro-F1,0.24102782208045367,0.013909649109687032,,,5,94.0,94.0,not_computed_default_lightweight
mpdd_demographics_age_severity_logistic,MPDD-AVG-2026,Demographics,ordinal severity prediction,age group one-hot + Logistic,ordinal_prediction,financial_stress_bin,unknown,Mean Confidence,0.4161901945077684,0.0008909401639342764,,,5,94.0,94.0,not_computed_default_lightweight
mpdd_demographics_age_severity_logistic,MPDD-AVG-2026,Demographics,ordinal severity prediction,age group one-hot + Logistic,ordinal_prediction,financial_stress_bin,unknown,Ordinal MAE,0.6063829787234043,0.026913001363135132,,,5,94.0,94.0,not_computed_default_lightweight
mpdd_demographics_age_severity_logistic,MPDD-AVG-2026,Demographics,ordinal severity prediction,age group one-hot + Logistic,ordinal_prediction,financial_stress_bin,unknown,Prediction Bias,0.39361702127659576,0.026913001363135156,,,5,94.0,94.0,not_computed_default_lightweight
mpdd_demographics_age_severity_logistic,MPDD-AVG-2026,Demographics,ordinal severity prediction,age group one-hot + Logistic,ordinal_prediction,financial_stress_bin,unknown,QWK,0.07263740409531032,0.04650115061312534,,,5,94.0,94.0,not_computed_default_lightweight
mpdd_demographics_age_severity_logistic,MPDD-AVG-2026,Demographics,ordinal severity prediction,age group one-hot + Logistic,ordinal_prediction,financial_stress_bin,unknown,True Label Probability,0.335131228770474,0.0004924586730108031,,,5,94.0,94.0,not_computed_default_lightweight
mpdd_demographics_age_severity_logistic,MPDD-AVG-2026,Demographics,ordinal severity prediction,age group one-hot + Logistic,ordinal_prediction,personality_agreeableness_bin,high,Accuracy,0.47142857142857136,0.05714285714285714,,,5,28.0,28.0,not_computed_default_lightweight
mpdd_demographics_age_severity_logistic,MPDD-AVG-2026,Demographics,ordinal severity prediction,age group one-hot + Logistic,ordinal_prediction,personality_agreeableness_bin,high,Brier Score,0.6555273452268608,0.0034464280562216706,,,5,28.0,28.0,not_computed_default_lightweight
mpdd_demographics_age_severity_logistic,MPDD-AVG-2026,Demographics,ordinal severity prediction,age group one-hot + Logistic,ordinal_prediction,personality_agreeableness_bin,high,Calibration Gap,-0.06788855580279528,0.06046792809694232,,,5,28.0,28.0,not_computed_default_lightweight
mpdd_demographics_age_severity_logistic,MPDD-AVG-2026,Demographics,ordinal severity prediction,age group one-hot + Logistic,ordinal_prediction,personality_agreeableness_bin,high,ECE,0.11014472456480877,0.0625083621437208,,,5,28.0,28.0,not_computed_default_lightweight
mpdd_demographics_age_severity_logistic,MPDD-AVG-2026,Demographics,ordinal severity prediction,age group one-hot + Logistic,ordinal_prediction,personality_agreeableness_bin,high,Macro-F1,0.36967528588496334,0.04439982270070796,,,5,28.0,28.0,not_computed_default_lightweight
mpdd_demographics_age_severity_logistic,MPDD-AVG-2026,Demographics,ordinal severity prediction,age group one-hot + Logistic,ordinal_prediction,personality_agreeableness_bin,high,Mean Confidence,0.4035400156257761,0.003914127611161145,,,5,28.0,28.0,not_computed_default_lightweight
mpdd_demographics_age_severity_logistic,MPDD-AVG-2026,Demographics,ordinal severity prediction,age group one-hot + Logistic,ordinal_prediction,personality_agreeableness_bin,high,Ordinal MAE,0.7000000000000001,0.11428571428571428,,,5,28.0,28.0,not_computed_default_lightweight
mpdd_demographics_age_severity_logistic,MPDD-AVG-2026,Demographics,ordinal severity prediction,age group one-hot + Logistic,ordinal_prediction,personality_agreeableness_bin,high,Prediction Bias,0.014285714285714285,0.16536909861128893,,,5,28.0,28.0,not_computed_default_lightweight
mpdd_demographics_age_severity_logistic,MPDD-AVG-2026,Demographics,ordinal severity prediction,age group one-hot + Logistic,ordinal_prediction,personality_agreeableness_bin,high,QWK,0.03621963066003764,0.12223373871093447,,,5,28.0,28.0,not_computed_default_lightweight
mpdd_demographics_age_severity_logistic,MPDD-AVG-2026,Demographics,ordinal severity prediction,age group one-hot + Logistic,ordinal_prediction,personality_agreeableness_bin,high,True Label Probability,0.3454480953426199,0.0017860174380449493,,,5,28.0,28.0,not_computed_default_lightweight
mpdd_demographics_age_severity_logistic,MPDD-AVG-2026,Demographics,ordinal severity prediction,age group one-hot + Logistic,ordinal_prediction,personality_agreeableness_bin,low,Accuracy,0.5599999999999999,0.01999999999999997,,,5,40.0,40.0,not_computed_default_lightweight
mpdd_demographics_age_severity_logistic,MPDD-AVG-2026,Demographics,ordinal severity prediction,age group one-hot + Logistic,ordinal_prediction,personality_agreeableness_bin,low,Brier Score,0.6401263400742331,0.001731810586630438,,,5,40.0,40.0,not_computed_default_lightweight
mpdd_demographics_age_severity_logistic,MPDD-AVG-2026,Demographics,ordinal severity prediction,age group one-hot + Logistic,ordinal_prediction,personality_agreeableness_bin,low,Calibration Gap,-0.14719486349128755,0.019618198093902223,,,5,40.0,40.0,not_computed_default_lightweight
mpdd_demographics_age_severity_logistic,MPDD-AVG-2026,Demographics,ordinal severity prediction,age group one-hot + Logistic,ordinal_prediction,personality_agreeableness_bin,low,ECE,0.14719486349128752,0.01961819809390227,,,5,40.0,40.0,not_computed_default_lightweight
mpdd_demographics_age_severity_logistic,MPDD-AVG-2026,Demographics,ordinal severity prediction,age group one-hot + Logistic,ordinal_prediction,personality_agreeableness_bin,low,Macro-F1,0.3532505658592615,0.01757446261117112,,,5,40.0,40.0,not_computed_default_lightweight
mpdd_demographics_age_severity_logistic,MPDD-AVG-2026,Demographics,ordinal severity prediction,age group one-hot + Logistic,ordinal_prediction,personality_agreeableness_bin,low,Mean Confidence,0.4128051365087124,0.0031286561753549273,,,5,40.0,40.0,not_computed_default_lightweight
mpdd_demographics_age_severity_logistic,MPDD-AVG-2026,Demographics,ordinal severity prediction,age group one-hot + Logistic,ordinal_prediction,personality_agreeableness_bin,low,Ordinal MAE,0.48,0.04000000000000001,,,5,40.0,40.0,not_computed_default_lightweight
mpdd_demographics_age_severity_logistic,MPDD-AVG-2026,Demographics,ordinal severity prediction,age group one-hot + Logistic,ordinal_prediction,personality_agreeableness_bin,low,Prediction Bias,0.16,0.058309518948453,,,5,40.0,40.0,not_computed_default_lightweight
mpdd_demographics_age_severity_logistic,MPDD-AVG-2026,Demographics,ordinal severity prediction,age group one-hot + Logistic,ordinal_prediction,personality_agreeableness_bin,low,QWK,0.05933988898538167,0.07668603965187455,,,5,40.0,40.0,not_computed_default_lightweight
mpdd_demographics_age_severity_logistic,MPDD-AVG-2026,Demographics,ordinal severity prediction,age group one-hot + Logistic,ordinal_prediction,personality_agreeableness_bin,low,True Label Probability,0.35262688344603477,0.0010812577196664323,,,5,40.0,40.0,not_computed_default_lightweight
mpdd_demographics_age_severity_logistic,MPDD-AVG-2026,Demographics,ordinal severity prediction,age group one-hot + Logistic,ordinal_prediction,personality_agreeableness_bin,mid,Accuracy,0.3391304347826087,0.010649955403405116,,,5,46.0,46.0,not_computed_default_lightweight
mpdd_demographics_age_severity_logistic,MPDD-AVG-2026,Demographics,ordinal severity prediction,age group one-hot + Logistic,ordinal_prediction,personality_agreeableness_bin,mid,Brier Score,0.6918391984202362,0.0024425043483698576,,,5,46.0,46.0,not_computed_default_lightweight
mpdd_demographics_age_severity_logistic,MPDD-AVG-2026,Demographics,ordinal severity prediction,age group one-hot + Logistic,ordinal_prediction,personality_agreeableness_bin,mid,Calibration Gap,0.07702003636090933,0.010540309450467276,,,5,46.0,46.0,not_computed_default_lightweight
mpdd_demographics_age_severity_logistic,MPDD-AVG-2026,Demographics,ordinal severity prediction,age group one-hot + Logistic,ordinal_prediction,personality_agreeableness_bin,mid,ECE,0.10447526543981271,0.030444756368619395,,,5,46.0,46.0,not_computed_default_lightweight
mpdd_demographics_age_severity_logistic,MPDD-AVG-2026,Demographics,ordinal severity prediction,age group one-hot + Logistic,ordinal_prediction,personality_agreeableness_bin,mid,Macro-F1,0.22163299663299663,0.008969091229887895,,,5,46.0,46.0,not_computed_default_lightweight
mpdd_demographics_age_severity_logistic,MPDD-AVG-2026,Demographics,ordinal severity prediction,age group one-hot + Logistic,ordinal_prediction,personality_agreeableness_bin,mid,Mean Confidence,0.416150471143518,0.0018245518173443743,,,5,46.0,46.0,not_computed_default_lightweight
mpdd_demographics_age_severity_logistic,MPDD-AVG-2026,Demographics,ordinal severity prediction,age group one-hot + Logistic,ordinal_prediction,personality_agreeableness_bin,mid,Ordinal MAE,0.6695652173913044,0.02129991080681023,,,5,46.0,46.0,not_computed_default_lightweight
mpdd_demographics_age_severity_logistic,MPDD-AVG-2026,Demographics,ordinal severity prediction,age group one-hot + Logistic,ordinal_prediction,personality_agreeableness_bin,mid,Prediction Bias,0.4521739130434782,0.021299910806810256,,,5,46.0,46.0,not_computed_default_lightweight
mpdd_demographics_age_severity_logistic,MPDD-AVG-2026,Demographics,ordinal severity prediction,age group one-hot + Logistic,ordinal_prediction,personality_agreeableness_bin,mid,QWK,0.0891738299607239,0.029316362669684452,,,5,46.0,46.0,not_computed_default_lightweight
mpdd_demographics_age_severity_logistic,MPDD-AVG-2026,Demographics,ordinal severity prediction,age group one-hot + Logistic,ordinal_prediction,personality_agreeableness_bin,mid,True Label Probability,0.3268027717670877,0.0012405475493450018,,,5,46.0,46.0,not_computed_default_lightweight
mpdd_demographics_age_severity_logistic,MPDD-AVG-2026,Demographics,ordinal severity prediction,age group one-hot + Logistic,ordinal_prediction,personality_agreeableness_bin,unknown,Accuracy,0.48196721311475405,0.09592615631690359,,,5,61.0,61.0,not_computed_default_lightweight
mpdd_demographics_age_severity_logistic,MPDD-AVG-2026,Demographics,ordinal severity prediction,age group one-hot + Logistic,ordinal_prediction,personality_agreeableness_bin,unknown,Brier Score,0.6442273309029087,0.0024362749141279747,,,5,61.0,61.0,not_computed_default_lightweight
mpdd_demographics_age_severity_logistic,MPDD-AVG-2026,Demographics,ordinal severity prediction,age group one-hot + Logistic,ordinal_prediction,personality_agreeableness_bin,unknown,Calibration Gap,-0.08137777160961782,0.09735246059429575,,,5,61.0,61.0,not_computed_default_lightweight
mpdd_demographics_age_severity_logistic,MPDD-AVG-2026,Demographics,ordinal severity prediction,age group one-hot + Logistic,ordinal_prediction,personality_agreeableness_bin,unknown,ECE,0.15216661813919868,0.06232479027657162,,,5,61.0,61.0,not_computed_default_lightweight
mpdd_demographics_age_severity_logistic,MPDD-AVG-2026,Demographics,ordinal severity prediction,age group one-hot + Logistic,ordinal_prediction,personality_agreeableness_bin,unknown,Macro-F1,0.23839275331574433,0.027211089897699887,,,5,61.0,61.0,not_computed_default_lightweight
mpdd_demographics_age_severity_logistic,MPDD-AVG-2026,Demographics,ordinal severity prediction,age group one-hot + Logistic,ordinal_prediction,personality_agreeableness_bin,unknown,Mean Confidence,0.40058944150513626,0.002449477477389984,,,5,61.0,61.0,not_computed_default_lightweight
mpdd_demographics_age_severity_logistic,MPDD-AVG-2026,Demographics,ordinal severity prediction,age group one-hot + Logistic,ordinal_prediction,personality_agreeableness_bin,unknown,Ordinal MAE,0.7737704918032786,0.19185231263380717,,,5,61.0,61.0,not_computed_default_lightweight
mpdd_demographics_age_severity_logistic,MPDD-AVG-2026,Demographics,ordinal severity prediction,age group one-hot + Logistic,ordinal_prediction,personality_agreeableness_bin,unknown,Prediction Bias,0.026229508196721308,0.26344012362754976,,,5,61.0,61.0,not_computed_default_lightweight
mpdd_demographics_age_severity_logistic,MPDD-AVG-2026,Demographics,ordinal severity prediction,age group one-hot + Logistic,ordinal_prediction,personality_agreeableness_bin,unknown,QWK,-0.10831580816343886,0.06025355880235883,,,5,61.0,61.0,not_computed_default_lightweight
mpdd_demographics_age_severity_logistic,MPDD-AVG-2026,Demographics,ordinal severity prediction,age group one-hot + Logistic,ordinal_prediction,personality_agreeableness_bin,unknown,True Label Probability,0.35173899387326124,0.0011902651385024218,,,5,61.0,61.0,not_computed_default_lightweight
mpdd_demographics_age_severity_logistic,MPDD-AVG-2026,Demographics,ordinal severity prediction,age group one-hot + Logistic,ordinal_prediction,personality_conscientiousness_bin,high,Accuracy,0.5384615384615384,0.06081303192631498,,,5,52.0,52.0,not_computed_default_lightweight
mpdd_demographics_age_severity_logistic,MPDD-AVG-2026,Demographics,ordinal severity prediction,age group one-hot + Logistic,ordinal_prediction,personality_conscientiousness_bin,high,Brier Score,0.6345436608482891,0.002229563351205006,,,5,52.0,52.0,not_computed_default_lightweight
mpdd_demographics_age_severity_logistic,MPDD-AVG-2026,Demographics,ordinal severity prediction,age group one-hot + Logistic,ordinal_prediction,personality_conscientiousness_bin,high,Calibration Gap,-0.13772172533601618,0.0638001566409815,,,5,52.0,52.0,not_computed_default_lightweight
mpdd_demographics_age_severity_logistic,MPDD-AVG-2026,Demographics,ordinal severity prediction,age group one-hot + Logistic,ordinal_prediction,personality_conscientiousness_bin,high,ECE,0.20395976109325523,0.06100656548694914,,,5,52.0,52.0,not_computed_default_lightweight
mpdd_demographics_age_severity_logistic,MPDD-AVG-2026,Demographics,ordinal severity prediction,age group one-hot + Logistic,ordinal_prediction,personality_conscientiousness_bin,high,Macro-F1,0.3723983395405476,0.014360063272669968,,,5,52.0,52.0,not_computed_default_lightweight
mpdd_demographics_age_severity_logistic,MPDD-AVG-2026,Demographics,ordinal severity prediction,age group one-hot + Logistic,ordinal_prediction,personality_conscientiousness_bin,high,Mean Confidence,0.4007398131255223,0.0033478788300617466,,,5,52.0,52.0,not_computed_default_lightweight
mpdd_demographics_age_severity_logistic,MPDD-AVG-2026,Demographics,ordinal severity prediction,age group one-hot + Logistic,ordinal_prediction,personality_conscientiousness_bin,high,Ordinal MAE,0.6923076923076923,0.12162606385262997,,,5,52.0,52.0,not_computed_default_lightweight
mpdd_demographics_age_severity_logistic,MPDD-AVG-2026,Demographics,ordinal severity prediction,age group one-hot + Logistic,ordinal_prediction,personality_conscientiousness_bin,high,Prediction Bias,-0.05384615384615384,0.2058321255424562,,,5,52.0,52.0,not_computed_default_lightweight
mpdd_demographics_age_severity_logistic,MPDD-AVG-2026,Demographics,ordinal severity prediction,age group one-hot + Logistic,ordinal_prediction,personality_conscientiousness_bin,high,QWK,-0.08234907644075717,0.08603138274158258,,,5,52.0,52.0,not_computed_default_lightweight
mpdd_demographics_age_severity_logistic,MPDD-AVG-2026,Demographics,ordinal severity prediction,age group one-hot + Logistic,ordinal_prediction,personality_conscientiousness_bin,high,True Label Probability,0.35630633844656934,0.001324147790192185,,,5,52.0,52.0,not_computed_default_lightweight
mpdd_demographics_age_severity_logistic,MPDD-AVG-2026,Demographics,ordinal severity prediction,age group one-hot + Logistic,ordinal_prediction,personality_conscientiousness_bin,low,Accuracy,0.41034482758620683,0.006896551724137922,,,5,58.0,58.0,not_computed_default_lightweight
mpdd_demographics_age_severity_logistic,MPDD-AVG-2026,Demographics,ordinal severity prediction,age group one-hot + Logistic,ordinal_prediction,personality_conscientiousness_bin,low,Brier Score,0.6753985535994352,0.0032690134992333117,,,5,58.0,58.0,not_computed_default_lightweight
mpdd_demographics_age_severity_logistic,MPDD-AVG-2026,Demographics,ordinal severity prediction,age group one-hot + Logistic,ordinal_prediction,personality_conscientiousness_bin,low,Calibration Gap,0.006108527057867685,0.007985194005837103,,,5,58.0,58.0,not_computed_default_lightweight
mpdd_demographics_age_severity_logistic,MPDD-AVG-2026,Demographics,ordinal severity prediction,age group one-hot + Logistic,ordinal_prediction,personality_conscientiousness_bin,low,ECE,0.05079907356169313,0.03162516252625818,,,5,58.0,58.0,not_computed_default_lightweight
mpdd_demographics_age_severity_logistic,MPDD-AVG-2026,Demographics,ordinal severity prediction,age group one-hot + Logistic,ordinal_prediction,personality_conscientiousness_bin,low,Macro-F1,0.21005747126436777,0.009195402298850575,,,5,58.0,58.0,not_computed_default_lightweight
mpdd_demographics_age_severity_logistic,MPDD-AVG-2026,Demographics,ordinal severity prediction,age group one-hot + Logistic,ordinal_prediction,personality_conscientiousness_bin,low,Mean Confidence,0.41645335464407457,0.0011699868979182673,,,5,58.0,58.0,not_computed_default_lightweight
mpdd_demographics_age_severity_logistic,MPDD-AVG-2026,Demographics,ordinal severity prediction,age group one-hot + Logistic,ordinal_prediction,personality_conscientiousness_bin,low,Ordinal MAE,0.5931034482758621,0.013793103448275891,,,5,58.0,58.0,not_computed_default_lightweight
mpdd_demographics_age_severity_logistic,MPDD-AVG-2026,Demographics,ordinal severity prediction,age group one-hot + Logistic,ordinal_prediction,personality_conscientiousness_bin,low,Prediction Bias,0.31724137931034485,0.013793103448275869,,,5,58.0,58.0,not_computed_default_lightweight
mpdd_demographics_age_severity_logistic,MPDD-AVG-2026,Demographics,ordinal severity prediction,age group one-hot + Logistic,ordinal_prediction,personality_conscientiousness_bin,low,QWK,0.0032315183709605844,0.029393536963258082,,,5,58.0,58.0,not_computed_default_lightweight
mpdd_demographics_age_severity_logistic,MPDD-AVG-2026,Demographics,ordinal severity prediction,age group one-hot + Logistic,ordinal_prediction,personality_conscientiousness_bin,low,True Label Probability,0.334874417327077,0.0015269006650290616,,,5,58.0,58.0,not_computed_default_lightweight
mpdd_demographics_age_severity_logistic,MPDD-AVG-2026,Demographics,ordinal severity prediction,age group one-hot + Logistic,ordinal_prediction,personality_conscientiousness_bin,mid,Accuracy,0.42051282051282046,0.06196433832612601,,,5,39.0,39.0,not_computed_default_lightweight
mpdd_demographics_age_severity_logistic,MPDD-AVG-2026,Demographics,ordinal severity prediction,age group one-hot + Logistic,ordinal_prediction,personality_conscientiousness_bin,mid,Brier Score,0.6710414884860165,0.0030210737106437426,,,5,39.0,39.0,not_computed_default_lightweight
mpdd_demographics_age_severity_logistic,MPDD-AVG-2026,Demographics,ordinal severity prediction,age group one-hot + Logistic,ordinal_prediction,personality_conscientiousness_bin,mid,Calibration Gap,-0.010252019757309272,0.061939996678257156,,,5,39.0,39.0,not_computed_default_lightweight
mpdd_demographics_age_severity_logistic,MPDD-AVG-2026,Demographics,ordinal severity prediction,age group one-hot + Logistic,ordinal_prediction,personality_conscientiousness_bin,mid,ECE,0.12473358333624521,0.06743259754962302,,,5,39.0,39.0,not_computed_default_lightweight
mpdd_demographics_age_severity_logistic,MPDD-AVG-2026,Demographics,ordinal severity prediction,age group one-hot + Logistic,ordinal_prediction,personality_conscientiousness_bin,mid,Macro-F1,0.3350264889866944,0.07230023926533556,,,5,39.0,39.0,not_computed_default_lightweight
mpdd_demographics_age_severity_logistic,MPDD-AVG-2026,Demographics,ordinal severity prediction,age group one-hot + Logistic,ordinal_prediction,personality_conscientiousness_bin,mid,Mean Confidence,0.4102608007555112,0.001563942190930203,,,5,39.0,39.0,not_computed_default_lightweight
mpdd_demographics_age_severity_logistic,MPDD-AVG-2026,Demographics,ordinal severity prediction,age group one-hot + Logistic,ordinal_prediction,personality_conscientiousness_bin,mid,Ordinal MAE,0.6461538461538461,0.12392867665225203,,,5,39.0,39.0,not_computed_default_lightweight
mpdd_demographics_age_severity_logistic,MPDD-AVG-2026,Demographics,ordinal severity prediction,age group one-hot + Logistic,ordinal_prediction,personality_conscientiousness_bin,mid,Prediction Bias,0.3282051282051282,0.11512791959304433,,,5,39.0,39.0,not_computed_default_lightweight
mpdd_demographics_age_severity_logistic,MPDD-AVG-2026,Demographics,ordinal severity prediction,age group one-hot + Logistic,ordinal_prediction,personality_conscientiousness_bin,mid,QWK,0.12173913043478264,0.15347271821498076,,,5,39.0,39.0,not_computed_default_lightweight
mpdd_demographics_age_severity_logistic,MPDD-AVG-2026,Demographics,ordinal severity prediction,age group one-hot + Logistic,ordinal_prediction,personality_conscientiousness_bin,mid,True Label Probability,0.3375399576172211,0.0015975196511194792,,,5,39.0,39.0,not_computed_default_lightweight
mpdd_demographics_age_severity_logistic,MPDD-AVG-2026,Demographics,ordinal severity prediction,age group one-hot + Logistic,ordinal_prediction,personality_conscientiousness_bin,unknown,Accuracy,0.4769230769230769,0.12307692307692308,,,5,26.0,26.0,not_computed_default_lightweight
mpdd_demographics_age_severity_logistic,MPDD-AVG-2026,Demographics,ordinal severity prediction,age group one-hot + Logistic,ordinal_prediction,personality_conscientiousness_bin,unknown,Brier Score,0.6439340406883385,0.004379225867927454,,,5,26.0,26.0,not_computed_default_lightweight
mpdd_demographics_age_severity_logistic,MPDD-AVG-2026,Demographics,ordinal severity prediction,age group one-hot + Logistic,ordinal_prediction,personality_conscientiousness_bin,unknown,Calibration Gap,-0.0770281761178098,0.12480215084293467,,,5,26.0,26.0,not_computed_default_lightweight
mpdd_demographics_age_severity_logistic,MPDD-AVG-2026,Demographics,ordinal severity prediction,age group one-hot + Logistic,ordinal_prediction,personality_conscientiousness_bin,unknown,ECE,0.15186130187556843,0.0530872386636616,,,5,26.0,26.0,not_computed_default_lightweight
mpdd_demographics_age_severity_logistic,MPDD-AVG-2026,Demographics,ordinal severity prediction,age group one-hot + Logistic,ordinal_prediction,personality_conscientiousness_bin,unknown,Macro-F1,0.23836167497852134,0.05155328933015618,,,5,26.0,26.0,not_computed_default_lightweight
mpdd_demographics_age_severity_logistic,MPDD-AVG-2026,Demographics,ordinal severity prediction,age group one-hot + Logistic,ordinal_prediction,personality_conscientiousness_bin,unknown,Mean Confidence,0.39989490080526713,0.0043808110705778934,,,5,26.0,26.0,not_computed_default_lightweight
mpdd_demographics_age_severity_logistic,MPDD-AVG-2026,Demographics,ordinal severity prediction,age group one-hot + Logistic,ordinal_prediction,personality_conscientiousness_bin,unknown,Ordinal MAE,0.8153846153846154,0.24615384615384617,,,5,26.0,26.0,not_computed_default_lightweight
mpdd_demographics_age_severity_logistic,MPDD-AVG-2026,Demographics,ordinal severity prediction,age group one-hot + Logistic,ordinal_prediction,personality_conscientiousness_bin,unknown,Prediction Bias,0.03076923076923077,0.339160118231517,,,5,26.0,26.0,not_computed_default_lightweight
mpdd_demographics_age_severity_logistic,MPDD-AVG-2026,Demographics,ordinal severity prediction,age group one-hot + Logistic,ordinal_prediction,personality_conscientiousness_bin,unknown,QWK,-0.13388311955674503,0.12941563584565766,,,5,26.0,26.0,not_computed_default_lightweight
mpdd_demographics_age_severity_logistic,MPDD-AVG-2026,Demographics,ordinal severity prediction,age group one-hot + Logistic,ordinal_prediction,personality_conscientiousness_bin,unknown,True Label Probability,0.351997076297155,0.002694802538426426,,,5,26.0,26.0,not_computed_default_lightweight
mpdd_demographics_age_severity_logistic,MPDD-AVG-2026,Demographics,ordinal severity prediction,age group one-hot + Logistic,ordinal_prediction,personality_extraversion_bin,high,Accuracy,0.5769230769230769,0.06435846357954426,,,5,26.0,26.0,not_computed_default_lightweight
mpdd_demographics_age_severity_logistic,MPDD-AVG-2026,Demographics,ordinal severity prediction,age group one-hot + Logistic,ordinal_prediction,personality_extraversion_bin,high,Brier Score,0.6234121171270696,0.0027457177974419262,,,5,26.0,26.0,not_computed_default_lightweight
mpdd_demographics_age_severity_logistic,MPDD-AVG-2026,Demographics,ordinal severity prediction,age group one-hot + Logistic,ordinal_prediction,personality_extraversion_bin,high,Calibration Gap,-0.17014660332393666,0.0656401707883546,,,5,26.0,26.0,not_computed_default_lightweight
mpdd_demographics_age_severity_logistic,MPDD-AVG-2026,Demographics,ordinal severity prediction,age group one-hot + Logistic,ordinal_prediction,personality_extraversion_bin,high,ECE,0.22172519885718903,0.0326329491513248,,,5,26.0,26.0,not_computed_default_lightweight
mpdd_demographics_age_severity_logistic,MPDD-AVG-2026,Demographics,ordinal severity prediction,age group one-hot + Logistic,ordinal_prediction,personality_extraversion_bin,high,Macro-F1,0.3841405653170359,0.022524198467153252,,,5,26.0,26.0,not_computed_default_lightweight
mpdd_demographics_age_severity_logistic,MPDD-AVG-2026,Demographics,ordinal severity prediction,age group one-hot + Logistic,ordinal_prediction,personality_extraversion_bin,high,Mean Confidence,0.40677647359914026,0.0026413540011394816,,,5,26.0,26.0,not_computed_default_lightweight
mpdd_demographics_age_severity_logistic,MPDD-AVG-2026,Demographics,ordinal severity prediction,age group one-hot + Logistic,ordinal_prediction,personality_extraversion_bin,high,Ordinal MAE,0.5384615384615384,0.12871692715908856,,,5,26.0,26.0,not_computed_default_lightweight
mpdd_demographics_age_severity_logistic,MPDD-AVG-2026,Demographics,ordinal severity prediction,age group one-hot + Logistic,ordinal_prediction,personality_extraversion_bin,high,Prediction Bias,0.23076923076923075,0.12871692715908856,,,5,26.0,26.0,not_computed_default_lightweight
mpdd_demographics_age_severity_logistic,MPDD-AVG-2026,Demographics,ordinal severity prediction,age group one-hot + Logistic,ordinal_prediction,personality_extraversion_bin,high,QWK,0.17488991669585544,0.11960711325007256,,,5,26.0,26.0,not_computed_default_lightweight
mpdd_demographics_age_severity_logistic,MPDD-AVG-2026,Demographics,ordinal severity prediction,age group one-hot + Logistic,ordinal_prediction,personality_extraversion_bin,high,True Label Probability,0.3613636497577192,0.001323494186021109,,,5,26.0,26.0,not_computed_default_lightweight
mpdd_demographics_age_severity_logistic,MPDD-AVG-2026,Demographics,ordinal severity prediction,age group one-hot + Logistic,ordinal_prediction,personality_extraversion_bin,low,Accuracy,0.43200000000000005,0.027129319932501072,,,5,50.0,50.0,not_computed_default_lightweight
mpdd_demographics_age_severity_logistic,MPDD-AVG-2026,Demographics,ordinal severity prediction,age group one-hot + Logistic,ordinal_prediction,personality_extraversion_bin,low,Brier Score,0.675289290961189,0.0019011162299510716,,,5,50.0,50.0,not_computed_default_lightweight
mpdd_demographics_age_severity_logistic,MPDD-AVG-2026,Demographics,ordinal severity prediction,age group one-hot + Logistic,ordinal_prediction,personality_extraversion_bin,low,Calibration Gap,-0.020029650572680524,0.027655625841444896,,,5,50.0,50.0,not_computed_default_lightweight
mpdd_demographics_age_severity_logistic,MPDD-AVG-2026,Demographics,ordinal severity prediction,age group one-hot + Logistic,ordinal_prediction,personality_extraversion_bin,low,ECE,0.052949052083075675,0.023610593850132953,,,5,50.0,50.0,not_computed_default_lightweight
mpdd_demographics_age_severity_logistic,MPDD-AVG-2026,Demographics,ordinal severity prediction,age group one-hot + Logistic,ordinal_prediction,personality_extraversion_bin,low,Macro-F1,0.2935687382297552,0.022054925823643566,,,5,50.0,50.0,not_computed_default_lightweight
mpdd_demographics_age_severity_logistic,MPDD-AVG-2026,Demographics,ordinal severity prediction,age group one-hot + Logistic,ordinal_prediction,personality_extraversion_bin,low,Mean Confidence,0.4119703494273194,0.0014097750329296168,,,5,50.0,50.0,not_computed_default_lightweight
mpdd_demographics_age_severity_logistic,MPDD-AVG-2026,Demographics,ordinal severity prediction,age group one-hot + Logistic,ordinal_prediction,personality_extraversion_bin,low,Ordinal MAE,0.5960000000000001,0.054258639865002144,,,5,50.0,50.0,not_computed_default_lightweight
mpdd_demographics_age_severity_logistic,MPDD-AVG-2026,Demographics,ordinal severity prediction,age group one-hot + Logistic,ordinal_prediction,personality_extraversion_bin,low,Prediction Bias,0.148,0.07756287771866127,,,5,50.0,50.0,not_computed_default_lightweight
mpdd_demographics_age_severity_logistic,MPDD-AVG-2026,Demographics,ordinal severity prediction,age group one-hot + Logistic,ordinal_prediction,personality_extraversion_bin,low,QWK,0.08658047222935575,0.10039781836270378,,,5,50.0,50.0,not_computed_default_lightweight
mpdd_demographics_age_severity_logistic,MPDD-AVG-2026,Demographics,ordinal severity prediction,age group one-hot + Logistic,ordinal_prediction,personality_extraversion_bin,low,True Label Probability,0.3351712439015101,0.000913214265720359,,,5,50.0,50.0,not_computed_default_lightweight
mpdd_demographics_age_severity_logistic,MPDD-AVG-2026,Demographics,ordinal severity prediction,age group one-hot + Logistic,ordinal_prediction,personality_extraversion_bin,mid,Accuracy,0.4,0.016326530612244896,,,5,49.0,49.0,not_computed_default_lightweight
mpdd_demographics_age_severity_logistic,MPDD-AVG-2026,Demographics,ordinal severity prediction,age group one-hot + Logistic,ordinal_prediction,personality_extraversion_bin,mid,Brier Score,0.6770752697667841,0.0032553588679143275,,,5,49.0,49.0,not_computed_default_lightweight
mpdd_demographics_age_severity_logistic,MPDD-AVG-2026,Demographics,ordinal severity prediction,age group one-hot + Logistic,ordinal_prediction,personality_extraversion_bin,mid,Calibration Gap,0.013980534400814005,0.017210070137389843,,,5,49.0,49.0,not_computed_default_lightweight
mpdd_demographics_age_severity_logistic,MPDD-AVG-2026,Demographics,ordinal severity prediction,age group one-hot + Logistic,ordinal_prediction,personality_extraversion_bin,mid,ECE,0.07805186231984307,0.04945429363691712,,,5,49.0,49.0,not_computed_default_lightweight
mpdd_demographics_age_severity_logistic,MPDD-AVG-2026,Demographics,ordinal severity prediction,age group one-hot + Logistic,ordinal_prediction,personality_extraversion_bin,mid,Macro-F1,0.2830330877699299,0.030073331935261894,,,5,49.0,49.0,not_computed_default_lightweight
mpdd_demographics_age_severity_logistic,MPDD-AVG-2026,Demographics,ordinal severity prediction,age group one-hot + Logistic,ordinal_prediction,personality_extraversion_bin,mid,Mean Confidence,0.41398053440081395,0.002059826429451602,,,5,49.0,49.0,not_computed_default_lightweight
mpdd_demographics_age_severity_logistic,MPDD-AVG-2026,Demographics,ordinal severity prediction,age group one-hot + Logistic,ordinal_prediction,personality_extraversion_bin,mid,Ordinal MAE,0.6489795918367347,0.03265306122448978,,,5,49.0,49.0,not_computed_default_lightweight
mpdd_demographics_age_severity_logistic,MPDD-AVG-2026,Demographics,ordinal severity prediction,age group one-hot + Logistic,ordinal_prediction,personality_extraversion_bin,mid,Prediction Bias,0.46938775510204084,0.051629023023157194,,,5,49.0,49.0,not_computed_default_lightweight
mpdd_demographics_age_severity_logistic,MPDD-AVG-2026,Demographics,ordinal severity prediction,age group one-hot + Logistic,ordinal_prediction,personality_extraversion_bin,mid,QWK,0.018001958278850295,0.05247994716694491,,,5,49.0,49.0,not_computed_default_lightweight
mpdd_demographics_age_severity_logistic,MPDD-AVG-2026,Demographics,ordinal severity prediction,age group one-hot + Logistic,ordinal_prediction,personality_extraversion_bin,mid,True Label Probability,0.33425520411614534,0.0016254750342291507,,,5,49.0,49.0,not_computed_default_lightweight
mpdd_demographics_age_severity_logistic,MPDD-AVG-2026,Demographics,ordinal severity prediction,age group one-hot + Logistic,ordinal_prediction,personality_extraversion_bin,unknown,Accuracy,0.488,0.0926066952223218,,,5,50.0,50.0,not_computed_default_lightweight
mpdd_demographics_age_severity_logistic,MPDD-AVG-2026,Demographics,ordinal severity prediction,age group one-hot + Logistic,ordinal_prediction,personality_extraversion_bin,unknown,Brier Score,0.6386484353958808,0.0034629723875211583,,,5,50.0,50.0,not_computed_default_lightweight
mpdd_demographics_age_severity_logistic,MPDD-AVG-2026,Demographics,ordinal severity prediction,age group one-hot + Logistic,ordinal_prediction,personality_extraversion_bin,unknown,Calibration Gap,-0.08939096936596272,0.09346639254833539,,,5,50.0,50.0,not_computed_default_lightweight
mpdd_demographics_age_severity_logistic,MPDD-AVG-2026,Demographics,ordinal severity prediction,age group one-hot + Logistic,ordinal_prediction,personality_extraversion_bin,unknown,ECE,0.15357513050210012,0.06007884741132168,,,5,50.0,50.0,not_computed_default_lightweight
mpdd_demographics_age_severity_logistic,MPDD-AVG-2026,Demographics,ordinal severity prediction,age group one-hot + Logistic,ordinal_prediction,personality_extraversion_bin,unknown,Macro-F1,0.24594138004663132,0.026150063983567458,,,5,50.0,50.0,not_computed_default_lightweight
mpdd_demographics_age_severity_logistic,MPDD-AVG-2026,Demographics,ordinal severity prediction,age group one-hot + Logistic,ordinal_prediction,personality_extraversion_bin,unknown,Mean Confidence,0.3986090306340373,0.0036197521167612907,,,5,50.0,50.0,not_computed_default_lightweight
mpdd_demographics_age_severity_logistic,MPDD-AVG-2026,Demographics,ordinal severity prediction,age group one-hot + Logistic,ordinal_prediction,personality_extraversion_bin,unknown,Ordinal MAE,0.8240000000000001,0.18521339044464366,,,5,50.0,50.0,not_computed_default_lightweight
mpdd_demographics_age_severity_logistic,MPDD-AVG-2026,Demographics,ordinal severity prediction,age group one-hot + Logistic,ordinal_prediction,personality_extraversion_bin,unknown,Prediction Bias,-0.14400000000000002,0.3031567251439427,,,5,50.0,50.0,not_computed_default_lightweight
mpdd_demographics_age_severity_logistic,MPDD-AVG-2026,Demographics,ordinal severity prediction,age group one-hot + Logistic,ordinal_prediction,personality_extraversion_bin,unknown,QWK,-0.11666328342247892,0.1039033856977642,,,5,50.0,50.0,not_computed_default_lightweight
mpdd_demographics_age_severity_logistic,MPDD-AVG-2026,Demographics,ordinal severity prediction,age group one-hot + Logistic,ordinal_prediction,personality_extraversion_bin,unknown,True Label Probability,0.3546821208904479,0.0018750934928782137,,,5,50.0,50.0,not_computed_default_lightweight
mpdd_demographics_age_severity_logistic,MPDD-AVG-2026,Demographics,ordinal severity prediction,age group one-hot + Logistic,ordinal_prediction,personality_neuroticism_bin,high,Accuracy,0.36190476190476184,0.07126966450997982,,,5,21.0,21.0,not_computed_default_lightweight
mpdd_demographics_age_severity_logistic,MPDD-AVG-2026,Demographics,ordinal severity prediction,age group one-hot + Logistic,ordinal_prediction,personality_neuroticism_bin,high,Brier Score,0.7028528343645044,0.005227440991071503,,,5,21.0,21.0,not_computed_default_lightweight
mpdd_demographics_age_severity_logistic,MPDD-AVG-2026,Demographics,ordinal severity prediction,age group one-hot + Logistic,ordinal_prediction,personality_neuroticism_bin,high,Calibration Gap,0.04416485115812261,0.07066655719168105,,,5,21.0,21.0,not_computed_default_lightweight
mpdd_demographics_age_severity_logistic,MPDD-AVG-2026,Demographics,ordinal severity prediction,age group one-hot + Logistic,ordinal_prediction,personality_neuroticism_bin,high,ECE,0.0862915466636926,0.047332669137443634,,,5,21.0,21.0,not_computed_default_lightweight
mpdd_demographics_age_severity_logistic,MPDD-AVG-2026,Demographics,ordinal severity prediction,age group one-hot + Logistic,ordinal_prediction,personality_neuroticism_bin,high,Macro-F1,0.2986923831317424,0.07864620379202823,,,5,21.0,21.0,not_computed_default_lightweight
mpdd_demographics_age_severity_logistic,MPDD-AVG-2026,Demographics,ordinal severity prediction,age group one-hot + Logistic,ordinal_prediction,personality_neuroticism_bin,high,Mean Confidence,0.4060696130628846,0.0034192169227306043,,,5,21.0,21.0,not_computed_default_lightweight
mpdd_demographics_age_severity_logistic,MPDD-AVG-2026,Demographics,ordinal severity prediction,age group one-hot + Logistic,ordinal_prediction,personality_neuroticism_bin,high,Ordinal MAE,0.7523809523809524,0.14253932901995967,,,5,21.0,21.0,not_computed_default_lightweight
mpdd_demographics_age_severity_logistic,MPDD-AVG-2026,Demographics,ordinal severity prediction,age group one-hot + Logistic,ordinal_prediction,personality_neuroticism_bin,high,Prediction Bias,-0.31428571428571433,0.1263476110611581,,,5,21.0,21.0,not_computed_default_lightweight
mpdd_demographics_age_severity_logistic,MPDD-AVG-2026,Demographics,ordinal severity prediction,age group one-hot + Logistic,ordinal_prediction,personality_neuroticism_bin,high,QWK,0.10848245766619236,0.22925337415739583,,,5,21.0,21.0,not_computed_default_lightweight
mpdd_demographics_age_severity_logistic,MPDD-AVG-2026,Demographics,ordinal severity prediction,age group one-hot + Logistic,ordinal_prediction,personality_neuroticism_bin,high,True Label Probability,0.3223908251762243,0.0028906835494345124,,,5,21.0,21.0,not_computed_default_lightweight
mpdd_demographics_age_severity_logistic,MPDD-AVG-2026,Demographics,ordinal severity prediction,age group one-hot + Logistic,ordinal_prediction,personality_neuroticism_bin,low,Accuracy,0.4193548387096774,0.022809896167307987,,,5,62.0,62.0,not_computed_default_lightweight
mpdd_demographics_age_severity_logistic,MPDD-AVG-2026,Demographics,ordinal severity prediction,age group one-hot + Logistic,ordinal_prediction,personality_neuroticism_bin,low,Brier Score,0.6718508383811613,0.0015690843289502742,,,5,62.0,62.0,not_computed_default_lightweight
mpdd_demographics_age_severity_logistic,MPDD-AVG-2026,Demographics,ordinal severity prediction,age group one-hot + Logistic,ordinal_prediction,personality_neuroticism_bin,low,Calibration Gap,-0.00630589438621384,0.022696037022351182,,,5,62.0,62.0,not_computed_default_lightweight
mpdd_demographics_age_severity_logistic,MPDD-AVG-2026,Demographics,ordinal severity prediction,age group one-hot + Logistic,ordinal_prediction,personality_neuroticism_bin,low,ECE,0.09168505181476357,0.05266479728856136,,,5,62.0,62.0,not_computed_default_lightweight
mpdd_demographics_age_severity_logistic,MPDD-AVG-2026,Demographics,ordinal severity prediction,age group one-hot + Logistic,ordinal_prediction,personality_neuroticism_bin,low,Macro-F1,0.2962295263553125,0.01635890209445073,,,5,62.0,62.0,not_computed_default_lightweight
mpdd_demographics_age_severity_logistic,MPDD-AVG-2026,Demographics,ordinal severity prediction,age group one-hot + Logistic,ordinal_prediction,personality_neuroticism_bin,low,Mean Confidence,0.4130489443234636,0.0020861185160609193,,,5,62.0,62.0,not_computed_default_lightweight
mpdd_demographics_age_severity_logistic,MPDD-AVG-2026,Demographics,ordinal severity prediction,age group one-hot + Logistic,ordinal_prediction,personality_neuroticism_bin,low,Ordinal MAE,0.6451612903225806,0.04561979233461596,,,5,62.0,62.0,not_computed_default_lightweight
mpdd_demographics_age_severity_logistic,MPDD-AVG-2026,Demographics,ordinal severity prediction,age group one-hot + Logistic,ordinal_prediction,personality_neuroticism_bin,low,Prediction Bias,0.4387096774193548,0.07795513531351338,,,5,62.0,62.0,not_computed_default_lightweight
mpdd_demographics_age_severity_logistic,MPDD-AVG-2026,Demographics,ordinal severity prediction,age group one-hot + Logistic,ordinal_prediction,personality_neuroticism_bin,low,QWK,-0.037830494817279514,0.04302653730887425,,,5,62.0,62.0,not_computed_default_lightweight
mpdd_demographics_age_severity_logistic,MPDD-AVG-2026,Demographics,ordinal severity prediction,age group one-hot + Logistic,ordinal_prediction,personality_neuroticism_bin,low,True Label Probability,0.33690110484614344,0.0007914301480906173,,,5,62.0,62.0,not_computed_default_lightweight
mpdd_demographics_age_severity_logistic,MPDD-AVG-2026,Demographics,ordinal severity prediction,age group one-hot + Logistic,ordinal_prediction,personality_neuroticism_bin,mid,Accuracy,0.44897959183673464,0.05626142347791927,,,5,49.0,49.0,not_computed_default_lightweight
mpdd_demographics_age_severity_logistic,MPDD-AVG-2026,Demographics,ordinal severity prediction,age group one-hot + Logistic,ordinal_prediction,personality_neuroticism_bin,mid,Brier Score,0.648933384040347,0.004750666164342166,,,5,49.0,49.0,not_computed_default_lightweight
mpdd_demographics_age_severity_logistic,MPDD-AVG-2026,Demographics,ordinal severity prediction,age group one-hot + Logistic,ordinal_prediction,personality_neuroticism_bin,mid,Calibration Gap,-0.03954927465110294,0.05545367328216032,,,5,49.0,49.0,not_computed_default_lightweight
mpdd_demographics_age_severity_logistic,MPDD-AVG-2026,Demographics,ordinal severity prediction,age group one-hot + Logistic,ordinal_prediction,personality_neuroticism_bin,mid,ECE,0.060755171831469966,0.03229933897090139,,,5,49.0,49.0,not_computed_default_lightweight
mpdd_demographics_age_severity_logistic,MPDD-AVG-2026,Demographics,ordinal severity prediction,age group one-hot + Logistic,ordinal_prediction,personality_neuroticism_bin,mid,Macro-F1,0.34644007854634035,0.05246904906384184,,,5,49.0,49.0,not_computed_default_lightweight
mpdd_demographics_age_severity_logistic,MPDD-AVG-2026,Demographics,ordinal severity prediction,age group one-hot + Logistic,ordinal_prediction,personality_neuroticism_bin,mid,Mean Confidence,0.4094303171856318,0.0021708468507393454,,,5,49.0,49.0,not_computed_default_lightweight
mpdd_demographics_age_severity_logistic,MPDD-AVG-2026,Demographics,ordinal severity prediction,age group one-hot + Logistic,ordinal_prediction,personality_neuroticism_bin,mid,Ordinal MAE,0.673469387755102,0.11252284695583857,,,5,49.0,49.0,not_computed_default_lightweight
mpdd_demographics_age_severity_logistic,MPDD-AVG-2026,Demographics,ordinal severity prediction,age group one-hot + Logistic,ordinal_prediction,personality_neuroticism_bin,mid,Prediction Bias,0.1346938775510204,0.11073191809184112,,,5,49.0,49.0,not_computed_default_lightweight
mpdd_demographics_age_severity_logistic,MPDD-AVG-2026,Demographics,ordinal severity prediction,age group one-hot + Logistic,ordinal_prediction,personality_neuroticism_bin,mid,QWK,0.006403194124992262,0.17917344037144384,,,5,49.0,49.0,not_computed_default_lightweight
mpdd_demographics_age_severity_logistic,MPDD-AVG-2026,Demographics,ordinal severity prediction,age group one-hot + Logistic,ordinal_prediction,personality_neuroticism_bin,mid,True Label Probability,0.34822288300877,0.0025294077821006434,,,5,49.0,49.0,not_computed_default_lightweight
mpdd_demographics_age_severity_logistic,MPDD-AVG-2026,Demographics,ordinal severity prediction,age group one-hot + Logistic,ordinal_prediction,personality_neuroticism_bin,unknown,Accuracy,0.5813953488372092,0.09302325581395349,,,5,43.0,43.0,not_computed_default_lightweight
mpdd_demographics_age_severity_logistic,MPDD-AVG-2026,Demographics,ordinal severity prediction,age group one-hot + Logistic,ordinal_prediction,personality_neuroticism_bin,unknown,Brier Score,0.624881215406189,0.002570422867663356,,,5,43.0,43.0,not_computed_default_lightweight
mpdd_demographics_age_severity_logistic,MPDD-AVG-2026,Demographics,ordinal severity prediction,age group one-hot + Logistic,ordinal_prediction,personality_neuroticism_bin,unknown,Calibration Gap,-0.18159019679502103,0.09575623598187803,,,5,43.0,43.0,not_computed_default_lightweight
mpdd_demographics_age_severity_logistic,MPDD-AVG-2026,Demographics,ordinal severity prediction,age group one-hot + Logistic,ordinal_prediction,personality_neuroticism_bin,unknown,ECE,0.2405528379372121,0.06773175519363947,,,5,43.0,43.0,not_computed_default_lightweight
mpdd_demographics_age_severity_logistic,MPDD-AVG-2026,Demographics,ordinal severity prediction,age group one-hot + Logistic,ordinal_prediction,personality_neuroticism_bin,unknown,Macro-F1,0.26510356197708906,0.0309226802405392,,,5,43.0,43.0,not_computed_default_lightweight
mpdd_demographics_age_severity_logistic,MPDD-AVG-2026,Demographics,ordinal severity prediction,age group one-hot + Logistic,ordinal_prediction,personality_neuroticism_bin,unknown,Mean Confidence,0.3998051520421883,0.003213677909619162,,,5,43.0,43.0,not_computed_default_lightweight
mpdd_demographics_age_severity_logistic,MPDD-AVG-2026,Demographics,ordinal severity prediction,age group one-hot + Logistic,ordinal_prediction,personality_neuroticism_bin,unknown,Ordinal MAE,0.6511627906976744,0.18604651162790697,,,5,43.0,43.0,not_computed_default_lightweight
mpdd_demographics_age_severity_logistic,MPDD-AVG-2026,Demographics,ordinal severity prediction,age group one-hot + Logistic,ordinal_prediction,personality_neuroticism_bin,unknown,Prediction Bias,0.04651162790697674,0.25305061411600827,,,5,43.0,43.0,not_computed_default_lightweight
mpdd_demographics_age_severity_logistic,MPDD-AVG-2026,Demographics,ordinal severity prediction,age group one-hot + Logistic,ordinal_prediction,personality_neuroticism_bin,unknown,QWK,-0.08240660923786872,0.08487522600985668,,,5,43.0,43.0,not_computed_default_lightweight
mpdd_demographics_age_severity_logistic,MPDD-AVG-2026,Demographics,ordinal severity prediction,age group one-hot + Logistic,ordinal_prediction,personality_neuroticism_bin,unknown,True Label Probability,0.36152630321856705,0.0011870486353139037,,,5,43.0,43.0,not_computed_default_lightweight
mpdd_demographics_age_severity_logistic,MPDD-AVG-2026,Demographics,ordinal severity prediction,age group one-hot + Logistic,ordinal_prediction,personality_openness_bin,high,Accuracy,0.43200000000000005,0.046647615158762396,,,5,25.0,25.0,not_computed_default_lightweight
mpdd_demographics_age_severity_logistic,MPDD-AVG-2026,Demographics,ordinal severity prediction,age group one-hot + Logistic,ordinal_prediction,personality_openness_bin,high,Brier Score,0.6626942775917306,0.005202391378324838,,,5,25.0,25.0,not_computed_default_lightweight
mpdd_demographics_age_severity_logistic,MPDD-AVG-2026,Demographics,ordinal severity prediction,age group one-hot + Logistic,ordinal_prediction,personality_openness_bin,high,Calibration Gap,-0.02419334018792635,0.04794100146428999,,,5,25.0,25.0,not_computed_default_lightweight
mpdd_demographics_age_severity_logistic,MPDD-AVG-2026,Demographics,ordinal severity prediction,age group one-hot + Logistic,ordinal_prediction,personality_openness_bin,high,ECE,0.06324602483100986,0.020724823012270525,,,5,25.0,25.0,not_computed_default_lightweight
mpdd_demographics_age_severity_logistic,MPDD-AVG-2026,Demographics,ordinal severity prediction,age group one-hot + Logistic,ordinal_prediction,personality_openness_bin,high,Macro-F1,0.3558416665968154,0.05091344065682812,,,5,25.0,25.0,not_computed_default_lightweight
mpdd_demographics_age_severity_logistic,MPDD-AVG-2026,Demographics,ordinal severity prediction,age group one-hot + Logistic,ordinal_prediction,personality_openness_bin,high,Mean Confidence,0.40780665981207365,0.0019194410364310364,,,5,25.0,25.0,not_computed_default_lightweight
mpdd_demographics_age_severity_logistic,MPDD-AVG-2026,Demographics,ordinal severity prediction,age group one-hot + Logistic,ordinal_prediction,personality_openness_bin,high,Ordinal MAE,0.696,0.0932952303175248,,,5,25.0,25.0,not_computed_default_lightweight
mpdd_demographics_age_severity_logistic,MPDD-AVG-2026,Demographics,ordinal severity prediction,age group one-hot + Logistic,ordinal_prediction,personality_openness_bin,high,Prediction Bias,-0.008000000000000002,0.12998461447417536,,,5,25.0,25.0,not_computed_default_lightweight
mpdd_demographics_age_severity_logistic,MPDD-AVG-2026,Demographics,ordinal severity prediction,age group one-hot + Logistic,ordinal_prediction,personality_openness_bin,high,QWK,0.08129175788478378,0.12747205937663808,,,5,25.0,25.0,not_computed_default_lightweight
mpdd_demographics_age_severity_logistic,MPDD-AVG-2026,Demographics,ordinal severity prediction,age group one-hot + Logistic,ordinal_prediction,personality_openness_bin,high,True Label Probability,0.3420593665871451,0.0025711999660816462,,,5,25.0,25.0,not_computed_default_lightweight
mpdd_demographics_age_severity_logistic,MPDD-AVG-2026,Demographics,ordinal severity prediction,age group one-hot + Logistic,ordinal_prediction,personality_openness_bin,low,Accuracy,0.46571428571428564,0.024907993963089573,,,5,70.0,70.0,not_computed_default_lightweight
mpdd_demographics_age_severity_logistic,MPDD-AVG-2026,Demographics,ordinal severity prediction,age group one-hot + Logistic,ordinal_prediction,personality_openness_bin,low,Brier Score,0.6538507516083296,0.00249468575477738,,,5,70.0,70.0,not_computed_default_lightweight
mpdd_demographics_age_severity_logistic,MPDD-AVG-2026,Demographics,ordinal severity prediction,age group one-hot + Logistic,ordinal_prediction,personality_openness_bin,low,Calibration Gap,-0.05527890802225142,0.026434637671443613,,,5,70.0,70.0,not_computed_default_lightweight
mpdd_demographics_age_severity_logistic,MPDD-AVG-2026,Demographics,ordinal severity prediction,age group one-hot + Logistic,ordinal_prediction,personality_openness_bin,low,ECE,0.07653071849290458,0.014562985210008652,,,5,70.0,70.0,not_computed_default_lightweight
mpdd_demographics_age_severity_logistic,MPDD-AVG-2026,Demographics,ordinal severity prediction,age group one-hot + Logistic,ordinal_prediction,personality_openness_bin,low,Macro-F1,0.35004176493892164,0.012593938666916547,,,5,70.0,70.0,not_computed_default_lightweight
mpdd_demographics_age_severity_logistic,MPDD-AVG-2026,Demographics,ordinal severity prediction,age group one-hot + Logistic,ordinal_prediction,personality_openness_bin,low,Mean Confidence,0.4104353776920343,0.002268744994633042,,,5,70.0,70.0,not_computed_default_lightweight
mpdd_demographics_age_severity_logistic,MPDD-AVG-2026,Demographics,ordinal severity prediction,age group one-hot + Logistic,ordinal_prediction,personality_openness_bin,low,Ordinal MAE,0.64,0.049815987926179146,,,5,70.0,70.0,not_computed_default_lightweight
mpdd_demographics_age_severity_logistic,MPDD-AVG-2026,Demographics,ordinal severity prediction,age group one-hot + Logistic,ordinal_prediction,personality_openness_bin,low,Prediction Bias,0.13714285714285715,0.08161632489763257,,,5,70.0,70.0,not_computed_default_lightweight
mpdd_demographics_age_severity_logistic,MPDD-AVG-2026,Demographics,ordinal severity prediction,age group one-hot + Logistic,ordinal_prediction,personality_openness_bin,low,QWK,-0.028049766549624787,0.05666783429134161,,,5,70.0,70.0,not_computed_default_lightweight
mpdd_demographics_age_severity_logistic,MPDD-AVG-2026,Demographics,ordinal severity prediction,age group one-hot + Logistic,ordinal_prediction,personality_openness_bin,low,True Label Probability,0.34594531694978603,0.001130044795690633,,,5,70.0,70.0,not_computed_default_lightweight
mpdd_demographics_age_severity_logistic,MPDD-AVG-2026,Demographics,ordinal severity prediction,age group one-hot + Logistic,ordinal_prediction,personality_openness_bin,mid,Accuracy,0.3555555555555555,0.020786985482077462,,,5,36.0,36.0,not_computed_default_lightweight
mpdd_demographics_age_severity_logistic,MPDD-AVG-2026,Demographics,ordinal severity prediction,age group one-hot + Logistic,ordinal_prediction,personality_openness_bin,mid,Brier Score,0.6926365823849384,0.006332783090099609,,,5,36.0,36.0,not_computed_default_lightweight
mpdd_demographics_age_severity_logistic,MPDD-AVG-2026,Demographics,ordinal severity prediction,age group one-hot + Logistic,ordinal_prediction,personality_openness_bin,mid,Calibration Gap,0.058029097142879515,0.02145028438805919,,,5,36.0,36.0,not_computed_default_lightweight
mpdd_demographics_age_severity_logistic,MPDD-AVG-2026,Demographics,ordinal severity prediction,age group one-hot + Logistic,ordinal_prediction,personality_openness_bin,mid,ECE,0.1317547808426442,0.04310360673238676,,,5,36.0,36.0,not_computed_default_lightweight
mpdd_demographics_age_severity_logistic,MPDD-AVG-2026,Demographics,ordinal severity prediction,age group one-hot + Logistic,ordinal_prediction,personality_openness_bin,mid,Macro-F1,0.23876117496807153,0.014613654562714516,,,5,36.0,36.0,not_computed_default_lightweight
mpdd_demographics_age_severity_logistic,MPDD-AVG-2026,Demographics,ordinal severity prediction,age group one-hot + Logistic,ordinal_prediction,personality_openness_bin,mid,Mean Confidence,0.41358465269843503,0.0016731954740939886,,,5,36.0,36.0,not_computed_default_lightweight
mpdd_demographics_age_severity_logistic,MPDD-AVG-2026,Demographics,ordinal severity prediction,age group one-hot + Logistic,ordinal_prediction,personality_openness_bin,mid,Ordinal MAE,0.6777777777777778,0.04157397096415489,,,5,36.0,36.0,not_computed_default_lightweight
mpdd_demographics_age_severity_logistic,MPDD-AVG-2026,Demographics,ordinal severity prediction,age group one-hot + Logistic,ordinal_prediction,personality_openness_bin,mid,Prediction Bias,0.5333333333333333,0.05665577237325319,,,5,36.0,36.0,not_computed_default_lightweight
mpdd_demographics_age_severity_logistic,MPDD-AVG-2026,Demographics,ordinal severity prediction,age group one-hot + Logistic,ordinal_prediction,personality_openness_bin,mid,QWK,0.0633709745120444,0.0487693902521057,,,5,36.0,36.0,not_computed_default_lightweight
mpdd_demographics_age_severity_logistic,MPDD-AVG-2026,Demographics,ordinal severity prediction,age group one-hot + Logistic,ordinal_prediction,personality_openness_bin,mid,True Label Probability,0.32638227857592716,0.00306303988774174,,,5,36.0,36.0,not_computed_default_lightweight
mpdd_demographics_age_severity_logistic,MPDD-AVG-2026,Demographics,ordinal severity prediction,age group one-hot + Logistic,ordinal_prediction,personality_openness_bin,unknown,Accuracy,0.5545454545454546,0.10123207932418224,,,5,44.0,44.0,not_computed_default_lightweight
mpdd_demographics_age_severity_logistic,MPDD-AVG-2026,Demographics,ordinal severity prediction,age group one-hot + Logistic,ordinal_prediction,personality_openness_bin,unknown,Brier Score,0.6320559787158091,0.00296187299905966,,,5,44.0,44.0,not_computed_default_lightweight
mpdd_demographics_age_severity_logistic,MPDD-AVG-2026,Demographics,ordinal severity prediction,age group one-hot + Logistic,ordinal_prediction,personality_openness_bin,unknown,Calibration Gap,-0.15510197565005768,0.10341326696439529,,,5,44.0,44.0,not_computed_default_lightweight
mpdd_demographics_age_severity_logistic,MPDD-AVG-2026,Demographics,ordinal severity prediction,age group one-hot + Logistic,ordinal_prediction,personality_openness_bin,unknown,ECE,0.22899355263893018,0.06134277438681933,,,5,44.0,44.0,not_computed_default_lightweight
mpdd_demographics_age_severity_logistic,MPDD-AVG-2026,Demographics,ordinal severity prediction,age group one-hot + Logistic,ordinal_prediction,personality_openness_bin,unknown,Macro-F1,0.255249165724869,0.026228103452684667,,,5,44.0,44.0,not_computed_default_lightweight
mpdd_demographics_age_severity_logistic,MPDD-AVG-2026,Demographics,ordinal severity prediction,age group one-hot + Logistic,ordinal_prediction,personality_openness_bin,unknown,Mean Confidence,0.39944347889539683,0.002955561017966367,,,5,44.0,44.0,not_computed_default_lightweight
mpdd_demographics_age_severity_logistic,MPDD-AVG-2026,Demographics,ordinal severity prediction,age group one-hot + Logistic,ordinal_prediction,personality_openness_bin,unknown,Ordinal MAE,0.6863636363636363,0.20246415864836442,,,5,44.0,44.0,not_computed_default_lightweight
mpdd_demographics_age_severity_logistic,MPDD-AVG-2026,Demographics,ordinal severity prediction,age group one-hot + Logistic,ordinal_prediction,personality_openness_bin,unknown,Prediction Bias,0.013636363636363646,0.27633971188310297,,,5,44.0,44.0,not_computed_default_lightweight
mpdd_demographics_age_severity_logistic,MPDD-AVG-2026,Demographics,ordinal severity prediction,age group one-hot + Logistic,ordinal_prediction,personality_openness_bin,unknown,QWK,-0.09167435139122512,0.06095996812749567,,,5,44.0,44.0,not_computed_default_lightweight
mpdd_demographics_age_severity_logistic,MPDD-AVG-2026,Demographics,ordinal severity prediction,age group one-hot + Logistic,ordinal_prediction,personality_openness_bin,unknown,True Label Probability,0.357936585343016,0.0013781078256428832,,,5,44.0,44.0,not_computed_default_lightweight
mpdd_demographics_age_severity_logistic,MPDD-AVG-2026,Demographics,ordinal severity prediction,age group one-hot + Logistic,ordinal_prediction,true_severity,0,Accuracy,0.4461538461538462,0.07919715493066923,0.3787019230769231,0.5142307692307693,5,104.0,104.0,seed_group_subject_bootstrap
mpdd_demographics_age_severity_logistic,MPDD-AVG-2026,Demographics,ordinal severity prediction,age group one-hot + Logistic,ordinal_prediction,true_severity,0,Brier Score,0.6604034475009665,0.002134556719023216,,,5,104.0,104.0,not_computed_default_lightweight
mpdd_demographics_age_severity_logistic,MPDD-AVG-2026,Demographics,ordinal severity prediction,age group one-hot + Logistic,ordinal_prediction,true_severity,0,Calibration Gap,-0.03981652947451325,0.08044543555638944,,,5,104.0,104.0,not_computed_default_lightweight
mpdd_demographics_age_severity_logistic,MPDD-AVG-2026,Demographics,ordinal severity prediction,age group one-hot + Logistic,ordinal_prediction,true_severity,0,ECE,0.1379912439368285,0.07937890100797061,0.09576647152845012,0.17601053774505854,5,104.0,104.0,seed_group_subject_bootstrap
mpdd_demographics_age_severity_logistic,MPDD-AVG-2026,Demographics,ordinal severity prediction,age group one-hot + Logistic,ordinal_prediction,true_severity,0,Macro-F1,0.22840052275238537,0.06911609202078733,0.2038081886594842,0.2516011252427489,5,104.0,104.0,seed_group_subject_bootstrap
mpdd_demographics_age_severity_logistic,MPDD-AVG-2026,Demographics,ordinal severity prediction,age group one-hot + Logistic,ordinal_prediction,true_severity,0,Mean Confidence,0.40633731667933287,0.0016557285065331722,,,5,104.0,104.0,not_computed_default_lightweight
mpdd_demographics_age_severity_logistic,MPDD-AVG-2026,Demographics,ordinal severity prediction,age group one-hot + Logistic,ordinal_prediction,true_severity,0,Ordinal MAE,0.675,0.15839430986133846,0.5559615384615385,0.7554807692307692,5,104.0,104.0,seed_group_subject_bootstrap
mpdd_demographics_age_severity_logistic,MPDD-AVG-2026,Demographics,ordinal severity prediction,age group one-hot + Logistic,ordinal_prediction,true_severity,0,Prediction Bias,0.675,0.15839430986133846,,,5,104.0,104.0,not_computed_default_lightweight
mpdd_demographics_age_severity_logistic,MPDD-AVG-2026,Demographics,ordinal severity prediction,age group one-hot + Logistic,ordinal_prediction,true_severity,0,QWK,0.0,0.0,0.0,0.0,5,104.0,104.0,seed_group_subject_bootstrap
mpdd_demographics_age_severity_logistic,MPDD-AVG-2026,Demographics,ordinal severity prediction,age group one-hot + Logistic,ordinal_prediction,true_severity,0,True Label Probability,0.3430351208951003,0.0011358817568303142,,,5,104.0,104.0,not_computed_default_lightweight
mpdd_demographics_age_severity_logistic,MPDD-AVG-2026,Demographics,ordinal severity prediction,age group one-hot + Logistic,ordinal_prediction,true_severity,1,Accuracy,0.66,0.0,0.5795999999999999,0.7741,5,50.0,50.0,seed_group_subject_bootstrap
mpdd_demographics_age_severity_logistic,MPDD-AVG-2026,Demographics,ordinal severity prediction,age group one-hot + Logistic,ordinal_prediction,true_severity,1,Brier Score,0.6387996208624596,0.0036068848598451303,,,5,50.0,50.0,not_computed_default_lightweight
mpdd_demographics_age_severity_logistic,MPDD-AVG-2026,Demographics,ordinal severity prediction,age group one-hot + Logistic,ordinal_prediction,true_severity,1,Calibration Gap,-0.2496089951847061,0.0010353338526593245,,,5,50.0,50.0,not_computed_default_lightweight
mpdd_demographics_age_severity_logistic,MPDD-AVG-2026,Demographics,ordinal severity prediction,age group one-hot + Logistic,ordinal_prediction,true_severity,1,ECE,0.26812427592007076,0.03669449858259609,0.19511531674187782,0.380759597003541,5,50.0,50.0,seed_group_subject_bootstrap
mpdd_demographics_age_severity_logistic,MPDD-AVG-2026,Demographics,ordinal severity prediction,age group one-hot + Logistic,ordinal_prediction,true_severity,1,Macro-F1,0.29156626506024097,0.053012048192771076,0.26984236819855667,0.36249312311174975,5,50.0,50.0,seed_group_subject_bootstrap
mpdd_demographics_age_severity_logistic,MPDD-AVG-2026,Demographics,ordinal severity prediction,age group one-hot + Logistic,ordinal_prediction,true_severity,1,Mean Confidence,0.41039100481529384,0.0010353338526593245,,,5,50.0,50.0,not_computed_default_lightweight
mpdd_demographics_age_severity_logistic,MPDD-AVG-2026,Demographics,ordinal severity prediction,age group one-hot + Logistic,ordinal_prediction,true_severity,1,Ordinal MAE,0.34,0.0,0.22640000000000002,0.42119999999999996,5,50.0,50.0,seed_group_subject_bootstrap
mpdd_demographics_age_severity_logistic,MPDD-AVG-2026,Demographics,ordinal severity prediction,age group one-hot + Logistic,ordinal_prediction,true_severity,1,Prediction Bias,-0.22800000000000004,0.09260669522232182,,,5,50.0,50.0,not_computed_default_lightweight
mpdd_demographics_age_severity_logistic,MPDD-AVG-2026,Demographics,ordinal severity prediction,age group one-hot + Logistic,ordinal_prediction,true_severity,1,QWK,0.0,0.0,0.0,0.0,5,50.0,50.0,seed_group_subject_bootstrap
mpdd_demographics_age_severity_logistic,MPDD-AVG-2026,Demographics,ordinal severity prediction,age group one-hot + Logistic,ordinal_prediction,true_severity,1,True Label Probability,0.3536620530788335,0.001753700262359725,,,5,50.0,50.0,not_computed_default_lightweight
mpdd_demographics_age_severity_logistic,MPDD-AVG-2026,Demographics,ordinal severity prediction,age group one-hot + Logistic,ordinal_prediction,true_severity,2,Accuracy,0.05714285714285714,0.035634832254989916,0.011666666666666667,0.12380952380952381,5,21.0,21.0,seed_group_subject_bootstrap
mpdd_demographics_age_severity_logistic,MPDD-AVG-2026,Demographics,ordinal severity prediction,age group one-hot + Logistic,ordinal_prediction,true_severity,2,Brier Score,0.6885880951669631,0.009211089042011383,,,5,21.0,21.0,not_computed_default_lightweight
mpdd_demographics_age_severity_logistic,MPDD-AVG-2026,Demographics,ordinal severity prediction,age group one-hot + Logistic,ordinal_prediction,true_severity,2,Calibration Gap,0.3529320155652408,0.03505057604594829,,,5,21.0,21.0,not_computed_default_lightweight
mpdd_demographics_age_severity_logistic,MPDD-AVG-2026,Demographics,ordinal severity prediction,age group one-hot + Logistic,ordinal_prediction,true_severity,2,ECE,0.3684836448353721,0.03381005658112059,0.33156087991300914,0.4216037540511163,5,21.0,21.0,seed_group_subject_bootstrap
mpdd_demographics_age_severity_logistic,MPDD-AVG-2026,Demographics,ordinal severity prediction,age group one-hot + Logistic,ordinal_prediction,true_severity,2,Macro-F1,0.035309617918313566,0.02155912218085139,0.0074242424242424235,0.07056856187290969,5,21.0,21.0,seed_group_subject_bootstrap
mpdd_demographics_age_severity_logistic,MPDD-AVG-2026,Demographics,ordinal severity prediction,age group one-hot + Logistic,ordinal_prediction,true_severity,2,Mean Confidence,0.4100748727080979,0.003037108905515395,,,5,21.0,21.0,not_computed_default_lightweight
mpdd_demographics_age_severity_logistic,MPDD-AVG-2026,Demographics,ordinal severity prediction,age group one-hot + Logistic,ordinal_prediction,true_severity,2,Ordinal MAE,1.4095238095238094,0.07126966450997985,1.2140476190476188,1.5564285714285715,5,21.0,21.0,seed_group_subject_bootstrap
mpdd_demographics_age_severity_logistic,MPDD-AVG-2026,Demographics,ordinal severity prediction,age group one-hot + Logistic,ordinal_prediction,true_severity,2,Prediction Bias,-1.4095238095238094,0.07126966450997985,,,5,21.0,21.0,not_computed_default_lightweight
mpdd_demographics_age_severity_logistic,MPDD-AVG-2026,Demographics,ordinal severity prediction,age group one-hot + Logistic,ordinal_prediction,true_severity,2,QWK,0.0,0.0,0.0,0.0,5,21.0,21.0,seed_group_subject_bootstrap
mpdd_demographics_age_severity_logistic,MPDD-AVG-2026,Demographics,ordinal severity prediction,age group one-hot + Logistic,ordinal_prediction,true_severity,2,True Label Probability,0.3289463289503628,0.004485611147262648,,,5,21.0,21.0,not_computed_default_lightweight
mpdd_demographics_shuffled_age_severity_logistic,MPDD-AVG-2026,Demographics,ordinal severity prediction,shuffled age group one-hot + Logistic,ordinal_prediction,age_group,elder,Accuracy,0.31724137931034485,0.0408652616888073,0.22821839080459774,0.4101149425287357,5,87.0,87.0,seed_group_subject_bootstrap
mpdd_demographics_shuffled_age_severity_logistic,MPDD-AVG-2026,Demographics,ordinal severity prediction,shuffled age group one-hot + Logistic,ordinal_prediction,age_group,elder,Brier Score,0.6736377902667705,0.010339147278798415,,,5,87.0,87.0,not_computed_default_lightweight
mpdd_demographics_shuffled_age_severity_logistic,MPDD-AVG-2026,Demographics,ordinal severity prediction,shuffled age group one-hot + Logistic,ordinal_prediction,age_group,elder,Calibration Gap,0.07080621193976168,0.0545002946626178,,,5,87.0,87.0,not_computed_default_lightweight
mpdd_demographics_shuffled_age_severity_logistic,MPDD-AVG-2026,Demographics,ordinal severity prediction,shuffled age group one-hot + Logistic,ordinal_prediction,age_group,elder,ECE,0.09436473429898887,0.04260941787678864,0.0542296829041645,0.164207202669481,5,87.0,87.0,seed_group_subject_bootstrap
mpdd_demographics_shuffled_age_severity_logistic,MPDD-AVG-2026,Demographics,ordinal severity prediction,shuffled age group one-hot + Logistic,ordinal_prediction,age_group,elder,Macro-F1,0.2686874542944846,0.025297247055951766,0.18898576237926273,0.35040129097696315,5,87.0,87.0,seed_group_subject_bootstrap
mpdd_demographics_shuffled_age_severity_logistic,MPDD-AVG-2026,Demographics,ordinal severity prediction,shuffled age group one-hot + Logistic,ordinal_prediction,age_group,elder,Mean Confidence,0.38804759125010657,0.02053759908108406,,,5,87.0,87.0,not_computed_default_lightweight
mpdd_demographics_shuffled_age_severity_logistic,MPDD-AVG-2026,Demographics,ordinal severity prediction,shuffled age group one-hot + Logistic,ordinal_prediction,age_group,elder,Ordinal MAE,1.013793103448276,0.06873524775966001,0.8745402298850575,1.1412068965517241,5,87.0,87.0,seed_group_subject_bootstrap
mpdd_demographics_shuffled_age_severity_logistic,MPDD-AVG-2026,Demographics,ordinal severity prediction,shuffled age group one-hot + Logistic,ordinal_prediction,age_group,elder,Prediction Bias,0.6413793103448275,0.1746823930254057,,,5,87.0,87.0,not_computed_default_lightweight
mpdd_demographics_shuffled_age_severity_logistic,MPDD-AVG-2026,Demographics,ordinal severity prediction,shuffled age group one-hot + Logistic,ordinal_prediction,age_group,elder,QWK,-0.011700528203975602,0.06449761897159687,-0.1360895305635494,0.07562133439461392,5,87.0,87.0,seed_group_subject_bootstrap
mpdd_demographics_shuffled_age_severity_logistic,MPDD-AVG-2026,Demographics,ordinal severity prediction,shuffled age group one-hot + Logistic,ordinal_prediction,age_group,elder,True Label Probability,0.33457924045097587,0.0029333195440243123,,,5,87.0,87.0,not_computed_default_lightweight
mpdd_demographics_shuffled_age_severity_logistic,MPDD-AVG-2026,Demographics,ordinal severity prediction,shuffled age group one-hot + Logistic,ordinal_prediction,age_group,young,Accuracy,0.3477272727272728,0.032619772941834824,0.280625,0.4271590909090909,5,88.0,88.0,seed_group_subject_bootstrap
mpdd_demographics_shuffled_age_severity_logistic,MPDD-AVG-2026,Demographics,ordinal severity prediction,shuffled age group one-hot + Logistic,ordinal_prediction,age_group,young,Brier Score,0.6701075533241333,0.003138426824818546,,,5,88.0,88.0,not_computed_default_lightweight
mpdd_demographics_shuffled_age_severity_logistic,MPDD-AVG-2026,Demographics,ordinal severity prediction,shuffled age group one-hot + Logistic,ordinal_prediction,age_group,young,Calibration Gap,0.038502809105782895,0.042019392440174934,,,5,88.0,88.0,not_computed_default_lightweight
mpdd_demographics_shuffled_age_severity_logistic,MPDD-AVG-2026,Demographics,ordinal severity prediction,shuffled age group one-hot + Logistic,ordinal_prediction,age_group,young,ECE,0.07916706646823926,0.05663217334792885,0.04450133778854093,0.16562511033614075,5,88.0,88.0,seed_group_subject_bootstrap
mpdd_demographics_shuffled_age_severity_logistic,MPDD-AVG-2026,Demographics,ordinal severity prediction,shuffled age group one-hot + Logistic,ordinal_prediction,age_group,young,Macro-F1,0.3166749537809256,0.037917308913368176,0.24989169453196877,0.3855781324456721,5,88.0,88.0,seed_group_subject_bootstrap
mpdd_demographics_shuffled_age_severity_logistic,MPDD-AVG-2026,Demographics,ordinal severity prediction,shuffled age group one-hot + Logistic,ordinal_prediction,age_group,young,Mean Confidence,0.3862300818330556,0.01890162298571741,,,5,88.0,88.0,not_computed_default_lightweight
mpdd_demographics_shuffled_age_severity_logistic,MPDD-AVG-2026,Demographics,ordinal severity prediction,shuffled age group one-hot + Logistic,ordinal_prediction,age_group,young,Ordinal MAE,0.859090909090909,0.05212429518718053,0.7566477272727272,0.9990909090909093,5,88.0,88.0,seed_group_subject_bootstrap
mpdd_demographics_shuffled_age_severity_logistic,MPDD-AVG-2026,Demographics,ordinal severity prediction,shuffled age group one-hot + Logistic,ordinal_prediction,age_group,young,Prediction Bias,0.4318181818181818,0.10439712798050774,,,5,88.0,88.0,not_computed_default_lightweight
mpdd_demographics_shuffled_age_severity_logistic,MPDD-AVG-2026,Demographics,ordinal severity prediction,shuffled age group one-hot + Logistic,ordinal_prediction,age_group,young,QWK,0.05634565250227177,0.042768090521794117,-0.05746312075946773,0.2162260372301353,5,88.0,88.0,seed_group_subject_bootstrap
mpdd_demographics_shuffled_age_severity_logistic,MPDD-AVG-2026,Demographics,ordinal severity prediction,shuffled age group one-hot + Logistic,ordinal_prediction,age_group,young,True Label Probability,0.3358556987728424,0.0026225910035631906,,,5,88.0,88.0,not_computed_default_lightweight
mpdd_demographics_shuffled_age_severity_logistic,MPDD-AVG-2026,Demographics,ordinal severity prediction,shuffled age group one-hot + Logistic,ordinal_prediction,financial_stress_bin,high_or_severe,Accuracy,0.34285714285714286,0.11428571428571428,,,5,7.0,7.0,not_computed_default_lightweight
mpdd_demographics_shuffled_age_severity_logistic,MPDD-AVG-2026,Demographics,ordinal severity prediction,shuffled age group one-hot + Logistic,ordinal_prediction,financial_stress_bin,high_or_severe,Brier Score,0.6713076613423279,0.01848187234817192,,,5,7.0,7.0,not_computed_default_lightweight
mpdd_demographics_shuffled_age_severity_logistic,MPDD-AVG-2026,Demographics,ordinal severity prediction,shuffled age group one-hot + Logistic,ordinal_prediction,financial_stress_bin,high_or_severe,Calibration Gap,0.047569086199658286,0.10150260552433715,,,5,7.0,7.0,not_computed_default_lightweight
mpdd_demographics_shuffled_age_severity_logistic,MPDD-AVG-2026,Demographics,ordinal severity prediction,shuffled age group one-hot + Logistic,ordinal_prediction,financial_stress_bin,high_or_severe,ECE,0.09863300282830892,0.06694286877526928,,,5,7.0,7.0,not_computed_default_lightweight
mpdd_demographics_shuffled_age_severity_logistic,MPDD-AVG-2026,Demographics,ordinal severity prediction,shuffled age group one-hot + Logistic,ordinal_prediction,financial_stress_bin,high_or_severe,Macro-F1,0.2625396825396825,0.10313112637077819,,,5,7.0,7.0,not_computed_default_lightweight
mpdd_demographics_shuffled_age_severity_logistic,MPDD-AVG-2026,Demographics,ordinal severity prediction,shuffled age group one-hot + Logistic,ordinal_prediction,financial_stress_bin,high_or_severe,Mean Confidence,0.39042622905680113,0.015627776977180683,,,5,7.0,7.0,not_computed_default_lightweight
mpdd_demographics_shuffled_age_severity_logistic,MPDD-AVG-2026,Demographics,ordinal severity prediction,shuffled age group one-hot + Logistic,ordinal_prediction,financial_stress_bin,high_or_severe,Ordinal MAE,0.8,0.06998542122237648,,,5,7.0,7.0,not_computed_default_lightweight
mpdd_demographics_shuffled_age_severity_logistic,MPDD-AVG-2026,Demographics,ordinal severity prediction,shuffled age group one-hot + Logistic,ordinal_prediction,financial_stress_bin,high_or_severe,Prediction Bias,0.11428571428571428,0.4553536414431208,,,5,7.0,7.0,not_computed_default_lightweight
mpdd_demographics_shuffled_age_severity_logistic,MPDD-AVG-2026,Demographics,ordinal severity prediction,shuffled age group one-hot + Logistic,ordinal_prediction,financial_stress_bin,high_or_severe,QWK,0.24780246913580242,0.13003413431081282,,,5,7.0,7.0,not_computed_default_lightweight
mpdd_demographics_shuffled_age_severity_logistic,MPDD-AVG-2026,Demographics,ordinal severity prediction,shuffled age group one-hot + Logistic,ordinal_prediction,financial_stress_bin,high_or_severe,True Label Probability,0.33605139314688537,0.010752352237118571,,,5,7.0,7.0,not_computed_default_lightweight
mpdd_demographics_shuffled_age_severity_logistic,MPDD-AVG-2026,Demographics,ordinal severity prediction,shuffled age group one-hot + Logistic,ordinal_prediction,financial_stress_bin,mentioned_unclear,Accuracy,0.45,0.18708286933869708,,,5,4.0,4.0,not_computed_default_lightweight
mpdd_demographics_shuffled_age_severity_logistic,MPDD-AVG-2026,Demographics,ordinal severity prediction,shuffled age group one-hot + Logistic,ordinal_prediction,financial_stress_bin,mentioned_unclear,Brier Score,0.6486786090476816,0.05455042527242313,,,5,4.0,4.0,not_computed_default_lightweight
mpdd_demographics_shuffled_age_severity_logistic,MPDD-AVG-2026,Demographics,ordinal severity prediction,shuffled age group one-hot + Logistic,ordinal_prediction,financial_stress_bin,mentioned_unclear,Calibration Gap,-0.05654186619176386,0.16457959991590526,,,5,4.0,4.0,not_computed_default_lightweight
mpdd_demographics_shuffled_age_severity_logistic,MPDD-AVG-2026,Demographics,ordinal severity prediction,shuffled age group one-hot + Logistic,ordinal_prediction,financial_stress_bin,mentioned_unclear,ECE,0.21937777554810367,0.16426646407997075,,,5,4.0,4.0,not_computed_default_lightweight
mpdd_demographics_shuffled_age_severity_logistic,MPDD-AVG-2026,Demographics,ordinal severity prediction,shuffled age group one-hot + Logistic,ordinal_prediction,financial_stress_bin,mentioned_unclear,Macro-F1,0.37777777777777777,0.1378852627332317,,,5,4.0,4.0,not_computed_default_lightweight
mpdd_demographics_shuffled_age_severity_logistic,MPDD-AVG-2026,Demographics,ordinal severity prediction,shuffled age group one-hot + Logistic,ordinal_prediction,financial_stress_bin,mentioned_unclear,Mean Confidence,0.39345813380823613,0.03141842554031308,,,5,4.0,4.0,not_computed_default_lightweight
mpdd_demographics_shuffled_age_severity_logistic,MPDD-AVG-2026,Demographics,ordinal severity prediction,shuffled age group one-hot + Logistic,ordinal_prediction,financial_stress_bin,mentioned_unclear,Ordinal MAE,0.8,0.291547594742265,,,5,4.0,4.0,not_computed_default_lightweight
mpdd_demographics_shuffled_age_severity_logistic,MPDD-AVG-2026,Demographics,ordinal severity prediction,shuffled age group one-hot + Logistic,ordinal_prediction,financial_stress_bin,mentioned_unclear,Prediction Bias,0.5,0.27386127875258304,,,5,4.0,4.0,not_computed_default_lightweight
mpdd_demographics_shuffled_age_severity_logistic,MPDD-AVG-2026,Demographics,ordinal severity prediction,shuffled age group one-hot + Logistic,ordinal_prediction,financial_stress_bin,mentioned_unclear,QWK,0.24600732600732597,0.3255786455948678,,,5,4.0,4.0,not_computed_default_lightweight
mpdd_demographics_shuffled_age_severity_logistic,MPDD-AVG-2026,Demographics,ordinal severity prediction,shuffled age group one-hot + Logistic,ordinal_prediction,financial_stress_bin,mentioned_unclear,True Label Probability,0.3485671001933327,0.031584897674560616,,,5,4.0,4.0,not_computed_default_lightweight
mpdd_demographics_shuffled_age_severity_logistic,MPDD-AVG-2026,Demographics,ordinal severity prediction,shuffled age group one-hot + Logistic,ordinal_prediction,financial_stress_bin,mild_or_low,Accuracy,0.26666666666666666,0.11055415967851334,,,5,12.0,12.0,not_computed_default_lightweight
mpdd_demographics_shuffled_age_severity_logistic,MPDD-AVG-2026,Demographics,ordinal severity prediction,shuffled age group one-hot + Logistic,ordinal_prediction,financial_stress_bin,mild_or_low,Brier Score,0.662765003701758,0.03380854969455088,,,5,12.0,12.0,not_computed_default_lightweight
mpdd_demographics_shuffled_age_severity_logistic,MPDD-AVG-2026,Demographics,ordinal severity prediction,shuffled age group one-hot + Logistic,ordinal_prediction,financial_stress_bin,mild_or_low,Calibration Gap,0.12347576733271445,0.11221150597101119,,,5,12.0,12.0,not_computed_default_lightweight
mpdd_demographics_shuffled_age_severity_logistic,MPDD-AVG-2026,Demographics,ordinal severity prediction,shuffled age group one-hot + Logistic,ordinal_prediction,financial_stress_bin,mild_or_low,ECE,0.16886956502935038,0.070985567270836,,,5,12.0,12.0,not_computed_default_lightweight
mpdd_demographics_shuffled_age_severity_logistic,MPDD-AVG-2026,Demographics,ordinal severity prediction,shuffled age group one-hot + Logistic,ordinal_prediction,financial_stress_bin,mild_or_low,Macro-F1,0.23531616531616534,0.09627173950784304,,,5,12.0,12.0,not_computed_default_lightweight
mpdd_demographics_shuffled_age_severity_logistic,MPDD-AVG-2026,Demographics,ordinal severity prediction,shuffled age group one-hot + Logistic,ordinal_prediction,financial_stress_bin,mild_or_low,Mean Confidence,0.3901424339993811,0.020646811498588487,,,5,12.0,12.0,not_computed_default_lightweight
mpdd_demographics_shuffled_age_severity_logistic,MPDD-AVG-2026,Demographics,ordinal severity prediction,shuffled age group one-hot + Logistic,ordinal_prediction,financial_stress_bin,mild_or_low,Ordinal MAE,0.95,0.21473497877875208,,,5,12.0,12.0,not_computed_default_lightweight
mpdd_demographics_shuffled_age_severity_logistic,MPDD-AVG-2026,Demographics,ordinal severity prediction,shuffled age group one-hot + Logistic,ordinal_prediction,financial_stress_bin,mild_or_low,Prediction Bias,0.65,0.3704351795148812,,,5,12.0,12.0,not_computed_default_lightweight
mpdd_demographics_shuffled_age_severity_logistic,MPDD-AVG-2026,Demographics,ordinal severity prediction,shuffled age group one-hot + Logistic,ordinal_prediction,financial_stress_bin,mild_or_low,QWK,0.13312548359290038,0.1035892722036215,,,5,12.0,12.0,not_computed_default_lightweight
mpdd_demographics_shuffled_age_severity_logistic,MPDD-AVG-2026,Demographics,ordinal severity prediction,shuffled age group one-hot + Logistic,ordinal_prediction,financial_stress_bin,mild_or_low,True Label Probability,0.3401545961469286,0.015066307058494004,,,5,12.0,12.0,not_computed_default_lightweight
mpdd_demographics_shuffled_age_severity_logistic,MPDD-AVG-2026,Demographics,ordinal severity prediction,shuffled age group one-hot + Logistic,ordinal_prediction,financial_stress_bin,moderate,Accuracy,0.3428571428571428,0.06998542122237653,,,5,7.0,7.0,not_computed_default_lightweight
mpdd_demographics_shuffled_age_severity_logistic,MPDD-AVG-2026,Demographics,ordinal severity prediction,shuffled age group one-hot + Logistic,ordinal_prediction,financial_stress_bin,moderate,Brier Score,0.6607658528563551,0.009331041928355713,,,5,7.0,7.0,not_computed_default_lightweight
mpdd_demographics_shuffled_age_severity_logistic,MPDD-AVG-2026,Demographics,ordinal severity prediction,shuffled age group one-hot + Logistic,ordinal_prediction,financial_stress_bin,moderate,Calibration Gap,0.03928693241492335,0.0742810503628112,,,5,7.0,7.0,not_computed_default_lightweight
mpdd_demographics_shuffled_age_severity_logistic,MPDD-AVG-2026,Demographics,ordinal severity prediction,shuffled age group one-hot + Logistic,ordinal_prediction,financial_stress_bin,moderate,ECE,0.1052235558510601,0.0459392892746978,,,5,7.0,7.0,not_computed_default_lightweight
mpdd_demographics_shuffled_age_severity_logistic,MPDD-AVG-2026,Demographics,ordinal severity prediction,shuffled age group one-hot + Logistic,ordinal_prediction,financial_stress_bin,moderate,Macro-F1,0.2312169312169312,0.07357351659584632,,,5,7.0,7.0,not_computed_default_lightweight
mpdd_demographics_shuffled_age_severity_logistic,MPDD-AVG-2026,Demographics,ordinal severity prediction,shuffled age group one-hot + Logistic,ordinal_prediction,financial_stress_bin,moderate,Mean Confidence,0.3821440752720661,0.01422292603148339,,,5,7.0,7.0,not_computed_default_lightweight
mpdd_demographics_shuffled_age_severity_logistic,MPDD-AVG-2026,Demographics,ordinal severity prediction,shuffled age group one-hot + Logistic,ordinal_prediction,financial_stress_bin,moderate,Ordinal MAE,1.0285714285714287,0.13997084244475308,,,5,7.0,7.0,not_computed_default_lightweight
mpdd_demographics_shuffled_age_severity_logistic,MPDD-AVG-2026,Demographics,ordinal severity prediction,shuffled age group one-hot + Logistic,ordinal_prediction,financial_stress_bin,moderate,Prediction Bias,0.5142857142857143,0.4389226141639205,,,5,7.0,7.0,not_computed_default_lightweight
mpdd_demographics_shuffled_age_severity_logistic,MPDD-AVG-2026,Demographics,ordinal severity prediction,shuffled age group one-hot + Logistic,ordinal_prediction,financial_stress_bin,moderate,QWK,-0.05407284734997635,0.27950909452902856,,,5,7.0,7.0,not_computed_default_lightweight
mpdd_demographics_shuffled_age_severity_logistic,MPDD-AVG-2026,Demographics,ordinal severity prediction,shuffled age group one-hot + Logistic,ordinal_prediction,financial_stress_bin,moderate,True Label Probability,0.33974814023226924,0.004964875889901333,,,5,7.0,7.0,not_computed_default_lightweight
mpdd_demographics_shuffled_age_severity_logistic,MPDD-AVG-2026,Demographics,ordinal severity prediction,shuffled age group one-hot + Logistic,ordinal_prediction,financial_stress_bin,none,Accuracy,0.30588235294117644,0.06395884874627486,,,5,51.0,51.0,not_computed_default_lightweight
mpdd_demographics_shuffled_age_severity_logistic,MPDD-AVG-2026,Demographics,ordinal severity prediction,shuffled age group one-hot + Logistic,ordinal_prediction,financial_stress_bin,none,Brier Score,0.6807547994379883,0.012047539318253376,,,5,51.0,51.0,not_computed_default_lightweight
mpdd_demographics_shuffled_age_severity_logistic,MPDD-AVG-2026,Demographics,ordinal severity prediction,shuffled age group one-hot + Logistic,ordinal_prediction,financial_stress_bin,none,Calibration Gap,0.08174603649320822,0.07985027142056657,,,5,51.0,51.0,not_computed_default_lightweight
mpdd_demographics_shuffled_age_severity_logistic,MPDD-AVG-2026,Demographics,ordinal severity prediction,shuffled age group one-hot + Logistic,ordinal_prediction,financial_stress_bin,none,ECE,0.12174354756074209,0.053138597905890525,,,5,51.0,51.0,not_computed_default_lightweight
mpdd_demographics_shuffled_age_severity_logistic,MPDD-AVG-2026,Demographics,ordinal severity prediction,shuffled age group one-hot + Logistic,ordinal_prediction,financial_stress_bin,none,Macro-F1,0.25778231372114,0.04435408529466819,,,5,51.0,51.0,not_computed_default_lightweight
mpdd_demographics_shuffled_age_severity_logistic,MPDD-AVG-2026,Demographics,ordinal severity prediction,shuffled age group one-hot + Logistic,ordinal_prediction,financial_stress_bin,none,Mean Confidence,0.3876283894343847,0.02277382960994283,,,5,51.0,51.0,not_computed_default_lightweight
mpdd_demographics_shuffled_age_severity_logistic,MPDD-AVG-2026,Demographics,ordinal severity prediction,shuffled age group one-hot + Logistic,ordinal_prediction,financial_stress_bin,none,Ordinal MAE,1.0666666666666669,0.10493402478635025,,,5,51.0,51.0,not_computed_default_lightweight
mpdd_demographics_shuffled_age_severity_logistic,MPDD-AVG-2026,Demographics,ordinal severity prediction,shuffled age group one-hot + Logistic,ordinal_prediction,financial_stress_bin,none,Prediction Bias,0.6901960784313725,0.16188052894549249,,,5,51.0,51.0,not_computed_default_lightweight
mpdd_demographics_shuffled_age_severity_logistic,MPDD-AVG-2026,Demographics,ordinal severity prediction,shuffled age group one-hot + Logistic,ordinal_prediction,financial_stress_bin,none,QWK,-0.10090123492088013,0.05234670044814223,,,5,51.0,51.0,not_computed_default_lightweight
mpdd_demographics_shuffled_age_severity_logistic,MPDD-AVG-2026,Demographics,ordinal severity prediction,shuffled age group one-hot + Logistic,ordinal_prediction,financial_stress_bin,none,True Label Probability,0.33097632565753765,0.0022578417793325226,,,5,51.0,51.0,not_computed_default_lightweight
mpdd_demographics_shuffled_age_severity_logistic,MPDD-AVG-2026,Demographics,ordinal severity prediction,shuffled age group one-hot + Logistic,ordinal_prediction,financial_stress_bin,unknown,Accuracy,0.3489361702127659,0.040031676004737816,,,5,94.0,94.0,not_computed_default_lightweight
mpdd_demographics_shuffled_age_severity_logistic,MPDD-AVG-2026,Demographics,ordinal severity prediction,shuffled age group one-hot + Logistic,ordinal_prediction,financial_stress_bin,unknown,Brier Score,0.6700537084509869,0.00538710270200097,,,5,94.0,94.0,not_computed_default_lightweight
mpdd_demographics_shuffled_age_severity_logistic,MPDD-AVG-2026,Demographics,ordinal severity prediction,shuffled age group one-hot + Logistic,ordinal_prediction,financial_stress_bin,unknown,Calibration Gap,0.03740219048283988,0.050712930719046645,,,5,94.0,94.0,not_computed_default_lightweight
mpdd_demographics_shuffled_age_severity_logistic,MPDD-AVG-2026,Demographics,ordinal severity prediction,shuffled age group one-hot + Logistic,ordinal_prediction,financial_stress_bin,unknown,ECE,0.09094048639088873,0.05486705911406629,,,5,94.0,94.0,not_computed_default_lightweight
mpdd_demographics_shuffled_age_severity_logistic,MPDD-AVG-2026,Demographics,ordinal severity prediction,shuffled age group one-hot + Logistic,ordinal_prediction,financial_stress_bin,unknown,Macro-F1,0.3138863817973031,0.04071903922742479,,,5,94.0,94.0,not_computed_default_lightweight
mpdd_demographics_shuffled_age_severity_logistic,MPDD-AVG-2026,Demographics,ordinal severity prediction,shuffled age group one-hot + Logistic,ordinal_prediction,financial_stress_bin,unknown,Mean Confidence,0.38633836069560584,0.018526859931946634,,,5,94.0,94.0,not_computed_default_lightweight
mpdd_demographics_shuffled_age_severity_logistic,MPDD-AVG-2026,Demographics,ordinal severity prediction,shuffled age group one-hot + Logistic,ordinal_prediction,financial_stress_bin,unknown,Ordinal MAE,0.8723404255319147,0.06055425306705408,,,5,94.0,94.0,not_computed_default_lightweight
mpdd_demographics_shuffled_age_severity_logistic,MPDD-AVG-2026,Demographics,ordinal severity prediction,shuffled age group one-hot + Logistic,ordinal_prediction,financial_stress_bin,unknown,Prediction Bias,0.47234042553191485,0.11548312123499496,,,5,94.0,94.0,not_computed_default_lightweight
mpdd_demographics_shuffled_age_severity_logistic,MPDD-AVG-2026,Demographics,ordinal severity prediction,shuffled age group one-hot + Logistic,ordinal_prediction,financial_stress_bin,unknown,QWK,0.04993052564808231,0.04821522464166301,,,5,94.0,94.0,not_computed_default_lightweight
mpdd_demographics_shuffled_age_severity_logistic,MPDD-AVG-2026,Demographics,ordinal severity prediction,shuffled age group one-hot + Logistic,ordinal_prediction,financial_stress_bin,unknown,True Label Probability,0.33592747355872393,0.003249985942451269,,,5,94.0,94.0,not_computed_default_lightweight
mpdd_demographics_shuffled_age_severity_logistic,MPDD-AVG-2026,Demographics,ordinal severity prediction,shuffled age group one-hot + Logistic,ordinal_prediction,personality_agreeableness_bin,high,Accuracy,0.3785714285714286,0.04285714285714284,,,5,28.0,28.0,not_computed_default_lightweight
mpdd_demographics_shuffled_age_severity_logistic,MPDD-AVG-2026,Demographics,ordinal severity prediction,shuffled age group one-hot + Logistic,ordinal_prediction,personality_agreeableness_bin,high,Brier Score,0.6609228757302084,0.019731491250137755,,,5,28.0,28.0,not_computed_default_lightweight
mpdd_demographics_shuffled_age_severity_logistic,MPDD-AVG-2026,Demographics,ordinal severity prediction,shuffled age group one-hot + Logistic,ordinal_prediction,personality_agreeableness_bin,high,Calibration Gap,0.008287979140187274,0.03268398181834029,,,5,28.0,28.0,not_computed_default_lightweight
mpdd_demographics_shuffled_age_severity_logistic,MPDD-AVG-2026,Demographics,ordinal severity prediction,shuffled age group one-hot + Logistic,ordinal_prediction,personality_agreeableness_bin,high,ECE,0.07486072746564501,0.025670337712627028,,,5,28.0,28.0,not_computed_default_lightweight
mpdd_demographics_shuffled_age_severity_logistic,MPDD-AVG-2026,Demographics,ordinal severity prediction,shuffled age group one-hot + Logistic,ordinal_prediction,personality_agreeableness_bin,high,Macro-F1,0.3494405376758318,0.06972250610106506,,,5,28.0,28.0,not_computed_default_lightweight
mpdd_demographics_shuffled_age_severity_logistic,MPDD-AVG-2026,Demographics,ordinal severity prediction,shuffled age group one-hot + Logistic,ordinal_prediction,personality_agreeableness_bin,high,Mean Confidence,0.38685940771161587,0.019317224496175636,,,5,28.0,28.0,not_computed_default_lightweight
mpdd_demographics_shuffled_age_severity_logistic,MPDD-AVG-2026,Demographics,ordinal severity prediction,shuffled age group one-hot + Logistic,ordinal_prediction,personality_agreeableness_bin,high,Ordinal MAE,0.9285714285714286,0.02258769757263127,,,5,28.0,28.0,not_computed_default_lightweight
mpdd_demographics_shuffled_age_severity_logistic,MPDD-AVG-2026,Demographics,ordinal severity prediction,shuffled age group one-hot + Logistic,ordinal_prediction,personality_agreeableness_bin,high,Prediction Bias,0.5285714285714287,0.22968478844019322,,,5,28.0,28.0,not_computed_default_lightweight
mpdd_demographics_shuffled_age_severity_logistic,MPDD-AVG-2026,Demographics,ordinal severity prediction,shuffled age group one-hot + Logistic,ordinal_prediction,personality_agreeableness_bin,high,QWK,0.008756695917110657,0.12259829872111294,,,5,28.0,28.0,not_computed_default_lightweight
mpdd_demographics_shuffled_age_severity_logistic,MPDD-AVG-2026,Demographics,ordinal severity prediction,shuffled age group one-hot + Logistic,ordinal_prediction,personality_agreeableness_bin,high,True Label Probability,0.34136095613697603,0.013586021187557033,,,5,28.0,28.0,not_computed_default_lightweight
mpdd_demographics_shuffled_age_severity_logistic,MPDD-AVG-2026,Demographics,ordinal severity prediction,shuffled age group one-hot + Logistic,ordinal_prediction,personality_agreeableness_bin,low,Accuracy,0.325,0.05916079783099615,,,5,40.0,40.0,not_computed_default_lightweight
mpdd_demographics_shuffled_age_severity_logistic,MPDD-AVG-2026,Demographics,ordinal severity prediction,shuffled age group one-hot + Logistic,ordinal_prediction,personality_agreeableness_bin,low,Brier Score,0.6730217110555156,0.012485908040670634,,,5,40.0,40.0,not_computed_default_lightweight
mpdd_demographics_shuffled_age_severity_logistic,MPDD-AVG-2026,Demographics,ordinal severity prediction,shuffled age group one-hot + Logistic,ordinal_prediction,personality_agreeableness_bin,low,Calibration Gap,0.06184747552298153,0.068022933841884,,,5,40.0,40.0,not_computed_default_lightweight
mpdd_demographics_shuffled_age_severity_logistic,MPDD-AVG-2026,Demographics,ordinal severity prediction,shuffled age group one-hot + Logistic,ordinal_prediction,personality_agreeableness_bin,low,ECE,0.10418476668939729,0.0416451834474381,,,5,40.0,40.0,not_computed_default_lightweight
mpdd_demographics_shuffled_age_severity_logistic,MPDD-AVG-2026,Demographics,ordinal severity prediction,shuffled age group one-hot + Logistic,ordinal_prediction,personality_agreeableness_bin,low,Macro-F1,0.2965806215418719,0.06277564859927152,,,5,40.0,40.0,not_computed_default_lightweight
mpdd_demographics_shuffled_age_severity_logistic,MPDD-AVG-2026,Demographics,ordinal severity prediction,shuffled age group one-hot + Logistic,ordinal_prediction,personality_agreeableness_bin,low,Mean Confidence,0.3868474755229815,0.02151616486204502,,,5,40.0,40.0,not_computed_default_lightweight
mpdd_demographics_shuffled_age_severity_logistic,MPDD-AVG-2026,Demographics,ordinal severity prediction,shuffled age group one-hot + Logistic,ordinal_prediction,personality_agreeableness_bin,low,Ordinal MAE,0.835,0.09433981132056601,,,5,40.0,40.0,not_computed_default_lightweight
mpdd_demographics_shuffled_age_severity_logistic,MPDD-AVG-2026,Demographics,ordinal severity prediction,shuffled age group one-hot + Logistic,ordinal_prediction,personality_agreeableness_bin,low,Prediction Bias,0.375,0.1224744871391589,,,5,40.0,40.0,not_computed_default_lightweight
mpdd_demographics_shuffled_age_severity_logistic,MPDD-AVG-2026,Demographics,ordinal severity prediction,shuffled age group one-hot + Logistic,ordinal_prediction,personality_agreeableness_bin,low,QWK,0.09070489795749229,0.08183964970073057,,,5,40.0,40.0,not_computed_default_lightweight
mpdd_demographics_shuffled_age_severity_logistic,MPDD-AVG-2026,Demographics,ordinal severity prediction,shuffled age group one-hot + Logistic,ordinal_prediction,personality_agreeableness_bin,low,True Label Probability,0.3344006814834151,0.0034580106383605563,,,5,40.0,40.0,not_computed_default_lightweight
mpdd_demographics_shuffled_age_severity_logistic,MPDD-AVG-2026,Demographics,ordinal severity prediction,shuffled age group one-hot + Logistic,ordinal_prediction,personality_agreeableness_bin,mid,Accuracy,0.34347826086956523,0.04841534228547846,,,5,46.0,46.0,not_computed_default_lightweight
mpdd_demographics_shuffled_age_severity_logistic,MPDD-AVG-2026,Demographics,ordinal severity prediction,shuffled age group one-hot + Logistic,ordinal_prediction,personality_agreeableness_bin,mid,Brier Score,0.6707192548364798,0.01012998481229597,,,5,46.0,46.0,not_computed_default_lightweight
mpdd_demographics_shuffled_age_severity_logistic,MPDD-AVG-2026,Demographics,ordinal severity prediction,shuffled age group one-hot + Logistic,ordinal_prediction,personality_agreeableness_bin,mid,Calibration Gap,0.04333635898899078,0.055602330132161044,,,5,46.0,46.0,not_computed_default_lightweight
mpdd_demographics_shuffled_age_severity_logistic,MPDD-AVG-2026,Demographics,ordinal severity prediction,shuffled age group one-hot + Logistic,ordinal_prediction,personality_agreeableness_bin,mid,ECE,0.10457810634675532,0.07260911041036157,,,5,46.0,46.0,not_computed_default_lightweight
mpdd_demographics_shuffled_age_severity_logistic,MPDD-AVG-2026,Demographics,ordinal severity prediction,shuffled age group one-hot + Logistic,ordinal_prediction,personality_agreeableness_bin,mid,Macro-F1,0.3054399504813982,0.04415141102983793,,,5,46.0,46.0,not_computed_default_lightweight
mpdd_demographics_shuffled_age_severity_logistic,MPDD-AVG-2026,Demographics,ordinal severity prediction,shuffled age group one-hot + Logistic,ordinal_prediction,personality_agreeableness_bin,mid,Mean Confidence,0.386814619858556,0.01837668321412247,,,5,46.0,46.0,not_computed_default_lightweight
mpdd_demographics_shuffled_age_severity_logistic,MPDD-AVG-2026,Demographics,ordinal severity prediction,shuffled age group one-hot + Logistic,ordinal_prediction,personality_agreeableness_bin,mid,Ordinal MAE,0.9173913043478261,0.0905768115478246,,,5,46.0,46.0,not_computed_default_lightweight
mpdd_demographics_shuffled_age_severity_logistic,MPDD-AVG-2026,Demographics,ordinal severity prediction,shuffled age group one-hot + Logistic,ordinal_prediction,personality_agreeableness_bin,mid,Prediction Bias,0.5956521739130435,0.13926623806997365,,,5,46.0,46.0,not_computed_default_lightweight
mpdd_demographics_shuffled_age_severity_logistic,MPDD-AVG-2026,Demographics,ordinal severity prediction,shuffled age group one-hot + Logistic,ordinal_prediction,personality_agreeableness_bin,mid,QWK,0.058641381649773415,0.09127744506420352,,,5,46.0,46.0,not_computed_default_lightweight
mpdd_demographics_shuffled_age_severity_logistic,MPDD-AVG-2026,Demographics,ordinal severity prediction,shuffled age group one-hot + Logistic,ordinal_prediction,personality_agreeableness_bin,mid,True Label Probability,0.3354647082968011,0.006030346956006801,,,5,46.0,46.0,not_computed_default_lightweight
mpdd_demographics_shuffled_age_severity_logistic,MPDD-AVG-2026,Demographics,ordinal severity prediction,shuffled age group one-hot + Logistic,ordinal_prediction,personality_agreeableness_bin,unknown,Accuracy,0.3081967213114754,0.06508010898780069,,,5,61.0,61.0,not_computed_default_lightweight
mpdd_demographics_shuffled_age_severity_logistic,MPDD-AVG-2026,Demographics,ordinal severity prediction,shuffled age group one-hot + Logistic,ordinal_prediction,personality_agreeableness_bin,unknown,Brier Score,0.6769861927965288,0.01570211473537876,,,5,61.0,61.0,not_computed_default_lightweight
mpdd_demographics_shuffled_age_severity_logistic,MPDD-AVG-2026,Demographics,ordinal severity prediction,shuffled age group one-hot + Logistic,ordinal_prediction,personality_agreeableness_bin,unknown,Calibration Gap,0.07949102770049304,0.07951802064444767,,,5,61.0,61.0,not_computed_default_lightweight
mpdd_demographics_shuffled_age_severity_logistic,MPDD-AVG-2026,Demographics,ordinal severity prediction,shuffled age group one-hot + Logistic,ordinal_prediction,personality_agreeableness_bin,unknown,ECE,0.10328657015869873,0.06590628382274062,,,5,61.0,61.0,not_computed_default_lightweight
mpdd_demographics_shuffled_age_severity_logistic,MPDD-AVG-2026,Demographics,ordinal severity prediction,shuffled age group one-hot + Logistic,ordinal_prediction,personality_agreeableness_bin,unknown,Macro-F1,0.2574764594495559,0.03908609003812805,,,5,61.0,61.0,not_computed_default_lightweight
mpdd_demographics_shuffled_age_severity_logistic,MPDD-AVG-2026,Demographics,ordinal severity prediction,shuffled age group one-hot + Logistic,ordinal_prediction,personality_agreeableness_bin,unknown,Mean Confidence,0.38768774901196845,0.020396957573421987,,,5,61.0,61.0,not_computed_default_lightweight
mpdd_demographics_shuffled_age_severity_logistic,MPDD-AVG-2026,Demographics,ordinal severity prediction,shuffled age group one-hot + Logistic,ordinal_prediction,personality_agreeableness_bin,unknown,Ordinal MAE,1.019672131147541,0.09581402751608165,,,5,61.0,61.0,not_computed_default_lightweight
mpdd_demographics_shuffled_age_severity_logistic,MPDD-AVG-2026,Demographics,ordinal severity prediction,shuffled age group one-hot + Logistic,ordinal_prediction,personality_agreeableness_bin,unknown,Prediction Bias,0.6,0.16478468030333196,,,5,61.0,61.0,not_computed_default_lightweight
mpdd_demographics_shuffled_age_severity_logistic,MPDD-AVG-2026,Demographics,ordinal severity prediction,shuffled age group one-hot + Logistic,ordinal_prediction,personality_agreeableness_bin,unknown,QWK,-0.04945721561519358,0.06250744685130201,,,5,61.0,61.0,not_computed_default_lightweight
mpdd_demographics_shuffled_age_severity_logistic,MPDD-AVG-2026,Demographics,ordinal severity prediction,shuffled age group one-hot + Logistic,ordinal_prediction,personality_agreeableness_bin,unknown,True Label Probability,0.33275712784295475,0.004345656191693402,,,5,61.0,61.0,not_computed_default_lightweight
mpdd_demographics_shuffled_age_severity_logistic,MPDD-AVG-2026,Demographics,ordinal severity prediction,shuffled age group one-hot + Logistic,ordinal_prediction,personality_conscientiousness_bin,high,Accuracy,0.3384615384615384,0.04955422587201972,,,5,52.0,52.0,not_computed_default_lightweight
mpdd_demographics_shuffled_age_severity_logistic,MPDD-AVG-2026,Demographics,ordinal severity prediction,shuffled age group one-hot + Logistic,ordinal_prediction,personality_conscientiousness_bin,high,Brier Score,0.6709816908445926,0.009894997928961053,,,5,52.0,52.0,not_computed_default_lightweight
mpdd_demographics_shuffled_age_severity_logistic,MPDD-AVG-2026,Demographics,ordinal severity prediction,shuffled age group one-hot + Logistic,ordinal_prediction,personality_conscientiousness_bin,high,Calibration Gap,0.05086670552502113,0.06547026502674151,,,5,52.0,52.0,not_computed_default_lightweight
mpdd_demographics_shuffled_age_severity_logistic,MPDD-AVG-2026,Demographics,ordinal severity prediction,shuffled age group one-hot + Logistic,ordinal_prediction,personality_conscientiousness_bin,high,ECE,0.08474849231707765,0.040234147320831214,,,5,52.0,52.0,not_computed_default_lightweight
mpdd_demographics_shuffled_age_severity_logistic,MPDD-AVG-2026,Demographics,ordinal severity prediction,shuffled age group one-hot + Logistic,ordinal_prediction,personality_conscientiousness_bin,high,Macro-F1,0.29381134162682826,0.0238447167743319,,,5,52.0,52.0,not_computed_default_lightweight
mpdd_demographics_shuffled_age_severity_logistic,MPDD-AVG-2026,Demographics,ordinal severity prediction,shuffled age group one-hot + Logistic,ordinal_prediction,personality_conscientiousness_bin,high,Mean Confidence,0.3893282439865596,0.019554839564883603,,,5,52.0,52.0,not_computed_default_lightweight
mpdd_demographics_shuffled_age_severity_logistic,MPDD-AVG-2026,Demographics,ordinal severity prediction,shuffled age group one-hot + Logistic,ordinal_prediction,personality_conscientiousness_bin,high,Ordinal MAE,0.9461538461538461,0.07029102647114256,,,5,52.0,52.0,not_computed_default_lightweight
mpdd_demographics_shuffled_age_severity_logistic,MPDD-AVG-2026,Demographics,ordinal severity prediction,shuffled age group one-hot + Logistic,ordinal_prediction,personality_conscientiousness_bin,high,Prediction Bias,0.5692307692307692,0.17900117351107842,,,5,52.0,52.0,not_computed_default_lightweight
mpdd_demographics_shuffled_age_severity_logistic,MPDD-AVG-2026,Demographics,ordinal severity prediction,shuffled age group one-hot + Logistic,ordinal_prediction,personality_conscientiousness_bin,high,QWK,0.029527370895657358,0.04584030057862297,,,5,52.0,52.0,not_computed_default_lightweight
mpdd_demographics_shuffled_age_severity_logistic,MPDD-AVG-2026,Demographics,ordinal severity prediction,shuffled age group one-hot + Logistic,ordinal_prediction,personality_conscientiousness_bin,high,True Label Probability,0.3357858325933961,0.002460444182266908,,,5,52.0,52.0,not_computed_default_lightweight
mpdd_demographics_shuffled_age_severity_logistic,MPDD-AVG-2026,Demographics,ordinal severity prediction,shuffled age group one-hot + Logistic,ordinal_prediction,personality_conscientiousness_bin,low,Accuracy,0.35172413793103446,0.07282314511014783,,,5,58.0,58.0,not_computed_default_lightweight
mpdd_demographics_shuffled_age_severity_logistic,MPDD-AVG-2026,Demographics,ordinal severity prediction,shuffled age group one-hot + Logistic,ordinal_prediction,personality_conscientiousness_bin,low,Brier Score,0.6690561780996386,0.009422719203309407,,,5,58.0,58.0,not_computed_default_lightweight
mpdd_demographics_shuffled_age_severity_logistic,MPDD-AVG-2026,Demographics,ordinal severity prediction,shuffled age group one-hot + Logistic,ordinal_prediction,personality_conscientiousness_bin,low,Calibration Gap,0.034455917895156646,0.07937898341784111,,,5,58.0,58.0,not_computed_default_lightweight
mpdd_demographics_shuffled_age_severity_logistic,MPDD-AVG-2026,Demographics,ordinal severity prediction,shuffled age group one-hot + Logistic,ordinal_prediction,personality_conscientiousness_bin,low,ECE,0.10616887694384733,0.0638109189769396,,,5,58.0,58.0,not_computed_default_lightweight
mpdd_demographics_shuffled_age_severity_logistic,MPDD-AVG-2026,Demographics,ordinal severity prediction,shuffled age group one-hot + Logistic,ordinal_prediction,personality_conscientiousness_bin,low,Macro-F1,0.32837635942852683,0.07461184293833603,,,5,58.0,58.0,not_computed_default_lightweight
mpdd_demographics_shuffled_age_severity_logistic,MPDD-AVG-2026,Demographics,ordinal severity prediction,shuffled age group one-hot + Logistic,ordinal_prediction,personality_conscientiousness_bin,low,Mean Confidence,0.38618005582619114,0.02138060075333283,,,5,58.0,58.0,not_computed_default_lightweight
mpdd_demographics_shuffled_age_severity_logistic,MPDD-AVG-2026,Demographics,ordinal severity prediction,shuffled age group one-hot + Logistic,ordinal_prediction,personality_conscientiousness_bin,low,Ordinal MAE,0.8206896551724137,0.08831895499907377,,,5,58.0,58.0,not_computed_default_lightweight
mpdd_demographics_shuffled_age_severity_logistic,MPDD-AVG-2026,Demographics,ordinal severity prediction,shuffled age group one-hot + Logistic,ordinal_prediction,personality_conscientiousness_bin,low,Prediction Bias,0.35172413793103446,0.10661810230165727,,,5,58.0,58.0,not_computed_default_lightweight
mpdd_demographics_shuffled_age_severity_logistic,MPDD-AVG-2026,Demographics,ordinal severity prediction,shuffled age group one-hot + Logistic,ordinal_prediction,personality_conscientiousness_bin,low,QWK,0.10813637273834216,0.10260121757257912,,,5,58.0,58.0,not_computed_default_lightweight
mpdd_demographics_shuffled_age_severity_logistic,MPDD-AVG-2026,Demographics,ordinal severity prediction,shuffled age group one-hot + Logistic,ordinal_prediction,personality_conscientiousness_bin,low,True Label Probability,0.3365608981964033,0.005609866668406952,,,5,58.0,58.0,not_computed_default_lightweight
mpdd_demographics_shuffled_age_severity_logistic,MPDD-AVG-2026,Demographics,ordinal severity prediction,shuffled age group one-hot + Logistic,ordinal_prediction,personality_conscientiousness_bin,mid,Accuracy,0.31794871794871793,0.055232459560353886,,,5,39.0,39.0,not_computed_default_lightweight
mpdd_demographics_shuffled_age_severity_logistic,MPDD-AVG-2026,Demographics,ordinal severity prediction,shuffled age group one-hot + Logistic,ordinal_prediction,personality_conscientiousness_bin,mid,Brier Score,0.6698210746265756,0.01160572177203886,,,5,39.0,39.0,not_computed_default_lightweight
mpdd_demographics_shuffled_age_severity_logistic,MPDD-AVG-2026,Demographics,ordinal severity prediction,shuffled age group one-hot + Logistic,ordinal_prediction,personality_conscientiousness_bin,mid,Calibration Gap,0.06813614943181596,0.05083616678395982,,,5,39.0,39.0,not_computed_default_lightweight
mpdd_demographics_shuffled_age_severity_logistic,MPDD-AVG-2026,Demographics,ordinal severity prediction,shuffled age group one-hot + Logistic,ordinal_prediction,personality_conscientiousness_bin,mid,ECE,0.08992703461687451,0.04700047229362471,,,5,39.0,39.0,not_computed_default_lightweight
mpdd_demographics_shuffled_age_severity_logistic,MPDD-AVG-2026,Demographics,ordinal severity prediction,shuffled age group one-hot + Logistic,ordinal_prediction,personality_conscientiousness_bin,mid,Macro-F1,0.27795696266661796,0.047349029976367106,,,5,39.0,39.0,not_computed_default_lightweight
mpdd_demographics_shuffled_age_severity_logistic,MPDD-AVG-2026,Demographics,ordinal severity prediction,shuffled age group one-hot + Logistic,ordinal_prediction,personality_conscientiousness_bin,mid,Mean Confidence,0.3860848673805339,0.01837714191677928,,,5,39.0,39.0,not_computed_default_lightweight
mpdd_demographics_shuffled_age_severity_logistic,MPDD-AVG-2026,Demographics,ordinal severity prediction,shuffled age group one-hot + Logistic,ordinal_prediction,personality_conscientiousness_bin,mid,Ordinal MAE,1.0307692307692309,0.09372136862819007,,,5,39.0,39.0,not_computed_default_lightweight
mpdd_demographics_shuffled_age_severity_logistic,MPDD-AVG-2026,Demographics,ordinal severity prediction,shuffled age group one-hot + Logistic,ordinal_prediction,personality_conscientiousness_bin,mid,Prediction Bias,0.6923076923076923,0.14774215682961983,,,5,39.0,39.0,not_computed_default_lightweight
mpdd_demographics_shuffled_age_severity_logistic,MPDD-AVG-2026,Demographics,ordinal severity prediction,shuffled age group one-hot + Logistic,ordinal_prediction,personality_conscientiousness_bin,mid,QWK,-0.07435170256494902,0.07922391609813069,,,5,39.0,39.0,not_computed_default_lightweight
mpdd_demographics_shuffled_age_severity_logistic,MPDD-AVG-2026,Demographics,ordinal severity prediction,shuffled age group one-hot + Logistic,ordinal_prediction,personality_conscientiousness_bin,mid,True Label Probability,0.3360802322506956,0.008085408466198154,,,5,39.0,39.0,not_computed_default_lightweight
mpdd_demographics_shuffled_age_severity_logistic,MPDD-AVG-2026,Demographics,ordinal severity prediction,shuffled age group one-hot + Logistic,ordinal_prediction,personality_conscientiousness_bin,unknown,Accuracy,0.3,0.07457969011409736,,,5,26.0,26.0,not_computed_default_lightweight
mpdd_demographics_shuffled_age_severity_logistic,MPDD-AVG-2026,Demographics,ordinal severity prediction,shuffled age group one-hot + Logistic,ordinal_prediction,personality_conscientiousness_bin,unknown,Brier Score,0.682947087753788,0.02992696205213666,,,5,26.0,26.0,not_computed_default_lightweight
mpdd_demographics_shuffled_age_severity_logistic,MPDD-AVG-2026,Demographics,ordinal severity prediction,shuffled age group one-hot + Logistic,ordinal_prediction,personality_conscientiousness_bin,unknown,Calibration Gap,0.08644484180796719,0.08599076056824914,,,5,26.0,26.0,not_computed_default_lightweight
mpdd_demographics_shuffled_age_severity_logistic,MPDD-AVG-2026,Demographics,ordinal severity prediction,shuffled age group one-hot + Logistic,ordinal_prediction,personality_conscientiousness_bin,unknown,ECE,0.15220319699344437,0.06480444156252026,,,5,26.0,26.0,not_computed_default_lightweight
mpdd_demographics_shuffled_age_severity_logistic,MPDD-AVG-2026,Demographics,ordinal severity prediction,shuffled age group one-hot + Logistic,ordinal_prediction,personality_conscientiousness_bin,unknown,Macro-F1,0.24824810348542597,0.06497438767176168,,,5,26.0,26.0,not_computed_default_lightweight
mpdd_demographics_shuffled_age_severity_logistic,MPDD-AVG-2026,Demographics,ordinal severity prediction,shuffled age group one-hot + Logistic,ordinal_prediction,personality_conscientiousness_bin,unknown,Mean Confidence,0.38644484180796723,0.019792736961322242,,,5,26.0,26.0,not_computed_default_lightweight
mpdd_demographics_shuffled_age_severity_logistic,MPDD-AVG-2026,Demographics,ordinal severity prediction,shuffled age group one-hot + Logistic,ordinal_prediction,personality_conscientiousness_bin,unknown,Ordinal MAE,1.0307692307692309,0.15268794800984006,,,5,26.0,26.0,not_computed_default_lightweight
mpdd_demographics_shuffled_age_severity_logistic,MPDD-AVG-2026,Demographics,ordinal severity prediction,shuffled age group one-hot + Logistic,ordinal_prediction,personality_conscientiousness_bin,unknown,Prediction Bias,0.6461538461538463,0.21400658066528547,,,5,26.0,26.0,not_computed_default_lightweight
mpdd_demographics_shuffled_age_severity_logistic,MPDD-AVG-2026,Demographics,ordinal severity prediction,shuffled age group one-hot + Logistic,ordinal_prediction,personality_conscientiousness_bin,unknown,QWK,0.0007627750937161393,0.15288659767346563,,,5,26.0,26.0,not_computed_default_lightweight
mpdd_demographics_shuffled_age_severity_logistic,MPDD-AVG-2026,Demographics,ordinal severity prediction,shuffled age group one-hot + Logistic,ordinal_prediction,personality_conscientiousness_bin,unknown,True Label Probability,0.32981426781615025,0.01140704578932358,,,5,26.0,26.0,not_computed_default_lightweight
mpdd_demographics_shuffled_age_severity_logistic,MPDD-AVG-2026,Demographics,ordinal severity prediction,shuffled age group one-hot + Logistic,ordinal_prediction,personality_extraversion_bin,high,Accuracy,0.29230769230769227,0.07536891516255934,,,5,26.0,26.0,not_computed_default_lightweight
mpdd_demographics_shuffled_age_severity_logistic,MPDD-AVG-2026,Demographics,ordinal severity prediction,shuffled age group one-hot + Logistic,ordinal_prediction,personality_extraversion_bin,high,Brier Score,0.6791364569487822,0.012548361338022729,,,5,26.0,26.0,not_computed_default_lightweight
mpdd_demographics_shuffled_age_severity_logistic,MPDD-AVG-2026,Demographics,ordinal severity prediction,shuffled age group one-hot + Logistic,ordinal_prediction,personality_extraversion_bin,high,Calibration Gap,0.0939329714678193,0.07347988687280191,,,5,26.0,26.0,not_computed_default_lightweight
mpdd_demographics_shuffled_age_severity_logistic,MPDD-AVG-2026,Demographics,ordinal severity prediction,shuffled age group one-hot + Logistic,ordinal_prediction,personality_extraversion_bin,high,ECE,0.13222606090641653,0.03749502746801247,,,5,26.0,26.0,not_computed_default_lightweight
mpdd_demographics_shuffled_age_severity_logistic,MPDD-AVG-2026,Demographics,ordinal severity prediction,shuffled age group one-hot + Logistic,ordinal_prediction,personality_extraversion_bin,high,Macro-F1,0.21703254599806324,0.05645390959429239,,,5,26.0,26.0,not_computed_default_lightweight
mpdd_demographics_shuffled_age_severity_logistic,MPDD-AVG-2026,Demographics,ordinal severity prediction,shuffled age group one-hot + Logistic,ordinal_prediction,personality_extraversion_bin,high,Mean Confidence,0.38624066377551164,0.017672139138780636,,,5,26.0,26.0,not_computed_default_lightweight
mpdd_demographics_shuffled_age_severity_logistic,MPDD-AVG-2026,Demographics,ordinal severity prediction,shuffled age group one-hot + Logistic,ordinal_prediction,personality_extraversion_bin,high,Ordinal MAE,1.0307692307692307,0.1341199674935592,,,5,26.0,26.0,not_computed_default_lightweight
mpdd_demographics_shuffled_age_severity_logistic,MPDD-AVG-2026,Demographics,ordinal severity prediction,shuffled age group one-hot + Logistic,ordinal_prediction,personality_extraversion_bin,high,Prediction Bias,0.6923076923076924,0.08426500884694861,,,5,26.0,26.0,not_computed_default_lightweight
mpdd_demographics_shuffled_age_severity_logistic,MPDD-AVG-2026,Demographics,ordinal severity prediction,shuffled age group one-hot + Logistic,ordinal_prediction,personality_extraversion_bin,high,QWK,-0.02809440036947648,0.140089530993554,,,5,26.0,26.0,not_computed_default_lightweight
mpdd_demographics_shuffled_age_severity_logistic,MPDD-AVG-2026,Demographics,ordinal severity prediction,shuffled age group one-hot + Logistic,ordinal_prediction,personality_extraversion_bin,high,True Label Probability,0.33184183777028203,0.009328267482381112,,,5,26.0,26.0,not_computed_default_lightweight
mpdd_demographics_shuffled_age_severity_logistic,MPDD-AVG-2026,Demographics,ordinal severity prediction,shuffled age group one-hot + Logistic,ordinal_prediction,personality_extraversion_bin,low,Accuracy,0.332,0.0448998886412873,,,5,50.0,50.0,not_computed_default_lightweight
mpdd_demographics_shuffled_age_severity_logistic,MPDD-AVG-2026,Demographics,ordinal severity prediction,shuffled age group one-hot + Logistic,ordinal_prediction,personality_extraversion_bin,low,Brier Score,0.6704792314182885,0.004734704758102272,,,5,50.0,50.0,not_computed_default_lightweight
mpdd_demographics_shuffled_age_severity_logistic,MPDD-AVG-2026,Demographics,ordinal severity prediction,shuffled age group one-hot + Logistic,ordinal_prediction,personality_extraversion_bin,low,Calibration Gap,0.05422770981690596,0.058148631455784215,,,5,50.0,50.0,not_computed_default_lightweight
mpdd_demographics_shuffled_age_severity_logistic,MPDD-AVG-2026,Demographics,ordinal severity prediction,shuffled age group one-hot + Logistic,ordinal_prediction,personality_extraversion_bin,low,ECE,0.11915005856769978,0.034328270279826656,,,5,50.0,50.0,not_computed_default_lightweight
mpdd_demographics_shuffled_age_severity_logistic,MPDD-AVG-2026,Demographics,ordinal severity prediction,shuffled age group one-hot + Logistic,ordinal_prediction,personality_extraversion_bin,low,Macro-F1,0.3046873395740058,0.04592140784816658,,,5,50.0,50.0,not_computed_default_lightweight
mpdd_demographics_shuffled_age_severity_logistic,MPDD-AVG-2026,Demographics,ordinal severity prediction,shuffled age group one-hot + Logistic,ordinal_prediction,personality_extraversion_bin,low,Mean Confidence,0.3862277098169059,0.018544262167958646,,,5,50.0,50.0,not_computed_default_lightweight
mpdd_demographics_shuffled_age_severity_logistic,MPDD-AVG-2026,Demographics,ordinal severity prediction,shuffled age group one-hot + Logistic,ordinal_prediction,personality_extraversion_bin,low,Ordinal MAE,0.8480000000000001,0.10476640682967038,,,5,50.0,50.0,not_computed_default_lightweight
mpdd_demographics_shuffled_age_severity_logistic,MPDD-AVG-2026,Demographics,ordinal severity prediction,shuffled age group one-hot + Logistic,ordinal_prediction,personality_extraversion_bin,low,Prediction Bias,0.34400000000000003,0.17408044117591157,,,5,50.0,50.0,not_computed_default_lightweight
mpdd_demographics_shuffled_age_severity_logistic,MPDD-AVG-2026,Demographics,ordinal severity prediction,shuffled age group one-hot + Logistic,ordinal_prediction,personality_extraversion_bin,low,QWK,0.06601659082477909,0.13334517686085287,,,5,50.0,50.0,not_computed_default_lightweight
mpdd_demographics_shuffled_age_severity_logistic,MPDD-AVG-2026,Demographics,ordinal severity prediction,shuffled age group one-hot + Logistic,ordinal_prediction,personality_extraversion_bin,low,True Label Probability,0.33548083130424305,0.0008760088078981184,,,5,50.0,50.0,not_computed_default_lightweight
mpdd_demographics_shuffled_age_severity_logistic,MPDD-AVG-2026,Demographics,ordinal severity prediction,shuffled age group one-hot + Logistic,ordinal_prediction,personality_extraversion_bin,mid,Accuracy,0.3346938775510204,0.04759960730485961,,,5,49.0,49.0,not_computed_default_lightweight
mpdd_demographics_shuffled_age_severity_logistic,MPDD-AVG-2026,Demographics,ordinal severity prediction,shuffled age group one-hot + Logistic,ordinal_prediction,personality_extraversion_bin,mid,Brier Score,0.6742627179314228,0.009961469272954349,,,5,49.0,49.0,not_computed_default_lightweight
mpdd_demographics_shuffled_age_severity_logistic,MPDD-AVG-2026,Demographics,ordinal severity prediction,shuffled age group one-hot + Logistic,ordinal_prediction,personality_extraversion_bin,mid,Calibration Gap,0.05238404050576262,0.06341643030917164,,,5,49.0,49.0,not_computed_default_lightweight
mpdd_demographics_shuffled_age_severity_logistic,MPDD-AVG-2026,Demographics,ordinal severity prediction,shuffled age group one-hot + Logistic,ordinal_prediction,personality_extraversion_bin,mid,ECE,0.11037617268783537,0.05925248529072392,,,5,49.0,49.0,not_computed_default_lightweight
mpdd_demographics_shuffled_age_severity_logistic,MPDD-AVG-2026,Demographics,ordinal severity prediction,shuffled age group one-hot + Logistic,ordinal_prediction,personality_extraversion_bin,mid,Macro-F1,0.2962070185714329,0.038203459343386266,,,5,49.0,49.0,not_computed_default_lightweight
mpdd_demographics_shuffled_age_severity_logistic,MPDD-AVG-2026,Demographics,ordinal severity prediction,shuffled age group one-hot + Logistic,ordinal_prediction,personality_extraversion_bin,mid,Mean Confidence,0.387077918056783,0.01985764725643444,,,5,49.0,49.0,not_computed_default_lightweight
mpdd_demographics_shuffled_age_severity_logistic,MPDD-AVG-2026,Demographics,ordinal severity prediction,shuffled age group one-hot + Logistic,ordinal_prediction,personality_extraversion_bin,mid,Ordinal MAE,0.9469387755102041,0.10921704620620128,,,5,49.0,49.0,not_computed_default_lightweight
mpdd_demographics_shuffled_age_severity_logistic,MPDD-AVG-2026,Demographics,ordinal severity prediction,shuffled age group one-hot + Logistic,ordinal_prediction,personality_extraversion_bin,mid,Prediction Bias,0.6612244897959183,0.1423313940747975,,,5,49.0,49.0,not_computed_default_lightweight
mpdd_demographics_shuffled_age_severity_logistic,MPDD-AVG-2026,Demographics,ordinal severity prediction,shuffled age group one-hot + Logistic,ordinal_prediction,personality_extraversion_bin,mid,QWK,0.017399743438465464,0.09800367188167453,,,5,49.0,49.0,not_computed_default_lightweight
mpdd_demographics_shuffled_age_severity_logistic,MPDD-AVG-2026,Demographics,ordinal severity prediction,shuffled age group one-hot + Logistic,ordinal_prediction,personality_extraversion_bin,mid,True Label Probability,0.3339023634991438,0.00428478044119315,,,5,49.0,49.0,not_computed_default_lightweight
mpdd_demographics_shuffled_age_severity_logistic,MPDD-AVG-2026,Demographics,ordinal severity prediction,shuffled age group one-hot + Logistic,ordinal_prediction,personality_extraversion_bin,unknown,Accuracy,0.35200000000000004,0.04489988864128728,,,5,50.0,50.0,not_computed_default_lightweight
mpdd_demographics_shuffled_age_severity_logistic,MPDD-AVG-2026,Demographics,ordinal severity prediction,shuffled age group one-hot + Logistic,ordinal_prediction,personality_extraversion_bin,unknown,Brier Score,0.6671113963102062,0.014858878699106865,,,5,50.0,50.0,not_computed_default_lightweight
mpdd_demographics_shuffled_age_severity_logistic,MPDD-AVG-2026,Demographics,ordinal severity prediction,shuffled age group one-hot + Logistic,ordinal_prediction,personality_extraversion_bin,unknown,Calibration Gap,0.03655853812554375,0.053609555943004865,,,5,50.0,50.0,not_computed_default_lightweight
mpdd_demographics_shuffled_age_severity_logistic,MPDD-AVG-2026,Demographics,ordinal severity prediction,shuffled age group one-hot + Logistic,ordinal_prediction,personality_extraversion_bin,unknown,ECE,0.07150196684735771,0.04030283745068944,,,5,50.0,50.0,not_computed_default_lightweight
mpdd_demographics_shuffled_age_severity_logistic,MPDD-AVG-2026,Demographics,ordinal severity prediction,shuffled age group one-hot + Logistic,ordinal_prediction,personality_extraversion_bin,unknown,Macro-F1,0.3098371479919339,0.04157519265999453,,,5,50.0,50.0,not_computed_default_lightweight
mpdd_demographics_shuffled_age_severity_logistic,MPDD-AVG-2026,Demographics,ordinal severity prediction,shuffled age group one-hot + Logistic,ordinal_prediction,personality_extraversion_bin,unknown,Mean Confidence,0.38855853812554375,0.022201440625194094,,,5,50.0,50.0,not_computed_default_lightweight
mpdd_demographics_shuffled_age_severity_logistic,MPDD-AVG-2026,Demographics,ordinal severity prediction,shuffled age group one-hot + Logistic,ordinal_prediction,personality_extraversion_bin,unknown,Ordinal MAE,0.9640000000000001,0.07525955088890715,,,5,50.0,50.0,not_computed_default_lightweight
mpdd_demographics_shuffled_age_severity_logistic,MPDD-AVG-2026,Demographics,ordinal severity prediction,shuffled age group one-hot + Logistic,ordinal_prediction,personality_extraversion_bin,unknown,Prediction Bias,0.5239999999999999,0.20915066339842192,,,5,50.0,50.0,not_computed_default_lightweight
mpdd_demographics_shuffled_age_severity_logistic,MPDD-AVG-2026,Demographics,ordinal severity prediction,shuffled age group one-hot + Logistic,ordinal_prediction,personality_extraversion_bin,unknown,QWK,0.015677751859788546,0.09740242533720929,,,5,50.0,50.0,not_computed_default_lightweight
mpdd_demographics_shuffled_age_severity_logistic,MPDD-AVG-2026,Demographics,ordinal severity prediction,shuffled age group one-hot + Logistic,ordinal_prediction,personality_extraversion_bin,unknown,True Label Probability,0.3380110050509499,0.003984553475286747,,,5,50.0,50.0,not_computed_default_lightweight
mpdd_demographics_shuffled_age_severity_logistic,MPDD-AVG-2026,Demographics,ordinal severity prediction,shuffled age group one-hot + Logistic,ordinal_prediction,personality_neuroticism_bin,high,Accuracy,0.22857142857142856,0.035634832254989916,,,5,21.0,21.0,not_computed_default_lightweight
mpdd_demographics_shuffled_age_severity_logistic,MPDD-AVG-2026,Demographics,ordinal severity prediction,shuffled age group one-hot + Logistic,ordinal_prediction,personality_neuroticism_bin,high,Brier Score,0.698221808402292,0.020370868186935034,,,5,21.0,21.0,not_computed_default_lightweight
mpdd_demographics_shuffled_age_severity_logistic,MPDD-AVG-2026,Demographics,ordinal severity prediction,shuffled age group one-hot + Logistic,ordinal_prediction,personality_neuroticism_bin,high,Calibration Gap,0.16168931759141772,0.05022082219971299,,,5,21.0,21.0,not_computed_default_lightweight
mpdd_demographics_shuffled_age_severity_logistic,MPDD-AVG-2026,Demographics,ordinal severity prediction,shuffled age group one-hot + Logistic,ordinal_prediction,personality_neuroticism_bin,high,ECE,0.16168931759141772,0.05022082219971298,,,5,21.0,21.0,not_computed_default_lightweight
mpdd_demographics_shuffled_age_severity_logistic,MPDD-AVG-2026,Demographics,ordinal severity prediction,shuffled age group one-hot + Logistic,ordinal_prediction,personality_neuroticism_bin,high,Macro-F1,0.21115711544504112,0.04175056448694264,,,5,21.0,21.0,not_computed_default_lightweight
mpdd_demographics_shuffled_age_severity_logistic,MPDD-AVG-2026,Demographics,ordinal severity prediction,shuffled age group one-hot + Logistic,ordinal_prediction,personality_neuroticism_bin,high,Mean Confidence,0.39026074616284634,0.023404352598644627,,,5,21.0,21.0,not_computed_default_lightweight
mpdd_demographics_shuffled_age_severity_logistic,MPDD-AVG-2026,Demographics,ordinal severity prediction,shuffled age group one-hot + Logistic,ordinal_prediction,personality_neuroticism_bin,high,Ordinal MAE,0.9714285714285713,0.07737179432986632,,,5,21.0,21.0,not_computed_default_lightweight
mpdd_demographics_shuffled_age_severity_logistic,MPDD-AVG-2026,Demographics,ordinal severity prediction,shuffled age group one-hot + Logistic,ordinal_prediction,personality_neuroticism_bin,high,Prediction Bias,0.11428571428571428,0.15532863266952465,,,5,21.0,21.0,not_computed_default_lightweight
mpdd_demographics_shuffled_age_severity_logistic,MPDD-AVG-2026,Demographics,ordinal severity prediction,shuffled age group one-hot + Logistic,ordinal_prediction,personality_neuroticism_bin,high,QWK,-0.05605402819446041,0.15306854626446958,,,5,21.0,21.0,not_computed_default_lightweight
mpdd_demographics_shuffled_age_severity_logistic,MPDD-AVG-2026,Demographics,ordinal severity prediction,shuffled age group one-hot + Logistic,ordinal_prediction,personality_neuroticism_bin,high,True Label Probability,0.32317692058696873,0.007409023850411744,,,5,21.0,21.0,not_computed_default_lightweight
mpdd_demographics_shuffled_age_severity_logistic,MPDD-AVG-2026,Demographics,ordinal severity prediction,shuffled age group one-hot + Logistic,ordinal_prediction,personality_neuroticism_bin,low,Accuracy,0.3709677419354839,0.05300540879082253,,,5,62.0,62.0,not_computed_default_lightweight
mpdd_demographics_shuffled_age_severity_logistic,MPDD-AVG-2026,Demographics,ordinal severity prediction,shuffled age group one-hot + Logistic,ordinal_prediction,personality_neuroticism_bin,low,Brier Score,0.661200528260401,0.010040618421317501,,,5,62.0,62.0,not_computed_default_lightweight
mpdd_demographics_shuffled_age_severity_logistic,MPDD-AVG-2026,Demographics,ordinal severity prediction,shuffled age group one-hot + Logistic,ordinal_prediction,personality_neuroticism_bin,low,Calibration Gap,0.015828287367091944,0.06353248969626593,,,5,62.0,62.0,not_computed_default_lightweight
mpdd_demographics_shuffled_age_severity_logistic,MPDD-AVG-2026,Demographics,ordinal severity prediction,shuffled age group one-hot + Logistic,ordinal_prediction,personality_neuroticism_bin,low,ECE,0.08742361596692758,0.04478273081397418,,,5,62.0,62.0,not_computed_default_lightweight
mpdd_demographics_shuffled_age_severity_logistic,MPDD-AVG-2026,Demographics,ordinal severity prediction,shuffled age group one-hot + Logistic,ordinal_prediction,personality_neuroticism_bin,low,Macro-F1,0.30918359337250234,0.028947515497823595,,,5,62.0,62.0,not_computed_default_lightweight
mpdd_demographics_shuffled_age_severity_logistic,MPDD-AVG-2026,Demographics,ordinal severity prediction,shuffled age group one-hot + Logistic,ordinal_prediction,personality_neuroticism_bin,low,Mean Confidence,0.38679602930257584,0.020438885206073718,,,5,62.0,62.0,not_computed_default_lightweight
mpdd_demographics_shuffled_age_severity_logistic,MPDD-AVG-2026,Demographics,ordinal severity prediction,shuffled age group one-hot + Logistic,ordinal_prediction,personality_neuroticism_bin,low,Ordinal MAE,0.8806451612903226,0.09271037331096717,,,5,62.0,62.0,not_computed_default_lightweight
mpdd_demographics_shuffled_age_severity_logistic,MPDD-AVG-2026,Demographics,ordinal severity prediction,shuffled age group one-hot + Logistic,ordinal_prediction,personality_neuroticism_bin,low,Prediction Bias,0.667741935483871,0.19584657079561987,,,5,62.0,62.0,not_computed_default_lightweight
mpdd_demographics_shuffled_age_severity_logistic,MPDD-AVG-2026,Demographics,ordinal severity prediction,shuffled age group one-hot + Logistic,ordinal_prediction,personality_neuroticism_bin,low,QWK,0.07296892789075941,0.0634024385509449,,,5,62.0,62.0,not_computed_default_lightweight
mpdd_demographics_shuffled_age_severity_logistic,MPDD-AVG-2026,Demographics,ordinal severity prediction,shuffled age group one-hot + Logistic,ordinal_prediction,personality_neuroticism_bin,low,True Label Probability,0.34062077682733255,0.006625840975749198,,,5,62.0,62.0,not_computed_default_lightweight
mpdd_demographics_shuffled_age_severity_logistic,MPDD-AVG-2026,Demographics,ordinal severity prediction,shuffled age group one-hot + Logistic,ordinal_prediction,personality_neuroticism_bin,mid,Accuracy,0.3551020408163265,0.04202298016729388,,,5,49.0,49.0,not_computed_default_lightweight
mpdd_demographics_shuffled_age_severity_logistic,MPDD-AVG-2026,Demographics,ordinal severity prediction,shuffled age group one-hot + Logistic,ordinal_prediction,personality_neuroticism_bin,mid,Brier Score,0.666472036727615,0.008687793843560528,,,5,49.0,49.0,not_computed_default_lightweight
mpdd_demographics_shuffled_age_severity_logistic,MPDD-AVG-2026,Demographics,ordinal severity prediction,shuffled age group one-hot + Logistic,ordinal_prediction,personality_neuroticism_bin,mid,Calibration Gap,0.032128908023395776,0.043355471392479056,,,5,49.0,49.0,not_computed_default_lightweight
mpdd_demographics_shuffled_age_severity_logistic,MPDD-AVG-2026,Demographics,ordinal severity prediction,shuffled age group one-hot + Logistic,ordinal_prediction,personality_neuroticism_bin,mid,ECE,0.04864852463770813,0.02598691054356702,,,5,49.0,49.0,not_computed_default_lightweight
mpdd_demographics_shuffled_age_severity_logistic,MPDD-AVG-2026,Demographics,ordinal severity prediction,shuffled age group one-hot + Logistic,ordinal_prediction,personality_neuroticism_bin,mid,Macro-F1,0.3414768655099524,0.04449088958381866,,,5,49.0,49.0,not_computed_default_lightweight
mpdd_demographics_shuffled_age_severity_logistic,MPDD-AVG-2026,Demographics,ordinal severity prediction,shuffled age group one-hot + Logistic,ordinal_prediction,personality_neuroticism_bin,mid,Mean Confidence,0.38723094883972237,0.018452864194914844,,,5,49.0,49.0,not_computed_default_lightweight
mpdd_demographics_shuffled_age_severity_logistic,MPDD-AVG-2026,Demographics,ordinal severity prediction,shuffled age group one-hot + Logistic,ordinal_prediction,personality_neuroticism_bin,mid,Ordinal MAE,0.889795918367347,0.09880586479110372,,,5,49.0,49.0,not_computed_default_lightweight
mpdd_demographics_shuffled_age_severity_logistic,MPDD-AVG-2026,Demographics,ordinal severity prediction,shuffled age group one-hot + Logistic,ordinal_prediction,personality_neuroticism_bin,mid,Prediction Bias,0.37551020408163266,0.16048655715377552,,,5,49.0,49.0,not_computed_default_lightweight
mpdd_demographics_shuffled_age_severity_logistic,MPDD-AVG-2026,Demographics,ordinal severity prediction,shuffled age group one-hot + Logistic,ordinal_prediction,personality_neuroticism_bin,mid,QWK,0.05711816192607726,0.07801037661462101,,,5,49.0,49.0,not_computed_default_lightweight
mpdd_demographics_shuffled_age_severity_logistic,MPDD-AVG-2026,Demographics,ordinal severity prediction,shuffled age group one-hot + Logistic,ordinal_prediction,personality_neuroticism_bin,mid,True Label Probability,0.33758062087182394,0.0044554492271581475,,,5,49.0,49.0,not_computed_default_lightweight
mpdd_demographics_shuffled_age_severity_logistic,MPDD-AVG-2026,Demographics,ordinal severity prediction,shuffled age group one-hot + Logistic,ordinal_prediction,personality_neuroticism_bin,unknown,Accuracy,0.3023255813953488,0.06577737499409743,,,5,43.0,43.0,not_computed_default_lightweight
mpdd_demographics_shuffled_age_severity_logistic,MPDD-AVG-2026,Demographics,ordinal severity prediction,shuffled age group one-hot + Logistic,ordinal_prediction,personality_neuroticism_bin,unknown,Brier Score,0.680505393429922,0.01756975849062942,,,5,43.0,43.0,not_computed_default_lightweight
mpdd_demographics_shuffled_age_severity_logistic,MPDD-AVG-2026,Demographics,ordinal severity prediction,shuffled age group one-hot + Logistic,ordinal_prediction,personality_neuroticism_bin,unknown,Calibration Gap,0.08365678280796021,0.08232714981104285,,,5,43.0,43.0,not_computed_default_lightweight
mpdd_demographics_shuffled_age_severity_logistic,MPDD-AVG-2026,Demographics,ordinal severity prediction,shuffled age group one-hot + Logistic,ordinal_prediction,personality_neuroticism_bin,unknown,ECE,0.15207892924434968,0.06080721056988726,,,5,43.0,43.0,not_computed_default_lightweight
mpdd_demographics_shuffled_age_severity_logistic,MPDD-AVG-2026,Demographics,ordinal severity prediction,shuffled age group one-hot + Logistic,ordinal_prediction,personality_neuroticism_bin,unknown,Macro-F1,0.24461441316760463,0.056840462782956735,,,5,43.0,43.0,not_computed_default_lightweight
mpdd_demographics_shuffled_age_severity_logistic,MPDD-AVG-2026,Demographics,ordinal severity prediction,shuffled age group one-hot + Logistic,ordinal_prediction,personality_neuroticism_bin,unknown,Mean Confidence,0.385982364203309,0.019426339450545393,,,5,43.0,43.0,not_computed_default_lightweight
mpdd_demographics_shuffled_age_severity_logistic,MPDD-AVG-2026,Demographics,ordinal severity prediction,shuffled age group one-hot + Logistic,ordinal_prediction,personality_neuroticism_bin,unknown,Ordinal MAE,1.0511627906976744,0.11525127156617551,,,5,43.0,43.0,not_computed_default_lightweight
mpdd_demographics_shuffled_age_severity_logistic,MPDD-AVG-2026,Demographics,ordinal severity prediction,shuffled age group one-hot + Logistic,ordinal_prediction,personality_neuroticism_bin,unknown,Prediction Bias,0.7348837209302325,0.14752327002003446,,,5,43.0,43.0,not_computed_default_lightweight
mpdd_demographics_shuffled_age_severity_logistic,MPDD-AVG-2026,Demographics,ordinal severity prediction,shuffled age group one-hot + Logistic,ordinal_prediction,personality_neuroticism_bin,unknown,QWK,-0.03468936819602899,0.051934531870106056,,,5,43.0,43.0,not_computed_default_lightweight
mpdd_demographics_shuffled_age_severity_logistic,MPDD-AVG-2026,Demographics,ordinal severity prediction,shuffled age group one-hot + Logistic,ordinal_prediction,personality_neuroticism_bin,unknown,True Label Probability,0.3306288719280161,0.006264469426794794,,,5,43.0,43.0,not_computed_default_lightweight
mpdd_demographics_shuffled_age_severity_logistic,MPDD-AVG-2026,Demographics,ordinal severity prediction,shuffled age group one-hot + Logistic,ordinal_prediction,personality_openness_bin,high,Accuracy,0.256,0.05986651818838305,,,5,25.0,25.0,not_computed_default_lightweight
mpdd_demographics_shuffled_age_severity_logistic,MPDD-AVG-2026,Demographics,ordinal severity prediction,shuffled age group one-hot + Logistic,ordinal_prediction,personality_openness_bin,high,Brier Score,0.6955985837212993,0.029068768880579618,,,5,25.0,25.0,not_computed_default_lightweight
mpdd_demographics_shuffled_age_severity_logistic,MPDD-AVG-2026,Demographics,ordinal severity prediction,shuffled age group one-hot + Logistic,ordinal_prediction,personality_openness_bin,high,Calibration Gap,0.13361799256110068,0.06485876579543909,,,5,25.0,25.0,not_computed_default_lightweight
mpdd_demographics_shuffled_age_severity_logistic,MPDD-AVG-2026,Demographics,ordinal severity prediction,shuffled age group one-hot + Logistic,ordinal_prediction,personality_openness_bin,high,ECE,0.13361799256110074,0.06485876579543913,,,5,25.0,25.0,not_computed_default_lightweight
mpdd_demographics_shuffled_age_severity_logistic,MPDD-AVG-2026,Demographics,ordinal severity prediction,shuffled age group one-hot + Logistic,ordinal_prediction,personality_openness_bin,high,Macro-F1,0.22122745675377256,0.07178208652523127,,,5,25.0,25.0,not_computed_default_lightweight
mpdd_demographics_shuffled_age_severity_logistic,MPDD-AVG-2026,Demographics,ordinal severity prediction,shuffled age group one-hot + Logistic,ordinal_prediction,personality_openness_bin,high,Mean Confidence,0.38961799256110063,0.020314221199737307,,,5,25.0,25.0,not_computed_default_lightweight
mpdd_demographics_shuffled_age_severity_logistic,MPDD-AVG-2026,Demographics,ordinal severity prediction,shuffled age group one-hot + Logistic,ordinal_prediction,personality_openness_bin,high,Ordinal MAE,1.032,0.1223764683262268,,,5,25.0,25.0,not_computed_default_lightweight
mpdd_demographics_shuffled_age_severity_logistic,MPDD-AVG-2026,Demographics,ordinal severity prediction,shuffled age group one-hot + Logistic,ordinal_prediction,personality_openness_bin,high,Prediction Bias,0.312,0.2196724834839357,,,5,25.0,25.0,not_computed_default_lightweight
mpdd_demographics_shuffled_age_severity_logistic,MPDD-AVG-2026,Demographics,ordinal severity prediction,shuffled age group one-hot + Logistic,ordinal_prediction,personality_openness_bin,high,QWK,-0.08631766036036122,0.18910040137929013,,,5,25.0,25.0,not_computed_default_lightweight
mpdd_demographics_shuffled_age_severity_logistic,MPDD-AVG-2026,Demographics,ordinal severity prediction,shuffled age group one-hot + Logistic,ordinal_prediction,personality_openness_bin,high,True Label Probability,0.3238068529507065,0.011377021648334054,,,5,25.0,25.0,not_computed_default_lightweight
mpdd_demographics_shuffled_age_severity_logistic,MPDD-AVG-2026,Demographics,ordinal severity prediction,shuffled age group one-hot + Logistic,ordinal_prediction,personality_openness_bin,low,Accuracy,0.33714285714285713,0.04997958767010259,,,5,70.0,70.0,not_computed_default_lightweight
mpdd_demographics_shuffled_age_severity_logistic,MPDD-AVG-2026,Demographics,ordinal severity prediction,shuffled age group one-hot + Logistic,ordinal_prediction,personality_openness_bin,low,Brier Score,0.6658579437686742,0.009619211237208795,,,5,70.0,70.0,not_computed_default_lightweight
mpdd_demographics_shuffled_age_severity_logistic,MPDD-AVG-2026,Demographics,ordinal severity prediction,shuffled age group one-hot + Logistic,ordinal_prediction,personality_openness_bin,low,Calibration Gap,0.05009756037284121,0.056160866640922666,,,5,70.0,70.0,not_computed_default_lightweight
mpdd_demographics_shuffled_age_severity_logistic,MPDD-AVG-2026,Demographics,ordinal severity prediction,shuffled age group one-hot + Logistic,ordinal_prediction,personality_openness_bin,low,ECE,0.07355610448320313,0.034455893854143355,,,5,70.0,70.0,not_computed_default_lightweight
mpdd_demographics_shuffled_age_severity_logistic,MPDD-AVG-2026,Demographics,ordinal severity prediction,shuffled age group one-hot + Logistic,ordinal_prediction,personality_openness_bin,low,Macro-F1,0.3203407045195828,0.04751756800205715,,,5,70.0,70.0,not_computed_default_lightweight
mpdd_demographics_shuffled_age_severity_logistic,MPDD-AVG-2026,Demographics,ordinal severity prediction,shuffled age group one-hot + Logistic,ordinal_prediction,personality_openness_bin,low,Mean Confidence,0.3872404175156984,0.02157788409685788,,,5,70.0,70.0,not_computed_default_lightweight
mpdd_demographics_shuffled_age_severity_logistic,MPDD-AVG-2026,Demographics,ordinal severity prediction,shuffled age group one-hot + Logistic,ordinal_prediction,personality_openness_bin,low,Ordinal MAE,0.8971428571428571,0.08201542911089903,,,5,70.0,70.0,not_computed_default_lightweight
mpdd_demographics_shuffled_age_severity_logistic,MPDD-AVG-2026,Demographics,ordinal severity prediction,shuffled age group one-hot + Logistic,ordinal_prediction,personality_openness_bin,low,Prediction Bias,0.4914285714285714,0.13449831195359796,,,5,70.0,70.0,not_computed_default_lightweight
mpdd_demographics_shuffled_age_severity_logistic,MPDD-AVG-2026,Demographics,ordinal severity prediction,shuffled age group one-hot + Logistic,ordinal_prediction,personality_openness_bin,low,QWK,0.06272333140406236,0.09832004933270555,,,5,70.0,70.0,not_computed_default_lightweight
mpdd_demographics_shuffled_age_severity_logistic,MPDD-AVG-2026,Demographics,ordinal severity prediction,shuffled age group one-hot + Logistic,ordinal_prediction,personality_openness_bin,low,True Label Probability,0.3382088950862202,0.006302799808246086,,,5,70.0,70.0,not_computed_default_lightweight
mpdd_demographics_shuffled_age_severity_logistic,MPDD-AVG-2026,Demographics,ordinal severity prediction,shuffled age group one-hot + Logistic,ordinal_prediction,personality_openness_bin,mid,Accuracy,0.39444444444444443,0.0408248290463863,,,5,36.0,36.0,not_computed_default_lightweight
mpdd_demographics_shuffled_age_severity_logistic,MPDD-AVG-2026,Demographics,ordinal severity prediction,shuffled age group one-hot + Logistic,ordinal_prediction,personality_openness_bin,mid,Brier Score,0.6637811915374501,0.01407679603670496,,,5,36.0,36.0,not_computed_default_lightweight
mpdd_demographics_shuffled_age_severity_logistic,MPDD-AVG-2026,Demographics,ordinal severity prediction,shuffled age group one-hot + Logistic,ordinal_prediction,personality_openness_bin,mid,Calibration Gap,-0.00921069297402639,0.04460610183316609,,,5,36.0,36.0,not_computed_default_lightweight
mpdd_demographics_shuffled_age_severity_logistic,MPDD-AVG-2026,Demographics,ordinal severity prediction,shuffled age group one-hot + Logistic,ordinal_prediction,personality_openness_bin,mid,ECE,0.10584179385013195,0.10669753331730865,,,5,36.0,36.0,not_computed_default_lightweight
mpdd_demographics_shuffled_age_severity_logistic,MPDD-AVG-2026,Demographics,ordinal severity prediction,shuffled age group one-hot + Logistic,ordinal_prediction,personality_openness_bin,mid,Macro-F1,0.32234730400624556,0.03248284960416406,,,5,36.0,36.0,not_computed_default_lightweight
mpdd_demographics_shuffled_age_severity_logistic,MPDD-AVG-2026,Demographics,ordinal severity prediction,shuffled age group one-hot + Logistic,ordinal_prediction,personality_openness_bin,mid,Mean Confidence,0.38523375147041805,0.015789703785769944,,,5,36.0,36.0,not_computed_default_lightweight
mpdd_demographics_shuffled_age_severity_logistic,MPDD-AVG-2026,Demographics,ordinal severity prediction,shuffled age group one-hot + Logistic,ordinal_prediction,personality_openness_bin,mid,Ordinal MAE,0.8666666666666668,0.06666666666666665,,,5,36.0,36.0,not_computed_default_lightweight
mpdd_demographics_shuffled_age_severity_logistic,MPDD-AVG-2026,Demographics,ordinal severity prediction,shuffled age group one-hot + Logistic,ordinal_prediction,personality_openness_bin,mid,Prediction Bias,0.6222222222222222,0.11600340565456167,,,5,36.0,36.0,not_computed_default_lightweight
mpdd_demographics_shuffled_age_severity_logistic,MPDD-AVG-2026,Demographics,ordinal severity prediction,shuffled age group one-hot + Logistic,ordinal_prediction,personality_openness_bin,mid,QWK,0.018525034820452556,0.03760577501474087,,,5,36.0,36.0,not_computed_default_lightweight
mpdd_demographics_shuffled_age_severity_logistic,MPDD-AVG-2026,Demographics,ordinal severity prediction,shuffled age group one-hot + Logistic,ordinal_prediction,personality_openness_bin,mid,True Label Probability,0.33908793843820345,0.00902031011098728,,,5,36.0,36.0,not_computed_default_lightweight
mpdd_demographics_shuffled_age_severity_logistic,MPDD-AVG-2026,Demographics,ordinal severity prediction,shuffled age group one-hot + Logistic,ordinal_prediction,personality_openness_bin,unknown,Accuracy,0.3181818181818182,0.051826155686324454,,,5,44.0,44.0,not_computed_default_lightweight
mpdd_demographics_shuffled_age_severity_logistic,MPDD-AVG-2026,Demographics,ordinal severity prediction,shuffled age group one-hot + Logistic,ordinal_prediction,personality_openness_bin,unknown,Brier Score,0.6745411112169297,0.015955239486839128,,,5,44.0,44.0,not_computed_default_lightweight
mpdd_demographics_shuffled_age_severity_logistic,MPDD-AVG-2026,Demographics,ordinal severity prediction,shuffled age group one-hot + Logistic,ordinal_prediction,personality_openness_bin,unknown,Calibration Gap,0.06892485334106142,0.06831274611662709,,,5,44.0,44.0,not_computed_default_lightweight
mpdd_demographics_shuffled_age_severity_logistic,MPDD-AVG-2026,Demographics,ordinal severity prediction,shuffled age group one-hot + Logistic,ordinal_prediction,personality_openness_bin,unknown,ECE,0.120654626358072,0.0398463635833913,,,5,44.0,44.0,not_computed_default_lightweight
mpdd_demographics_shuffled_age_severity_logistic,MPDD-AVG-2026,Demographics,ordinal severity prediction,shuffled age group one-hot + Logistic,ordinal_prediction,personality_openness_bin,unknown,Macro-F1,0.2542279093455564,0.04179794054244969,,,5,44.0,44.0,not_computed_default_lightweight
mpdd_demographics_shuffled_age_severity_logistic,MPDD-AVG-2026,Demographics,ordinal severity prediction,shuffled age group one-hot + Logistic,ordinal_prediction,personality_openness_bin,unknown,Mean Confidence,0.3871066715228796,0.02048935188424799,,,5,44.0,44.0,not_computed_default_lightweight
mpdd_demographics_shuffled_age_severity_logistic,MPDD-AVG-2026,Demographics,ordinal severity prediction,shuffled age group one-hot + Logistic,ordinal_prediction,personality_openness_bin,unknown,Ordinal MAE,1.0,0.10061792555081209,,,5,44.0,44.0,not_computed_default_lightweight
mpdd_demographics_shuffled_age_severity_logistic,MPDD-AVG-2026,Demographics,ordinal severity prediction,shuffled age group one-hot + Logistic,ordinal_prediction,personality_openness_bin,unknown,Prediction Bias,0.6636363636363636,0.14756984618861752,,,5,44.0,44.0,not_computed_default_lightweight
mpdd_demographics_shuffled_age_severity_logistic,MPDD-AVG-2026,Demographics,ordinal severity prediction,shuffled age group one-hot + Logistic,ordinal_prediction,personality_openness_bin,unknown,QWK,-0.003483163728860572,0.07535918741426949,,,5,44.0,44.0,not_computed_default_lightweight
mpdd_demographics_shuffled_age_severity_logistic,MPDD-AVG-2026,Demographics,ordinal severity prediction,shuffled age group one-hot + Logistic,ordinal_prediction,personality_openness_bin,unknown,True Label Probability,0.33378944653787784,0.005040832699327163,,,5,44.0,44.0,not_computed_default_lightweight
mpdd_demographics_shuffled_age_severity_logistic,MPDD-AVG-2026,Demographics,ordinal severity prediction,shuffled age group one-hot + Logistic,ordinal_prediction,true_severity,0,Accuracy,0.3384615384615384,0.08145314840210527,0.28528846153846155,0.4104326923076923,5,104.0,104.0,seed_group_subject_bootstrap
mpdd_demographics_shuffled_age_severity_logistic,MPDD-AVG-2026,Demographics,ordinal severity prediction,shuffled age group one-hot + Logistic,ordinal_prediction,true_severity,0,Brier Score,0.6697103040708712,0.006626129908207365,,,5,104.0,104.0,not_computed_default_lightweight
mpdd_demographics_shuffled_age_severity_logistic,MPDD-AVG-2026,Demographics,ordinal severity prediction,shuffled age group one-hot + Logistic,ordinal_prediction,true_severity,0,Calibration Gap,0.04879508983572349,0.09260738587156962,,,5,104.0,104.0,not_computed_default_lightweight
mpdd_demographics_shuffled_age_severity_logistic,MPDD-AVG-2026,Demographics,ordinal severity prediction,shuffled age group one-hot + Logistic,ordinal_prediction,true_severity,0,ECE,0.11214469022112464,0.052087354506385825,0.07716394571423639,0.16557961301582194,5,104.0,104.0,seed_group_subject_bootstrap
mpdd_demographics_shuffled_age_severity_logistic,MPDD-AVG-2026,Demographics,ordinal severity prediction,shuffled age group one-hot + Logistic,ordinal_prediction,true_severity,0,Macro-F1,0.16664621526295154,0.031839376179062615,0.14616415866632987,0.19196712285708867,5,104.0,104.0,seed_group_subject_bootstrap
mpdd_demographics_shuffled_age_severity_logistic,MPDD-AVG-2026,Demographics,ordinal severity prediction,shuffled age group one-hot + Logistic,ordinal_prediction,true_severity,0,Mean Confidence,0.38725662829726193,0.019168294013694253,,,5,104.0,104.0,not_computed_default_lightweight
mpdd_demographics_shuffled_age_severity_logistic,MPDD-AVG-2026,Demographics,ordinal severity prediction,shuffled age group one-hot + Logistic,ordinal_prediction,true_severity,0,Ordinal MAE,1.0538461538461539,0.12217215518668145,0.9466826923076923,1.1697596153846153,5,104.0,104.0,seed_group_subject_bootstrap
mpdd_demographics_shuffled_age_severity_logistic,MPDD-AVG-2026,Demographics,ordinal severity prediction,shuffled age group one-hot + Logistic,ordinal_prediction,true_severity,0,Prediction Bias,1.0538461538461539,0.12217215518668145,,,5,104.0,104.0,not_computed_default_lightweight
mpdd_demographics_shuffled_age_severity_logistic,MPDD-AVG-2026,Demographics,ordinal severity prediction,shuffled age group one-hot + Logistic,ordinal_prediction,true_severity,0,QWK,0.0,0.0,0.0,0.0,5,104.0,104.0,seed_group_subject_bootstrap
mpdd_demographics_shuffled_age_severity_logistic,MPDD-AVG-2026,Demographics,ordinal severity prediction,shuffled age group one-hot + Logistic,ordinal_prediction,true_severity,0,True Label Probability,0.3363755023979288,0.001689015764623288,,,5,104.0,104.0,not_computed_default_lightweight
mpdd_demographics_shuffled_age_severity_logistic,MPDD-AVG-2026,Demographics,ordinal severity prediction,shuffled age group one-hot + Logistic,ordinal_prediction,true_severity,1,Accuracy,0.272,0.10166612021711068,0.193,0.38480000000000003,5,50.0,50.0,seed_group_subject_bootstrap
mpdd_demographics_shuffled_age_severity_logistic,MPDD-AVG-2026,Demographics,ordinal severity prediction,shuffled age group one-hot + Logistic,ordinal_prediction,true_severity,1,Brier Score,0.6805995261688705,0.013128556312271373,,,5,50.0,50.0,not_computed_default_lightweight
mpdd_demographics_shuffled_age_severity_logistic,MPDD-AVG-2026,Demographics,ordinal severity prediction,shuffled age group one-hot + Logistic,ordinal_prediction,true_severity,1,Calibration Gap,0.11576304531529495,0.1033991607531781,,,5,50.0,50.0,not_computed_default_lightweight
mpdd_demographics_shuffled_age_severity_logistic,MPDD-AVG-2026,Demographics,ordinal severity prediction,shuffled age group one-hot + Logistic,ordinal_prediction,true_severity,1,ECE,0.16593033654572645,0.07347232493461794,0.12156058495924252,0.2731814176141848,5,50.0,50.0,seed_group_subject_bootstrap
mpdd_demographics_shuffled_age_severity_logistic,MPDD-AVG-2026,Demographics,ordinal severity prediction,shuffled age group one-hot + Logistic,ordinal_prediction,true_severity,1,Macro-F1,0.13921957671957672,0.04195958181365583,0.10375163625477328,0.1823067664323001,5,50.0,50.0,seed_group_subject_bootstrap
mpdd_demographics_shuffled_age_severity_logistic,MPDD-AVG-2026,Demographics,ordinal severity prediction,shuffled age group one-hot + Logistic,ordinal_prediction,true_severity,1,Mean Confidence,0.387763045315295,0.020859856674257552,,,5,50.0,50.0,not_computed_default_lightweight
mpdd_demographics_shuffled_age_severity_logistic,MPDD-AVG-2026,Demographics,ordinal severity prediction,shuffled age group one-hot + Logistic,ordinal_prediction,true_severity,1,Ordinal MAE,0.728,0.10166612021711066,0.5971,0.7795000000000001,5,50.0,50.0,seed_group_subject_bootstrap
mpdd_demographics_shuffled_age_severity_logistic,MPDD-AVG-2026,Demographics,ordinal severity prediction,shuffled age group one-hot + Logistic,ordinal_prediction,true_severity,1,Prediction Bias,0.039999999999999994,0.11798304963002103,,,5,50.0,50.0,not_computed_default_lightweight
mpdd_demographics_shuffled_age_severity_logistic,MPDD-AVG-2026,Demographics,ordinal severity prediction,shuffled age group one-hot + Logistic,ordinal_prediction,true_severity,1,QWK,0.0,0.0,0.0,0.0,5,50.0,50.0,seed_group_subject_bootstrap
mpdd_demographics_shuffled_age_severity_logistic,MPDD-AVG-2026,Demographics,ordinal severity prediction,shuffled age group one-hot + Logistic,ordinal_prediction,true_severity,1,True Label Probability,0.33080958900611546,0.0038448265772401424,,,5,50.0,50.0,not_computed_default_lightweight
mpdd_demographics_shuffled_age_severity_logistic,MPDD-AVG-2026,Demographics,ordinal severity prediction,shuffled age group one-hot + Logistic,ordinal_prediction,true_severity,2,Accuracy,0.44761904761904764,0.20995626366712955,0.26904761904761904,0.5628571428571428,5,21.0,21.0,seed_group_subject_bootstrap
mpdd_demographics_shuffled_age_severity_logistic,MPDD-AVG-2026,Demographics,ordinal severity prediction,shuffled age group one-hot + Logistic,ordinal_prediction,true_severity,2,Brier Score,0.6617192625675548,0.025687136599626778,,,5,21.0,21.0,not_computed_default_lightweight
mpdd_demographics_shuffled_age_severity_logistic,MPDD-AVG-2026,Demographics,ordinal severity prediction,shuffled age group one-hot + Logistic,ordinal_prediction,true_severity,2,Calibration Gap,-0.06259304612437284,0.20436194859372783,,,5,21.0,21.0,not_computed_default_lightweight
mpdd_demographics_shuffled_age_severity_logistic,MPDD-AVG-2026,Demographics,ordinal severity prediction,shuffled age group one-hot + Logistic,ordinal_prediction,true_severity,2,ECE,0.20789397756911163,0.07858623148974478,0.13075471468511152,0.33288720612407463,5,21.0,21.0,seed_group_subject_bootstrap
mpdd_demographics_shuffled_age_severity_logistic,MPDD-AVG-2026,Demographics,ordinal severity prediction,shuffled age group one-hot + Logistic,ordinal_prediction,true_severity,2,Macro-F1,0.1950745950554135,0.07677422738502701,0.13062278146399392,0.22947298273505706,5,21.0,21.0,seed_group_subject_bootstrap
mpdd_demographics_shuffled_age_severity_logistic,MPDD-AVG-2026,Demographics,ordinal severity prediction,shuffled age group one-hot + Logistic,ordinal_prediction,true_severity,2,Mean Confidence,0.38502600149467475,0.019702426664066356,,,5,21.0,21.0,not_computed_default_lightweight
mpdd_demographics_shuffled_age_severity_logistic,MPDD-AVG-2026,Demographics,ordinal severity prediction,shuffled age group one-hot + Logistic,ordinal_prediction,true_severity,2,Ordinal MAE,0.8476190476190476,0.2847603121471629,0.6319047619047619,1.0950000000000002,5,21.0,21.0,seed_group_subject_bootstrap
mpdd_demographics_shuffled_age_severity_logistic,MPDD-AVG-2026,Demographics,ordinal severity prediction,shuffled age group one-hot + Logistic,ordinal_prediction,true_severity,2,Prediction Bias,-0.8476190476190476,0.2847603121471629,,,5,21.0,21.0,not_computed_default_lightweight
mpdd_demographics_shuffled_age_severity_logistic,MPDD-AVG-2026,Demographics,ordinal severity prediction,shuffled age group one-hot + Logistic,ordinal_prediction,true_severity,2,QWK,0.0,0.0,0.0,0.0,5,21.0,21.0,seed_group_subject_bootstrap
mpdd_demographics_shuffled_age_severity_logistic,MPDD-AVG-2026,Demographics,ordinal severity prediction,shuffled age group one-hot + Logistic,ordinal_prediction,true_severity,2,True Label Probability,0.3400077957883173,0.014844039703207598,,,5,21.0,21.0,not_computed_default_lightweight
mpdd_personality_counterfactual_age_swap,MPDD-AVG-2026,Personality,ordinal severity prediction,personality TF-IDF + Logistic with age-group counterfactual swap,ordinal_prediction,age_group,elder,Accuracy,0.39080459770114945,0.038467127656739104,0.3,0.4435632183908046,5,87.0,87.0,seed_group_subject_bootstrap
mpdd_personality_counterfactual_age_swap,MPDD-AVG-2026,Personality,ordinal severity prediction,personality TF-IDF + Logistic with age-group counterfactual swap,ordinal_prediction,age_group,elder,Brier Score,0.714307625759749,0.017828238954349974,,,5,87.0,87.0,not_computed_default_lightweight
mpdd_personality_counterfactual_age_swap,MPDD-AVG-2026,Personality,ordinal severity prediction,personality TF-IDF + Logistic with age-group counterfactual swap,ordinal_prediction,age_group,elder,Calibration Gap,0.10883266011603246,0.03984059813437691,,,5,87.0,87.0,not_computed_default_lightweight
mpdd_personality_counterfactual_age_swap,MPDD-AVG-2026,Personality,ordinal severity prediction,personality TF-IDF + Logistic with age-group counterfactual swap,ordinal_prediction,age_group,elder,ECE,0.17944591568117793,0.038663283804073106,0.1282173352854698,0.2593891304065708,5,87.0,87.0,seed_group_subject_bootstrap
mpdd_personality_counterfactual_age_swap,MPDD-AVG-2026,Personality,ordinal severity prediction,personality TF-IDF + Logistic with age-group counterfactual swap,ordinal_prediction,age_group,elder,Macro-F1,0.3005393849081533,0.03157545243849595,0.22725040813088793,0.336361553115793,5,87.0,87.0,seed_group_subject_bootstrap
mpdd_personality_counterfactual_age_swap,MPDD-AVG-2026,Personality,ordinal severity prediction,personality TF-IDF + Logistic with age-group counterfactual swap,ordinal_prediction,age_group,elder,Mean Confidence,0.4996372578171818,0.0024029798977386733,,,5,87.0,87.0,not_computed_default_lightweight
mpdd_personality_counterfactual_age_swap,MPDD-AVG-2026,Personality,ordinal severity prediction,personality TF-IDF + Logistic with age-group counterfactual swap,ordinal_prediction,age_group,elder,Ordinal MAE,0.7540229885057471,0.03749311823057491,0.6626436781609196,0.8629310344827588,5,87.0,87.0,seed_group_subject_bootstrap
mpdd_personality_counterfactual_age_swap,MPDD-AVG-2026,Personality,ordinal severity prediction,personality TF-IDF + Logistic with age-group counterfactual swap,ordinal_prediction,age_group,elder,Prediction Bias,0.25747126436781614,0.05469138967066814,,,5,87.0,87.0,not_computed_default_lightweight
mpdd_personality_counterfactual_age_swap,MPDD-AVG-2026,Personality,ordinal severity prediction,personality TF-IDF + Logistic with age-group counterfactual swap,ordinal_prediction,age_group,elder,QWK,-0.02201234625369437,0.08766979703219684,-0.13124568871388947,0.10338036839906155,5,87.0,87.0,seed_group_subject_bootstrap
mpdd_personality_counterfactual_age_swap,MPDD-AVG-2026,Personality,ordinal severity prediction,personality TF-IDF + Logistic with age-group counterfactual swap,ordinal_prediction,age_group,elder,True Label Probability,0.33778235143812185,0.009135917805691254,,,5,87.0,87.0,not_computed_default_lightweight
mpdd_personality_counterfactual_age_swap,MPDD-AVG-2026,Personality,ordinal severity prediction,personality TF-IDF + Logistic with age-group counterfactual swap,ordinal_prediction,age_group,young,Accuracy,0.425,0.039101478486557394,0.3664772727272727,0.5092613636363635,5,88.0,88.0,seed_group_subject_bootstrap
mpdd_personality_counterfactual_age_swap,MPDD-AVG-2026,Personality,ordinal severity prediction,personality TF-IDF + Logistic with age-group counterfactual swap,ordinal_prediction,age_group,young,Brier Score,0.6700660058070184,0.021197665395431414,,,5,88.0,88.0,not_computed_default_lightweight
mpdd_personality_counterfactual_age_swap,MPDD-AVG-2026,Personality,ordinal severity prediction,personality TF-IDF + Logistic with age-group counterfactual swap,ordinal_prediction,age_group,young,Calibration Gap,0.10511917119515686,0.03822361535184728,,,5,88.0,88.0,not_computed_default_lightweight
mpdd_personality_counterfactual_age_swap,MPDD-AVG-2026,Personality,ordinal severity prediction,personality TF-IDF + Logistic with age-group counterfactual swap,ordinal_prediction,age_group,young,ECE,0.11244682234962404,0.03514625967886518,0.07207695544039841,0.20545833023268018,5,88.0,88.0,seed_group_subject_bootstrap
mpdd_personality_counterfactual_age_swap,MPDD-AVG-2026,Personality,ordinal severity prediction,personality TF-IDF + Logistic with age-group counterfactual swap,ordinal_prediction,age_group,young,Macro-F1,0.29155381321803664,0.021526534978857658,0.24302037294842577,0.3690316560813475,5,88.0,88.0,seed_group_subject_bootstrap
mpdd_personality_counterfactual_age_swap,MPDD-AVG-2026,Personality,ordinal severity prediction,personality TF-IDF + Logistic with age-group counterfactual swap,ordinal_prediction,age_group,young,Mean Confidence,0.530119171195157,0.0024441188518309286,,,5,88.0,88.0,not_computed_default_lightweight
mpdd_personality_counterfactual_age_swap,MPDD-AVG-2026,Personality,ordinal severity prediction,personality TF-IDF + Logistic with age-group counterfactual swap,ordinal_prediction,age_group,young,Ordinal MAE,0.7272727272727273,0.05882808684338542,0.6452840909090909,0.8559090909090908,5,88.0,88.0,seed_group_subject_bootstrap
mpdd_personality_counterfactual_age_swap,MPDD-AVG-2026,Personality,ordinal severity prediction,personality TF-IDF + Logistic with age-group counterfactual swap,ordinal_prediction,age_group,young,Prediction Bias,-0.1909090909090909,0.05251918185586974,,,5,88.0,88.0,not_computed_default_lightweight
mpdd_personality_counterfactual_age_swap,MPDD-AVG-2026,Personality,ordinal severity prediction,personality TF-IDF + Logistic with age-group counterfactual swap,ordinal_prediction,age_group,young,QWK,-0.028272274470218784,0.11331861262631308,-0.15235844697962908,0.10794116323800981,5,88.0,88.0,seed_group_subject_bootstrap
mpdd_personality_counterfactual_age_swap,MPDD-AVG-2026,Personality,ordinal severity prediction,personality TF-IDF + Logistic with age-group counterfactual swap,ordinal_prediction,age_group,young,True Label Probability,0.365612429455788,0.010948144504779232,,,5,88.0,88.0,not_computed_default_lightweight
mpdd_personality_counterfactual_age_swap,MPDD-AVG-2026,Personality,ordinal severity prediction,personality TF-IDF + Logistic with age-group counterfactual swap,ordinal_prediction,financial_stress_bin,high_or_severe,Accuracy,0.3142857142857143,0.16659862556700858,,,5,7.0,7.0,not_computed_default_lightweight
mpdd_personality_counterfactual_age_swap,MPDD-AVG-2026,Personality,ordinal severity prediction,personality TF-IDF + Logistic with age-group counterfactual swap,ordinal_prediction,financial_stress_bin,high_or_severe,Brier Score,0.7561331444704318,0.0999776359382061,,,5,7.0,7.0,not_computed_default_lightweight
mpdd_personality_counterfactual_age_swap,MPDD-AVG-2026,Personality,ordinal severity prediction,personality TF-IDF + Logistic with age-group counterfactual swap,ordinal_prediction,financial_stress_bin,high_or_severe,Calibration Gap,0.19505542410643822,0.15820011495897102,,,5,7.0,7.0,not_computed_default_lightweight
mpdd_personality_counterfactual_age_swap,MPDD-AVG-2026,Personality,ordinal severity prediction,personality TF-IDF + Logistic with age-group counterfactual swap,ordinal_prediction,financial_stress_bin,high_or_severe,ECE,0.21871702285544573,0.1374944182561288,,,5,7.0,7.0,not_computed_default_lightweight
mpdd_personality_counterfactual_age_swap,MPDD-AVG-2026,Personality,ordinal severity prediction,personality TF-IDF + Logistic with age-group counterfactual swap,ordinal_prediction,financial_stress_bin,high_or_severe,Macro-F1,0.23883597883597885,0.13560242716326473,,,5,7.0,7.0,not_computed_default_lightweight
mpdd_personality_counterfactual_age_swap,MPDD-AVG-2026,Personality,ordinal severity prediction,personality TF-IDF + Logistic with age-group counterfactual swap,ordinal_prediction,financial_stress_bin,high_or_severe,Mean Confidence,0.5093411383921526,0.024009950630036178,,,5,7.0,7.0,not_computed_default_lightweight
mpdd_personality_counterfactual_age_swap,MPDD-AVG-2026,Personality,ordinal severity prediction,personality TF-IDF + Logistic with age-group counterfactual swap,ordinal_prediction,financial_stress_bin,high_or_severe,Ordinal MAE,0.9142857142857143,0.26496052844273443,,,5,7.0,7.0,not_computed_default_lightweight
mpdd_personality_counterfactual_age_swap,MPDD-AVG-2026,Personality,ordinal severity prediction,personality TF-IDF + Logistic with age-group counterfactual swap,ordinal_prediction,financial_stress_bin,high_or_severe,Prediction Bias,-0.11428571428571428,0.16659862556700858,,,5,7.0,7.0,not_computed_default_lightweight
mpdd_personality_counterfactual_age_swap,MPDD-AVG-2026,Personality,ordinal severity prediction,personality TF-IDF + Logistic with age-group counterfactual swap,ordinal_prediction,financial_stress_bin,high_or_severe,QWK,-0.2537933145009418,0.3546398473753224,,,5,7.0,7.0,not_computed_default_lightweight
mpdd_personality_counterfactual_age_swap,MPDD-AVG-2026,Personality,ordinal severity prediction,personality TF-IDF + Logistic with age-group counterfactual swap,ordinal_prediction,financial_stress_bin,high_or_severe,True Label Probability,0.31931429095508923,0.05165748046740837,,,5,7.0,7.0,not_computed_default_lightweight
mpdd_personality_counterfactual_age_swap,MPDD-AVG-2026,Personality,ordinal severity prediction,personality TF-IDF + Logistic with age-group counterfactual swap,ordinal_prediction,financial_stress_bin,mentioned_unclear,Accuracy,0.25,0.22360679774997896,,,5,4.0,4.0,not_computed_default_lightweight
mpdd_personality_counterfactual_age_swap,MPDD-AVG-2026,Personality,ordinal severity prediction,personality TF-IDF + Logistic with age-group counterfactual swap,ordinal_prediction,financial_stress_bin,mentioned_unclear,Brier Score,0.7443454716878961,0.14221984227264278,,,5,4.0,4.0,not_computed_default_lightweight
mpdd_personality_counterfactual_age_swap,MPDD-AVG-2026,Personality,ordinal severity prediction,personality TF-IDF + Logistic with age-group counterfactual swap,ordinal_prediction,financial_stress_bin,mentioned_unclear,Calibration Gap,0.26627790248646377,0.2339555412278081,,,5,4.0,4.0,not_computed_default_lightweight
mpdd_personality_counterfactual_age_swap,MPDD-AVG-2026,Personality,ordinal severity prediction,personality TF-IDF + Logistic with age-group counterfactual swap,ordinal_prediction,financial_stress_bin,mentioned_unclear,ECE,0.3650265970702116,0.13834099290228216,,,5,4.0,4.0,not_computed_default_lightweight
mpdd_personality_counterfactual_age_swap,MPDD-AVG-2026,Personality,ordinal severity prediction,personality TF-IDF + Logistic with age-group counterfactual swap,ordinal_prediction,financial_stress_bin,mentioned_unclear,Macro-F1,0.18888888888888886,0.17427096823731245,,,5,4.0,4.0,not_computed_default_lightweight
mpdd_personality_counterfactual_age_swap,MPDD-AVG-2026,Personality,ordinal severity prediction,personality TF-IDF + Logistic with age-group counterfactual swap,ordinal_prediction,financial_stress_bin,mentioned_unclear,Mean Confidence,0.5162779024864637,0.019418242388398944,,,5,4.0,4.0,not_computed_default_lightweight
mpdd_personality_counterfactual_age_swap,MPDD-AVG-2026,Personality,ordinal severity prediction,personality TF-IDF + Logistic with age-group counterfactual swap,ordinal_prediction,financial_stress_bin,mentioned_unclear,Ordinal MAE,0.85,0.25495097567963926,,,5,4.0,4.0,not_computed_default_lightweight
mpdd_personality_counterfactual_age_swap,MPDD-AVG-2026,Personality,ordinal severity prediction,personality TF-IDF + Logistic with age-group counterfactual swap,ordinal_prediction,financial_stress_bin,mentioned_unclear,Prediction Bias,-0.05,0.2915475947422651,,,5,4.0,4.0,not_computed_default_lightweight
mpdd_personality_counterfactual_age_swap,MPDD-AVG-2026,Personality,ordinal severity prediction,personality TF-IDF + Logistic with age-group counterfactual swap,ordinal_prediction,financial_stress_bin,mentioned_unclear,QWK,-0.042063492063492046,0.41825170927976457,,,5,4.0,4.0,not_computed_default_lightweight
mpdd_personality_counterfactual_age_swap,MPDD-AVG-2026,Personality,ordinal severity prediction,personality TF-IDF + Logistic with age-group counterfactual swap,ordinal_prediction,financial_stress_bin,mentioned_unclear,True Label Probability,0.3261812247611839,0.06919824968311539,,,5,4.0,4.0,not_computed_default_lightweight
mpdd_personality_counterfactual_age_swap,MPDD-AVG-2026,Personality,ordinal severity prediction,personality TF-IDF + Logistic with age-group counterfactual swap,ordinal_prediction,financial_stress_bin,mild_or_low,Accuracy,0.38333333333333336,0.22110831935702666,,,5,12.0,12.0,not_computed_default_lightweight
mpdd_personality_counterfactual_age_swap,MPDD-AVG-2026,Personality,ordinal severity prediction,personality TF-IDF + Logistic with age-group counterfactual swap,ordinal_prediction,financial_stress_bin,mild_or_low,Brier Score,0.6755682663239697,0.1263107235829055,,,5,12.0,12.0,not_computed_default_lightweight
mpdd_personality_counterfactual_age_swap,MPDD-AVG-2026,Personality,ordinal severity prediction,personality TF-IDF + Logistic with age-group counterfactual swap,ordinal_prediction,financial_stress_bin,mild_or_low,Calibration Gap,0.1122190564571531,0.22703788886045836,,,5,12.0,12.0,not_computed_default_lightweight
mpdd_personality_counterfactual_age_swap,MPDD-AVG-2026,Personality,ordinal severity prediction,personality TF-IDF + Logistic with age-group counterfactual swap,ordinal_prediction,financial_stress_bin,mild_or_low,ECE,0.22557258442006387,0.15051778030678395,,,5,12.0,12.0,not_computed_default_lightweight
mpdd_personality_counterfactual_age_swap,MPDD-AVG-2026,Personality,ordinal severity prediction,personality TF-IDF + Logistic with age-group counterfactual swap,ordinal_prediction,financial_stress_bin,mild_or_low,Macro-F1,0.31064425770308124,0.250645479268551,,,5,12.0,12.0,not_computed_default_lightweight
mpdd_personality_counterfactual_age_swap,MPDD-AVG-2026,Personality,ordinal severity prediction,personality TF-IDF + Logistic with age-group counterfactual swap,ordinal_prediction,financial_stress_bin,mild_or_low,Mean Confidence,0.49555238979048644,0.024295918626717598,,,5,12.0,12.0,not_computed_default_lightweight
mpdd_personality_counterfactual_age_swap,MPDD-AVG-2026,Personality,ordinal severity prediction,personality TF-IDF + Logistic with age-group counterfactual swap,ordinal_prediction,financial_stress_bin,mild_or_low,Ordinal MAE,0.7000000000000001,0.28674417556808757,,,5,12.0,12.0,not_computed_default_lightweight
mpdd_personality_counterfactual_age_swap,MPDD-AVG-2026,Personality,ordinal severity prediction,personality TF-IDF + Logistic with age-group counterfactual swap,ordinal_prediction,financial_stress_bin,mild_or_low,Prediction Bias,0.033333333333333326,0.30550504633038933,,,5,12.0,12.0,not_computed_default_lightweight
mpdd_personality_counterfactual_age_swap,MPDD-AVG-2026,Personality,ordinal severity prediction,personality TF-IDF + Logistic with age-group counterfactual swap,ordinal_prediction,financial_stress_bin,mild_or_low,QWK,0.0031563983170448174,0.4007351950596186,,,5,12.0,12.0,not_computed_default_lightweight
mpdd_personality_counterfactual_age_swap,MPDD-AVG-2026,Personality,ordinal severity prediction,personality TF-IDF + Logistic with age-group counterfactual swap,ordinal_prediction,financial_stress_bin,mild_or_low,True Label Probability,0.356935185089722,0.062411930091456985,,,5,12.0,12.0,not_computed_default_lightweight
mpdd_personality_counterfactual_age_swap,MPDD-AVG-2026,Personality,ordinal severity prediction,personality TF-IDF + Logistic with age-group counterfactual swap,ordinal_prediction,financial_stress_bin,moderate,Accuracy,0.2571428571428571,0.16659862556700855,,,5,7.0,7.0,not_computed_default_lightweight
mpdd_personality_counterfactual_age_swap,MPDD-AVG-2026,Personality,ordinal severity prediction,personality TF-IDF + Logistic with age-group counterfactual swap,ordinal_prediction,financial_stress_bin,moderate,Brier Score,0.8070741392393543,0.11724518759777004,,,5,7.0,7.0,not_computed_default_lightweight
mpdd_personality_counterfactual_age_swap,MPDD-AVG-2026,Personality,ordinal severity prediction,personality TF-IDF + Logistic with age-group counterfactual swap,ordinal_prediction,financial_stress_bin,moderate,Calibration Gap,0.2557475369256729,0.1831896326201541,,,5,7.0,7.0,not_computed_default_lightweight
mpdd_personality_counterfactual_age_swap,MPDD-AVG-2026,Personality,ordinal severity prediction,personality TF-IDF + Logistic with age-group counterfactual swap,ordinal_prediction,financial_stress_bin,moderate,ECE,0.33912919215498166,0.11589028103637036,,,5,7.0,7.0,not_computed_default_lightweight
mpdd_personality_counterfactual_age_swap,MPDD-AVG-2026,Personality,ordinal severity prediction,personality TF-IDF + Logistic with age-group counterfactual swap,ordinal_prediction,financial_stress_bin,moderate,Macro-F1,0.16571428571428576,0.07391850633117052,,,5,7.0,7.0,not_computed_default_lightweight
mpdd_personality_counterfactual_age_swap,MPDD-AVG-2026,Personality,ordinal severity prediction,personality TF-IDF + Logistic with age-group counterfactual swap,ordinal_prediction,financial_stress_bin,moderate,Mean Confidence,0.5128903940685301,0.022962957304564022,,,5,7.0,7.0,not_computed_default_lightweight
mpdd_personality_counterfactual_age_swap,MPDD-AVG-2026,Personality,ordinal severity prediction,personality TF-IDF + Logistic with age-group counterfactual swap,ordinal_prediction,financial_stress_bin,moderate,Ordinal MAE,1.0,0.23904572186687878,,,5,7.0,7.0,not_computed_default_lightweight
mpdd_personality_counterfactual_age_swap,MPDD-AVG-2026,Personality,ordinal severity prediction,personality TF-IDF + Logistic with age-group counterfactual swap,ordinal_prediction,financial_stress_bin,moderate,Prediction Bias,0.37142857142857144,0.3681171064778607,,,5,7.0,7.0,not_computed_default_lightweight
mpdd_personality_counterfactual_age_swap,MPDD-AVG-2026,Personality,ordinal severity prediction,personality TF-IDF + Logistic with age-group counterfactual swap,ordinal_prediction,financial_stress_bin,moderate,QWK,-0.027044319600499377,0.19691656321696746,,,5,7.0,7.0,not_computed_default_lightweight
mpdd_personality_counterfactual_age_swap,MPDD-AVG-2026,Personality,ordinal severity prediction,personality TF-IDF + Logistic with age-group counterfactual swap,ordinal_prediction,financial_stress_bin,moderate,True Label Probability,0.29242121981434765,0.05343851458947859,,,5,7.0,7.0,not_computed_default_lightweight
mpdd_personality_counterfactual_age_swap,MPDD-AVG-2026,Personality,ordinal severity prediction,personality TF-IDF + Logistic with age-group counterfactual swap,ordinal_prediction,financial_stress_bin,none,Accuracy,0.41960784313725485,0.0729453930891697,,,5,51.0,51.0,not_computed_default_lightweight
mpdd_personality_counterfactual_age_swap,MPDD-AVG-2026,Personality,ordinal severity prediction,personality TF-IDF + Logistic with age-group counterfactual swap,ordinal_prediction,financial_stress_bin,none,Brier Score,0.7122838433955019,0.028098841066423512,,,5,51.0,51.0,not_computed_default_lightweight
mpdd_personality_counterfactual_age_swap,MPDD-AVG-2026,Personality,ordinal severity prediction,personality TF-IDF + Logistic with age-group counterfactual swap,ordinal_prediction,financial_stress_bin,none,Calibration Gap,0.07804662775923649,0.06989553403588614,,,5,51.0,51.0,not_computed_default_lightweight
mpdd_personality_counterfactual_age_swap,MPDD-AVG-2026,Personality,ordinal severity prediction,personality TF-IDF + Logistic with age-group counterfactual swap,ordinal_prediction,financial_stress_bin,none,ECE,0.21122923134551908,0.06573750596516202,,,5,51.0,51.0,not_computed_default_lightweight
mpdd_personality_counterfactual_age_swap,MPDD-AVG-2026,Personality,ordinal severity prediction,personality TF-IDF + Logistic with age-group counterfactual swap,ordinal_prediction,financial_stress_bin,none,Macro-F1,0.3152574114962758,0.07091940587147082,,,5,51.0,51.0,not_computed_default_lightweight
mpdd_personality_counterfactual_age_swap,MPDD-AVG-2026,Personality,ordinal severity prediction,personality TF-IDF + Logistic with age-group counterfactual swap,ordinal_prediction,financial_stress_bin,none,Mean Confidence,0.4976544708964914,0.005304053051105031,,,5,51.0,51.0,not_computed_default_lightweight
mpdd_personality_counterfactual_age_swap,MPDD-AVG-2026,Personality,ordinal severity prediction,personality TF-IDF + Logistic with age-group counterfactual swap,ordinal_prediction,financial_stress_bin,none,Ordinal MAE,0.7294117647058823,0.09476898802819274,,,5,51.0,51.0,not_computed_default_lightweight
mpdd_personality_counterfactual_age_swap,MPDD-AVG-2026,Personality,ordinal severity prediction,personality TF-IDF + Logistic with age-group counterfactual swap,ordinal_prediction,financial_stress_bin,none,Prediction Bias,0.33725490196078434,0.053194744965688386,,,5,51.0,51.0,not_computed_default_lightweight
mpdd_personality_counterfactual_age_swap,MPDD-AVG-2026,Personality,ordinal severity prediction,personality TF-IDF + Logistic with age-group counterfactual swap,ordinal_prediction,financial_stress_bin,none,QWK,1.5080863325112049e-05,0.1493649647172548,,,5,51.0,51.0,not_computed_default_lightweight
mpdd_personality_counterfactual_age_swap,MPDD-AVG-2026,Personality,ordinal severity prediction,personality TF-IDF + Logistic with age-group counterfactual swap,ordinal_prediction,financial_stress_bin,none,True Label Probability,0.33843214424062606,0.014324242487280604,,,5,51.0,51.0,not_computed_default_lightweight
mpdd_personality_counterfactual_age_swap,MPDD-AVG-2026,Personality,ordinal severity prediction,personality TF-IDF + Logistic with age-group counterfactual swap,ordinal_prediction,financial_stress_bin,unknown,Accuracy,0.4297872340425532,0.04233989094070723,,,5,94.0,94.0,not_computed_default_lightweight
mpdd_personality_counterfactual_age_swap,MPDD-AVG-2026,Personality,ordinal severity prediction,personality TF-IDF + Logistic with age-group counterfactual swap,ordinal_prediction,financial_stress_bin,unknown,Brier Score,0.6676323815993346,0.021614265422317966,,,5,94.0,94.0,not_computed_default_lightweight
mpdd_personality_counterfactual_age_swap,MPDD-AVG-2026,Personality,ordinal severity prediction,personality TF-IDF + Logistic with age-group counterfactual swap,ordinal_prediction,financial_stress_bin,unknown,Calibration Gap,0.09756584537118193,0.042831499655084405,,,5,94.0,94.0,not_computed_default_lightweight
mpdd_personality_counterfactual_age_swap,MPDD-AVG-2026,Personality,ordinal severity prediction,personality TF-IDF + Logistic with age-group counterfactual swap,ordinal_prediction,financial_stress_bin,unknown,ECE,0.10716764476567826,0.04030785023025298,,,5,94.0,94.0,not_computed_default_lightweight
mpdd_personality_counterfactual_age_swap,MPDD-AVG-2026,Personality,ordinal severity prediction,personality TF-IDF + Logistic with age-group counterfactual swap,ordinal_prediction,financial_stress_bin,unknown,Macro-F1,0.2902002908759255,0.024611009568284225,,,5,94.0,94.0,not_computed_default_lightweight
mpdd_personality_counterfactual_age_swap,MPDD-AVG-2026,Personality,ordinal severity prediction,personality TF-IDF + Logistic with age-group counterfactual swap,ordinal_prediction,financial_stress_bin,unknown,Mean Confidence,0.5273530794137351,0.002471223584617212,,,5,94.0,94.0,not_computed_default_lightweight
mpdd_personality_counterfactual_age_swap,MPDD-AVG-2026,Personality,ordinal severity prediction,personality TF-IDF + Logistic with age-group counterfactual swap,ordinal_prediction,financial_stress_bin,unknown,Ordinal MAE,0.7148936170212765,0.05803481573185471,,,5,94.0,94.0,not_computed_default_lightweight
mpdd_personality_counterfactual_age_swap,MPDD-AVG-2026,Personality,ordinal severity prediction,personality TF-IDF + Logistic with age-group counterfactual swap,ordinal_prediction,financial_stress_bin,unknown,Prediction Bias,-0.1446808510638298,0.040144600561942995,,,5,94.0,94.0,not_computed_default_lightweight
mpdd_personality_counterfactual_age_swap,MPDD-AVG-2026,Personality,ordinal severity prediction,personality TF-IDF + Logistic with age-group counterfactual swap,ordinal_prediction,financial_stress_bin,unknown,QWK,-0.03686638286733612,0.11339168841618719,,,5,94.0,94.0,not_computed_default_lightweight
mpdd_personality_counterfactual_age_swap,MPDD-AVG-2026,Personality,ordinal severity prediction,personality TF-IDF + Logistic with age-group counterfactual swap,ordinal_prediction,financial_stress_bin,unknown,True Label Probability,0.36628535441964416,0.010815433222158437,,,5,94.0,94.0,not_computed_default_lightweight
mpdd_personality_counterfactual_age_swap,MPDD-AVG-2026,Personality,ordinal severity prediction,personality TF-IDF + Logistic with age-group counterfactual swap,ordinal_prediction,personality_agreeableness_bin,high,Accuracy,0.40714285714285714,0.048445214165180474,,,5,28.0,28.0,not_computed_default_lightweight
mpdd_personality_counterfactual_age_swap,MPDD-AVG-2026,Personality,ordinal severity prediction,personality TF-IDF + Logistic with age-group counterfactual swap,ordinal_prediction,personality_agreeableness_bin,high,Brier Score,0.6907777328819368,0.037434222663069255,,,5,28.0,28.0,not_computed_default_lightweight
mpdd_personality_counterfactual_age_swap,MPDD-AVG-2026,Personality,ordinal severity prediction,personality TF-IDF + Logistic with age-group counterfactual swap,ordinal_prediction,personality_agreeableness_bin,high,Calibration Gap,0.10477149808252709,0.04677920886717347,,,5,28.0,28.0,not_computed_default_lightweight
mpdd_personality_counterfactual_age_swap,MPDD-AVG-2026,Personality,ordinal severity prediction,personality TF-IDF + Logistic with age-group counterfactual swap,ordinal_prediction,personality_agreeableness_bin,high,ECE,0.13806207988971614,0.0399067865079125,,,5,28.0,28.0,not_computed_default_lightweight
mpdd_personality_counterfactual_age_swap,MPDD-AVG-2026,Personality,ordinal severity prediction,personality TF-IDF + Logistic with age-group counterfactual swap,ordinal_prediction,personality_agreeableness_bin,high,Macro-F1,0.3006268385490397,0.05585690976961307,,,5,28.0,28.0,not_computed_default_lightweight
mpdd_personality_counterfactual_age_swap,MPDD-AVG-2026,Personality,ordinal severity prediction,personality TF-IDF + Logistic with age-group counterfactual swap,ordinal_prediction,personality_agreeableness_bin,high,Mean Confidence,0.5119143552253842,0.009674873658629549,,,5,28.0,28.0,not_computed_default_lightweight
mpdd_personality_counterfactual_age_swap,MPDD-AVG-2026,Personality,ordinal severity prediction,personality TF-IDF + Logistic with age-group counterfactual swap,ordinal_prediction,personality_agreeableness_bin,high,Ordinal MAE,0.7571428571428571,0.07284313590846837,,,5,28.0,28.0,not_computed_default_lightweight
mpdd_personality_counterfactual_age_swap,MPDD-AVG-2026,Personality,ordinal severity prediction,personality TF-IDF + Logistic with age-group counterfactual swap,ordinal_prediction,personality_agreeableness_bin,high,Prediction Bias,0.02857142857142857,0.04738035414793428,,,5,28.0,28.0,not_computed_default_lightweight
mpdd_personality_counterfactual_age_swap,MPDD-AVG-2026,Personality,ordinal severity prediction,personality TF-IDF + Logistic with age-group counterfactual swap,ordinal_prediction,personality_agreeableness_bin,high,QWK,-0.05275112673587316,0.09087217108911955,,,5,28.0,28.0,not_computed_default_lightweight
mpdd_personality_counterfactual_age_swap,MPDD-AVG-2026,Personality,ordinal severity prediction,personality TF-IDF + Logistic with age-group counterfactual swap,ordinal_prediction,personality_agreeableness_bin,high,True Label Probability,0.35197426504154466,0.01830537628976457,,,5,28.0,28.0,not_computed_default_lightweight
mpdd_personality_counterfactual_age_swap,MPDD-AVG-2026,Personality,ordinal severity prediction,personality TF-IDF + Logistic with age-group counterfactual swap,ordinal_prediction,personality_agreeableness_bin,low,Accuracy,0.34,0.05612486080160911,,,5,40.0,40.0,not_computed_default_lightweight
mpdd_personality_counterfactual_age_swap,MPDD-AVG-2026,Personality,ordinal severity prediction,personality TF-IDF + Logistic with age-group counterfactual swap,ordinal_prediction,personality_agreeableness_bin,low,Brier Score,0.7391050606608263,0.009478593685329122,,,5,40.0,40.0,not_computed_default_lightweight
mpdd_personality_counterfactual_age_swap,MPDD-AVG-2026,Personality,ordinal severity prediction,personality TF-IDF + Logistic with age-group counterfactual swap,ordinal_prediction,personality_agreeableness_bin,low,Calibration Gap,0.18469945111621922,0.0549682685225292,,,5,40.0,40.0,not_computed_default_lightweight
mpdd_personality_counterfactual_age_swap,MPDD-AVG-2026,Personality,ordinal severity prediction,personality TF-IDF + Logistic with age-group counterfactual swap,ordinal_prediction,personality_agreeableness_bin,low,ECE,0.21975843412123974,0.032476165729646504,,,5,40.0,40.0,not_computed_default_lightweight
mpdd_personality_counterfactual_age_swap,MPDD-AVG-2026,Personality,ordinal severity prediction,personality TF-IDF + Logistic with age-group counterfactual swap,ordinal_prediction,personality_agreeableness_bin,low,Macro-F1,0.2649033885120493,0.06973173362428019,,,5,40.0,40.0,not_computed_default_lightweight
mpdd_personality_counterfactual_age_swap,MPDD-AVG-2026,Personality,ordinal severity prediction,personality TF-IDF + Logistic with age-group counterfactual swap,ordinal_prediction,personality_agreeableness_bin,low,Mean Confidence,0.5246994511162192,0.007378610921822132,,,5,40.0,40.0,not_computed_default_lightweight
mpdd_personality_counterfactual_age_swap,MPDD-AVG-2026,Personality,ordinal severity prediction,personality TF-IDF + Logistic with age-group counterfactual swap,ordinal_prediction,personality_agreeableness_bin,low,Ordinal MAE,0.765,0.07348469228349536,,,5,40.0,40.0,not_computed_default_lightweight
mpdd_personality_counterfactual_age_swap,MPDD-AVG-2026,Personality,ordinal severity prediction,personality TF-IDF + Logistic with age-group counterfactual swap,ordinal_prediction,personality_agreeableness_bin,low,Prediction Bias,-0.185,0.05385164807134504,,,5,40.0,40.0,not_computed_default_lightweight
mpdd_personality_counterfactual_age_swap,MPDD-AVG-2026,Personality,ordinal severity prediction,personality TF-IDF + Logistic with age-group counterfactual swap,ordinal_prediction,personality_agreeableness_bin,low,QWK,-0.029505191893391892,0.16926864408656325,,,5,40.0,40.0,not_computed_default_lightweight
mpdd_personality_counterfactual_age_swap,MPDD-AVG-2026,Personality,ordinal severity prediction,personality TF-IDF + Logistic with age-group counterfactual swap,ordinal_prediction,personality_agreeableness_bin,low,True Label Probability,0.3298901803621413,0.005055664463400883,,,5,40.0,40.0,not_computed_default_lightweight
mpdd_personality_counterfactual_age_swap,MPDD-AVG-2026,Personality,ordinal severity prediction,personality TF-IDF + Logistic with age-group counterfactual swap,ordinal_prediction,personality_agreeableness_bin,mid,Accuracy,0.46521739130434775,0.07480282840906635,,,5,46.0,46.0,not_computed_default_lightweight
mpdd_personality_counterfactual_age_swap,MPDD-AVG-2026,Personality,ordinal severity prediction,personality TF-IDF + Logistic with age-group counterfactual swap,ordinal_prediction,personality_agreeableness_bin,mid,Brier Score,0.6423981695232956,0.04029691946727851,,,5,46.0,46.0,not_computed_default_lightweight
mpdd_personality_counterfactual_age_swap,MPDD-AVG-2026,Personality,ordinal severity prediction,personality TF-IDF + Logistic with age-group counterfactual swap,ordinal_prediction,personality_agreeableness_bin,mid,Calibration Gap,0.06270900523263918,0.07440891370260076,,,5,46.0,46.0,not_computed_default_lightweight
mpdd_personality_counterfactual_age_swap,MPDD-AVG-2026,Personality,ordinal severity prediction,personality TF-IDF + Logistic with age-group counterfactual swap,ordinal_prediction,personality_agreeableness_bin,mid,ECE,0.115512561184582,0.047688602034975804,,,5,46.0,46.0,not_computed_default_lightweight
mpdd_personality_counterfactual_age_swap,MPDD-AVG-2026,Personality,ordinal severity prediction,personality TF-IDF + Logistic with age-group counterfactual swap,ordinal_prediction,personality_agreeableness_bin,mid,Macro-F1,0.29215973173962567,0.032273553418402094,,,5,46.0,46.0,not_computed_default_lightweight
mpdd_personality_counterfactual_age_swap,MPDD-AVG-2026,Personality,ordinal severity prediction,personality TF-IDF + Logistic with age-group counterfactual swap,ordinal_prediction,personality_agreeableness_bin,mid,Mean Confidence,0.5279263965369869,0.008906041622779672,,,5,46.0,46.0,not_computed_default_lightweight
mpdd_personality_counterfactual_age_swap,MPDD-AVG-2026,Personality,ordinal severity prediction,personality TF-IDF + Logistic with age-group counterfactual swap,ordinal_prediction,personality_agreeableness_bin,mid,Ordinal MAE,0.7130434782608697,0.09264032935940224,,,5,46.0,46.0,not_computed_default_lightweight
mpdd_personality_counterfactual_age_swap,MPDD-AVG-2026,Personality,ordinal severity prediction,personality TF-IDF + Logistic with age-group counterfactual swap,ordinal_prediction,personality_agreeableness_bin,mid,Prediction Bias,-0.03478260869565218,0.11875217638041448,,,5,46.0,46.0,not_computed_default_lightweight
mpdd_personality_counterfactual_age_swap,MPDD-AVG-2026,Personality,ordinal severity prediction,personality TF-IDF + Logistic with age-group counterfactual swap,ordinal_prediction,personality_agreeableness_bin,mid,QWK,-0.06669342833316569,0.09762465012908311,,,5,46.0,46.0,not_computed_default_lightweight
mpdd_personality_counterfactual_age_swap,MPDD-AVG-2026,Personality,ordinal severity prediction,personality TF-IDF + Logistic with age-group counterfactual swap,ordinal_prediction,personality_agreeableness_bin,mid,True Label Probability,0.37919007943843264,0.020060737359550485,,,5,46.0,46.0,not_computed_default_lightweight
mpdd_personality_counterfactual_age_swap,MPDD-AVG-2026,Personality,ordinal severity prediction,personality TF-IDF + Logistic with age-group counterfactual swap,ordinal_prediction,personality_agreeableness_bin,unknown,Accuracy,0.40983606557377045,0.04147249390384761,,,5,61.0,61.0,not_computed_default_lightweight
mpdd_personality_counterfactual_age_swap,MPDD-AVG-2026,Personality,ordinal severity prediction,personality TF-IDF + Logistic with age-group counterfactual swap,ordinal_prediction,personality_agreeableness_bin,unknown,Brier Score,0.6992504460150311,0.017224903915427612,,,5,61.0,61.0,not_computed_default_lightweight
mpdd_personality_counterfactual_age_swap,MPDD-AVG-2026,Personality,ordinal severity prediction,personality TF-IDF + Logistic with age-group counterfactual swap,ordinal_prediction,personality_agreeableness_bin,unknown,Calibration Gap,0.09037269284602797,0.04779464203275625,,,5,61.0,61.0,not_computed_default_lightweight
mpdd_personality_counterfactual_age_swap,MPDD-AVG-2026,Personality,ordinal severity prediction,personality TF-IDF + Logistic with age-group counterfactual swap,ordinal_prediction,personality_agreeableness_bin,unknown,ECE,0.1706404111368051,0.024733407271724364,,,5,61.0,61.0,not_computed_default_lightweight
mpdd_personality_counterfactual_age_swap,MPDD-AVG-2026,Personality,ordinal severity prediction,personality TF-IDF + Logistic with age-group counterfactual swap,ordinal_prediction,personality_agreeableness_bin,unknown,Macro-F1,0.3046391912641313,0.04154764852159099,,,5,61.0,61.0,not_computed_default_lightweight
mpdd_personality_counterfactual_age_swap,MPDD-AVG-2026,Personality,ordinal severity prediction,personality TF-IDF + Logistic with age-group counterfactual swap,ordinal_prediction,personality_agreeableness_bin,unknown,Mean Confidence,0.5002087584197985,0.007374367026507893,,,5,61.0,61.0,not_computed_default_lightweight
mpdd_personality_counterfactual_age_swap,MPDD-AVG-2026,Personality,ordinal severity prediction,personality TF-IDF + Logistic with age-group counterfactual swap,ordinal_prediction,personality_agreeableness_bin,unknown,Ordinal MAE,0.7377049180327868,0.03278688524590163,,,5,61.0,61.0,not_computed_default_lightweight
mpdd_personality_counterfactual_age_swap,MPDD-AVG-2026,Personality,ordinal severity prediction,personality TF-IDF + Logistic with age-group counterfactual swap,ordinal_prediction,personality_agreeableness_bin,unknown,Prediction Bias,0.22622950819672133,0.08699343712407605,,,5,61.0,61.0,not_computed_default_lightweight
mpdd_personality_counterfactual_age_swap,MPDD-AVG-2026,Personality,ordinal severity prediction,personality TF-IDF + Logistic with age-group counterfactual swap,ordinal_prediction,personality_agreeableness_bin,unknown,QWK,-0.02459721381137405,0.0750984489436576,,,5,61.0,61.0,not_computed_default_lightweight
mpdd_personality_counterfactual_age_swap,MPDD-AVG-2026,Personality,ordinal severity prediction,personality TF-IDF + Logistic with age-group counterfactual swap,ordinal_prediction,personality_agreeableness_bin,unknown,True Label Probability,0.34536603405588745,0.007946274378849327,,,5,61.0,61.0,not_computed_default_lightweight
mpdd_personality_counterfactual_age_swap,MPDD-AVG-2026,Personality,ordinal severity prediction,personality TF-IDF + Logistic with age-group counterfactual swap,ordinal_prediction,personality_conscientiousness_bin,high,Accuracy,0.3653846153846154,0.027196414661021063,,,5,52.0,52.0,not_computed_default_lightweight
mpdd_personality_counterfactual_age_swap,MPDD-AVG-2026,Personality,ordinal severity prediction,personality TF-IDF + Logistic with age-group counterfactual swap,ordinal_prediction,personality_conscientiousness_bin,high,Brier Score,0.7327540865184048,0.017085099634083053,,,5,52.0,52.0,not_computed_default_lightweight
mpdd_personality_counterfactual_age_swap,MPDD-AVG-2026,Personality,ordinal severity prediction,personality TF-IDF + Logistic with age-group counterfactual swap,ordinal_prediction,personality_conscientiousness_bin,high,Calibration Gap,0.13922338664879902,0.030916188538849188,,,5,52.0,52.0,not_computed_default_lightweight
mpdd_personality_counterfactual_age_swap,MPDD-AVG-2026,Personality,ordinal severity prediction,personality TF-IDF + Logistic with age-group counterfactual swap,ordinal_prediction,personality_conscientiousness_bin,high,ECE,0.22873738134354263,0.044142539942106304,,,5,52.0,52.0,not_computed_default_lightweight
mpdd_personality_counterfactual_age_swap,MPDD-AVG-2026,Personality,ordinal severity prediction,personality TF-IDF + Logistic with age-group counterfactual swap,ordinal_prediction,personality_conscientiousness_bin,high,Macro-F1,0.29672860396461853,0.03132362816697215,,,5,52.0,52.0,not_computed_default_lightweight
mpdd_personality_counterfactual_age_swap,MPDD-AVG-2026,Personality,ordinal severity prediction,personality TF-IDF + Logistic with age-group counterfactual swap,ordinal_prediction,personality_conscientiousness_bin,high,Mean Confidence,0.5046080020334145,0.009179413740969698,,,5,52.0,52.0,not_computed_default_lightweight
mpdd_personality_counterfactual_age_swap,MPDD-AVG-2026,Personality,ordinal severity prediction,personality TF-IDF + Logistic with age-group counterfactual swap,ordinal_prediction,personality_conscientiousness_bin,high,Ordinal MAE,0.7807692307692308,0.03959857746533459,,,5,52.0,52.0,not_computed_default_lightweight
mpdd_personality_counterfactual_age_swap,MPDD-AVG-2026,Personality,ordinal severity prediction,personality TF-IDF + Logistic with age-group counterfactual swap,ordinal_prediction,personality_conscientiousness_bin,high,Prediction Bias,0.20384615384615387,0.03959857746533462,,,5,52.0,52.0,not_computed_default_lightweight
mpdd_personality_counterfactual_age_swap,MPDD-AVG-2026,Personality,ordinal severity prediction,personality TF-IDF + Logistic with age-group counterfactual swap,ordinal_prediction,personality_conscientiousness_bin,high,QWK,-0.07437749287749287,0.07902739865124815,,,5,52.0,52.0,not_computed_default_lightweight
mpdd_personality_counterfactual_age_swap,MPDD-AVG-2026,Personality,ordinal severity prediction,personality TF-IDF + Logistic with age-group counterfactual swap,ordinal_prediction,personality_conscientiousness_bin,high,True Label Probability,0.3296879899501371,0.00790242732578111,,,5,52.0,52.0,not_computed_default_lightweight
mpdd_personality_counterfactual_age_swap,MPDD-AVG-2026,Personality,ordinal severity prediction,personality TF-IDF + Logistic with age-group counterfactual swap,ordinal_prediction,personality_conscientiousness_bin,low,Accuracy,0.4206896551724138,0.044427926643879734,,,5,58.0,58.0,not_computed_default_lightweight
mpdd_personality_counterfactual_age_swap,MPDD-AVG-2026,Personality,ordinal severity prediction,personality TF-IDF + Logistic with age-group counterfactual swap,ordinal_prediction,personality_conscientiousness_bin,low,Brier Score,0.6700000511796135,0.019788120363867,,,5,58.0,58.0,not_computed_default_lightweight
mpdd_personality_counterfactual_age_swap,MPDD-AVG-2026,Personality,ordinal severity prediction,personality TF-IDF + Logistic with age-group counterfactual swap,ordinal_prediction,personality_conscientiousness_bin,low,Calibration Gap,0.10243328685347226,0.04673235199209392,,,5,58.0,58.0,not_computed_default_lightweight
mpdd_personality_counterfactual_age_swap,MPDD-AVG-2026,Personality,ordinal severity prediction,personality TF-IDF + Logistic with age-group counterfactual swap,ordinal_prediction,personality_conscientiousness_bin,low,ECE,0.11553557942589616,0.03970518226864872,,,5,58.0,58.0,not_computed_default_lightweight
mpdd_personality_counterfactual_age_swap,MPDD-AVG-2026,Personality,ordinal severity prediction,personality TF-IDF + Logistic with age-group counterfactual swap,ordinal_prediction,personality_conscientiousness_bin,low,Macro-F1,0.315312608215834,0.02995133746759396,,,5,58.0,58.0,not_computed_default_lightweight
mpdd_personality_counterfactual_age_swap,MPDD-AVG-2026,Personality,ordinal severity prediction,personality TF-IDF + Logistic with age-group counterfactual swap,ordinal_prediction,personality_conscientiousness_bin,low,Mean Confidence,0.523122942025886,0.004009558745600556,,,5,58.0,58.0,not_computed_default_lightweight
mpdd_personality_counterfactual_age_swap,MPDD-AVG-2026,Personality,ordinal severity prediction,personality TF-IDF + Logistic with age-group counterfactual swap,ordinal_prediction,personality_conscientiousness_bin,low,Ordinal MAE,0.7137931034482758,0.06414163875082161,,,5,58.0,58.0,not_computed_default_lightweight
mpdd_personality_counterfactual_age_swap,MPDD-AVG-2026,Personality,ordinal severity prediction,personality TF-IDF + Logistic with age-group counterfactual swap,ordinal_prediction,personality_conscientiousness_bin,low,Prediction Bias,-0.23793103448275862,0.06110360395403225,,,5,58.0,58.0,not_computed_default_lightweight
mpdd_personality_counterfactual_age_swap,MPDD-AVG-2026,Personality,ordinal severity prediction,personality TF-IDF + Logistic with age-group counterfactual swap,ordinal_prediction,personality_conscientiousness_bin,low,QWK,0.023167891560624265,0.12484806071485113,,,5,58.0,58.0,not_computed_default_lightweight
mpdd_personality_counterfactual_age_swap,MPDD-AVG-2026,Personality,ordinal severity prediction,personality TF-IDF + Logistic with age-group counterfactual swap,ordinal_prediction,personality_conscientiousness_bin,low,True Label Probability,0.36374454090607755,0.009369166425114062,,,5,58.0,58.0,not_computed_default_lightweight
mpdd_personality_counterfactual_age_swap,MPDD-AVG-2026,Personality,ordinal severity prediction,personality TF-IDF + Logistic with age-group counterfactual swap,ordinal_prediction,personality_conscientiousness_bin,mid,Accuracy,0.4564102564102564,0.03401666451646563,,,5,39.0,39.0,not_computed_default_lightweight
mpdd_personality_counterfactual_age_swap,MPDD-AVG-2026,Personality,ordinal severity prediction,personality TF-IDF + Logistic with age-group counterfactual swap,ordinal_prediction,personality_conscientiousness_bin,mid,Brier Score,0.6741173842430385,0.02268288524607096,,,5,39.0,39.0,not_computed_default_lightweight
mpdd_personality_counterfactual_age_swap,MPDD-AVG-2026,Personality,ordinal severity prediction,personality TF-IDF + Logistic with age-group counterfactual swap,ordinal_prediction,personality_conscientiousness_bin,mid,Calibration Gap,0.07329652454335726,0.03133118058579737,,,5,39.0,39.0,not_computed_default_lightweight
mpdd_personality_counterfactual_age_swap,MPDD-AVG-2026,Personality,ordinal severity prediction,personality TF-IDF + Logistic with age-group counterfactual swap,ordinal_prediction,personality_conscientiousness_bin,mid,ECE,0.1518276121835136,0.053794655897111764,,,5,39.0,39.0,not_computed_default_lightweight
mpdd_personality_counterfactual_age_swap,MPDD-AVG-2026,Personality,ordinal severity prediction,personality TF-IDF + Logistic with age-group counterfactual swap,ordinal_prediction,personality_conscientiousness_bin,mid,Macro-F1,0.2754379442648033,0.016937041566598587,,,5,39.0,39.0,not_computed_default_lightweight
mpdd_personality_counterfactual_age_swap,MPDD-AVG-2026,Personality,ordinal severity prediction,personality TF-IDF + Logistic with age-group counterfactual swap,ordinal_prediction,personality_conscientiousness_bin,mid,Mean Confidence,0.5297067809536137,0.005204493035414924,,,5,39.0,39.0,not_computed_default_lightweight
mpdd_personality_counterfactual_age_swap,MPDD-AVG-2026,Personality,ordinal severity prediction,personality TF-IDF + Logistic with age-group counterfactual swap,ordinal_prediction,personality_conscientiousness_bin,mid,Ordinal MAE,0.7282051282051281,0.0699393933178762,,,5,39.0,39.0,not_computed_default_lightweight
mpdd_personality_counterfactual_age_swap,MPDD-AVG-2026,Personality,ordinal severity prediction,personality TF-IDF + Logistic with age-group counterfactual swap,ordinal_prediction,personality_conscientiousness_bin,mid,Prediction Bias,0.13333333333333333,0.029902317409463083,,,5,39.0,39.0,not_computed_default_lightweight
mpdd_personality_counterfactual_age_swap,MPDD-AVG-2026,Personality,ordinal severity prediction,personality TF-IDF + Logistic with age-group counterfactual swap,ordinal_prediction,personality_conscientiousness_bin,mid,QWK,-0.0649052506224225,0.1500781822209569,,,5,39.0,39.0,not_computed_default_lightweight
mpdd_personality_counterfactual_age_swap,MPDD-AVG-2026,Personality,ordinal severity prediction,personality TF-IDF + Logistic with age-group counterfactual swap,ordinal_prediction,personality_conscientiousness_bin,mid,True Label Probability,0.3645537759178915,0.012242677714093084,,,5,39.0,39.0,not_computed_default_lightweight
mpdd_personality_counterfactual_age_swap,MPDD-AVG-2026,Personality,ordinal severity prediction,personality TF-IDF + Logistic with age-group counterfactual swap,ordinal_prediction,personality_conscientiousness_bin,unknown,Accuracy,0.39230769230769236,0.0923076923076923,,,5,26.0,26.0,not_computed_default_lightweight
mpdd_personality_counterfactual_age_swap,MPDD-AVG-2026,Personality,ordinal severity prediction,personality TF-IDF + Logistic with age-group counterfactual swap,ordinal_prediction,personality_conscientiousness_bin,unknown,Brier Score,0.6867991730485637,0.05775359937726519,,,5,26.0,26.0,not_computed_default_lightweight
mpdd_personality_counterfactual_age_swap,MPDD-AVG-2026,Personality,ordinal severity prediction,personality TF-IDF + Logistic with age-group counterfactual swap,ordinal_prediction,personality_conscientiousness_bin,unknown,Calibration Gap,0.10306220364764448,0.1037580670382377,,,5,26.0,26.0,not_computed_default_lightweight
mpdd_personality_counterfactual_age_swap,MPDD-AVG-2026,Personality,ordinal severity prediction,personality TF-IDF + Logistic with age-group counterfactual swap,ordinal_prediction,personality_conscientiousness_bin,unknown,ECE,0.15814353799365882,0.044712187628086354,,,5,26.0,26.0,not_computed_default_lightweight
mpdd_personality_counterfactual_age_swap,MPDD-AVG-2026,Personality,ordinal severity prediction,personality TF-IDF + Logistic with age-group counterfactual swap,ordinal_prediction,personality_conscientiousness_bin,unknown,Macro-F1,0.2578582518575757,0.05830743947714513,,,5,26.0,26.0,not_computed_default_lightweight
mpdd_personality_counterfactual_age_swap,MPDD-AVG-2026,Personality,ordinal severity prediction,personality TF-IDF + Logistic with age-group counterfactual swap,ordinal_prediction,personality_conscientiousness_bin,unknown,Mean Confidence,0.49536989595533676,0.014686151506442478,,,5,26.0,26.0,not_computed_default_lightweight
mpdd_personality_counterfactual_age_swap,MPDD-AVG-2026,Personality,ordinal severity prediction,personality TF-IDF + Logistic with age-group counterfactual swap,ordinal_prediction,personality_conscientiousness_bin,unknown,Ordinal MAE,0.7384615384615385,0.0923076923076923,,,5,26.0,26.0,not_computed_default_lightweight
mpdd_personality_counterfactual_age_swap,MPDD-AVG-2026,Personality,ordinal severity prediction,personality TF-IDF + Logistic with age-group counterfactual swap,ordinal_prediction,personality_conscientiousness_bin,unknown,Prediction Bias,0.13846153846153847,0.08970695222838924,,,5,26.0,26.0,not_computed_default_lightweight
mpdd_personality_counterfactual_age_swap,MPDD-AVG-2026,Personality,ordinal severity prediction,personality TF-IDF + Logistic with age-group counterfactual swap,ordinal_prediction,personality_conscientiousness_bin,unknown,QWK,-0.027913189006010142,0.11369368557255038,,,5,26.0,26.0,not_computed_default_lightweight
mpdd_personality_counterfactual_age_swap,MPDD-AVG-2026,Personality,ordinal severity prediction,personality TF-IDF + Logistic with age-group counterfactual swap,ordinal_prediction,personality_conscientiousness_bin,unknown,True Label Probability,0.3500923944795593,0.0255203702356132,,,5,26.0,26.0,not_computed_default_lightweight
mpdd_personality_counterfactual_age_swap,MPDD-AVG-2026,Personality,ordinal severity prediction,personality TF-IDF + Logistic with age-group counterfactual swap,ordinal_prediction,personality_extraversion_bin,high,Accuracy,0.3923076923076923,0.06617173282340483,,,5,26.0,26.0,not_computed_default_lightweight
mpdd_personality_counterfactual_age_swap,MPDD-AVG-2026,Personality,ordinal severity prediction,personality TF-IDF + Logistic with age-group counterfactual swap,ordinal_prediction,personality_extraversion_bin,high,Brier Score,0.7140907973794143,0.02963372319436817,,,5,26.0,26.0,not_computed_default_lightweight
mpdd_personality_counterfactual_age_swap,MPDD-AVG-2026,Personality,ordinal severity prediction,personality TF-IDF + Logistic with age-group counterfactual swap,ordinal_prediction,personality_extraversion_bin,high,Calibration Gap,0.12342702453531276,0.06076773009079509,,,5,26.0,26.0,not_computed_default_lightweight
mpdd_personality_counterfactual_age_swap,MPDD-AVG-2026,Personality,ordinal severity prediction,personality TF-IDF + Logistic with age-group counterfactual swap,ordinal_prediction,personality_extraversion_bin,high,ECE,0.21764488887113131,0.02649333753512121,,,5,26.0,26.0,not_computed_default_lightweight
mpdd_personality_counterfactual_age_swap,MPDD-AVG-2026,Personality,ordinal severity prediction,personality TF-IDF + Logistic with age-group counterfactual swap,ordinal_prediction,personality_extraversion_bin,high,Macro-F1,0.2276242357836286,0.024850024619978907,,,5,26.0,26.0,not_computed_default_lightweight
mpdd_personality_counterfactual_age_swap,MPDD-AVG-2026,Personality,ordinal severity prediction,personality TF-IDF + Logistic with age-group counterfactual swap,ordinal_prediction,personality_extraversion_bin,high,Mean Confidence,0.515734716843005,0.01369775508440526,,,5,26.0,26.0,not_computed_default_lightweight
mpdd_personality_counterfactual_age_swap,MPDD-AVG-2026,Personality,ordinal severity prediction,personality TF-IDF + Logistic with age-group counterfactual swap,ordinal_prediction,personality_extraversion_bin,high,Ordinal MAE,0.8230769230769232,0.08634593969478327,,,5,26.0,26.0,not_computed_default_lightweight
mpdd_personality_counterfactual_age_swap,MPDD-AVG-2026,Personality,ordinal severity prediction,personality TF-IDF + Logistic with age-group counterfactual swap,ordinal_prediction,personality_extraversion_bin,high,Prediction Bias,0.23846153846153845,0.11252876029482917,,,5,26.0,26.0,not_computed_default_lightweight
mpdd_personality_counterfactual_age_swap,MPDD-AVG-2026,Personality,ordinal severity prediction,personality TF-IDF + Logistic with age-group counterfactual swap,ordinal_prediction,personality_extraversion_bin,high,QWK,-0.19755442870557735,0.07393232304845224,,,5,26.0,26.0,not_computed_default_lightweight
mpdd_personality_counterfactual_age_swap,MPDD-AVG-2026,Personality,ordinal severity prediction,personality TF-IDF + Logistic with age-group counterfactual swap,ordinal_prediction,personality_extraversion_bin,high,True Label Probability,0.3410341127685554,0.016897121885772796,,,5,26.0,26.0,not_computed_default_lightweight
mpdd_personality_counterfactual_age_swap,MPDD-AVG-2026,Personality,ordinal severity prediction,personality TF-IDF + Logistic with age-group counterfactual swap,ordinal_prediction,personality_extraversion_bin,low,Accuracy,0.392,0.027129319932501075,,,5,50.0,50.0,not_computed_default_lightweight
mpdd_personality_counterfactual_age_swap,MPDD-AVG-2026,Personality,ordinal severity prediction,personality TF-IDF + Logistic with age-group counterfactual swap,ordinal_prediction,personality_extraversion_bin,low,Brier Score,0.7088730884340503,0.02199642539840823,,,5,50.0,50.0,not_computed_default_lightweight
mpdd_personality_counterfactual_age_swap,MPDD-AVG-2026,Personality,ordinal severity prediction,personality TF-IDF + Logistic with age-group counterfactual swap,ordinal_prediction,personality_extraversion_bin,low,Calibration Gap,0.13142145559029533,0.03054552299504615,,,5,50.0,50.0,not_computed_default_lightweight
mpdd_personality_counterfactual_age_swap,MPDD-AVG-2026,Personality,ordinal severity prediction,personality TF-IDF + Logistic with age-group counterfactual swap,ordinal_prediction,personality_extraversion_bin,low,ECE,0.16253230069185293,0.031405997541525135,,,5,50.0,50.0,not_computed_default_lightweight
mpdd_personality_counterfactual_age_swap,MPDD-AVG-2026,Personality,ordinal severity prediction,personality TF-IDF + Logistic with age-group counterfactual swap,ordinal_prediction,personality_extraversion_bin,low,Macro-F1,0.29229054736403226,0.03257072555597031,,,5,50.0,50.0,not_computed_default_lightweight
mpdd_personality_counterfactual_age_swap,MPDD-AVG-2026,Personality,ordinal severity prediction,personality TF-IDF + Logistic with age-group counterfactual swap,ordinal_prediction,personality_extraversion_bin,low,Mean Confidence,0.5234214555902954,0.00519002966567123,,,5,50.0,50.0,not_computed_default_lightweight
mpdd_personality_counterfactual_age_swap,MPDD-AVG-2026,Personality,ordinal severity prediction,personality TF-IDF + Logistic with age-group counterfactual swap,ordinal_prediction,personality_extraversion_bin,low,Ordinal MAE,0.756,0.04270831300812525,,,5,50.0,50.0,not_computed_default_lightweight
mpdd_personality_counterfactual_age_swap,MPDD-AVG-2026,Personality,ordinal severity prediction,personality TF-IDF + Logistic with age-group counterfactual swap,ordinal_prediction,personality_extraversion_bin,low,Prediction Bias,-0.22000000000000003,0.07694153624668539,,,5,50.0,50.0,not_computed_default_lightweight
mpdd_personality_counterfactual_age_swap,MPDD-AVG-2026,Personality,ordinal severity prediction,personality TF-IDF + Logistic with age-group counterfactual swap,ordinal_prediction,personality_extraversion_bin,low,QWK,-0.06166579228178013,0.10195219064830051,,,5,50.0,50.0,not_computed_default_lightweight
mpdd_personality_counterfactual_age_swap,MPDD-AVG-2026,Personality,ordinal severity prediction,personality TF-IDF + Logistic with age-group counterfactual swap,ordinal_prediction,personality_extraversion_bin,low,True Label Probability,0.34537194618581873,0.010949144345709094,,,5,50.0,50.0,not_computed_default_lightweight
mpdd_personality_counterfactual_age_swap,MPDD-AVG-2026,Personality,ordinal severity prediction,personality TF-IDF + Logistic with age-group counterfactual swap,ordinal_prediction,personality_extraversion_bin,mid,Accuracy,0.4530612244897959,0.03511153170221481,,,5,49.0,49.0,not_computed_default_lightweight
mpdd_personality_counterfactual_age_swap,MPDD-AVG-2026,Personality,ordinal severity prediction,personality TF-IDF + Logistic with age-group counterfactual swap,ordinal_prediction,personality_extraversion_bin,mid,Brier Score,0.648771922558133,0.025088896780537197,,,5,49.0,49.0,not_computed_default_lightweight
mpdd_personality_counterfactual_age_swap,MPDD-AVG-2026,Personality,ordinal severity prediction,personality TF-IDF + Logistic with age-group counterfactual swap,ordinal_prediction,personality_extraversion_bin,mid,Calibration Gap,0.06987072964899871,0.03501395686120184,,,5,49.0,49.0,not_computed_default_lightweight
mpdd_personality_counterfactual_age_swap,MPDD-AVG-2026,Personality,ordinal severity prediction,personality TF-IDF + Logistic with age-group counterfactual swap,ordinal_prediction,personality_extraversion_bin,mid,ECE,0.12753001832032695,0.03262218674796526,,,5,49.0,49.0,not_computed_default_lightweight
mpdd_personality_counterfactual_age_swap,MPDD-AVG-2026,Personality,ordinal severity prediction,personality TF-IDF + Logistic with age-group counterfactual swap,ordinal_prediction,personality_extraversion_bin,mid,Macro-F1,0.29083913664206273,0.022736215309158137,,,5,49.0,49.0,not_computed_default_lightweight
mpdd_personality_counterfactual_age_swap,MPDD-AVG-2026,Personality,ordinal severity prediction,personality TF-IDF + Logistic with age-group counterfactual swap,ordinal_prediction,personality_extraversion_bin,mid,Mean Confidence,0.5229319541387947,0.004543904793997863,,,5,49.0,49.0,not_computed_default_lightweight
mpdd_personality_counterfactual_age_swap,MPDD-AVG-2026,Personality,ordinal severity prediction,personality TF-IDF + Logistic with age-group counterfactual swap,ordinal_prediction,personality_extraversion_bin,mid,Ordinal MAE,0.6653061224489795,0.08122346425360165,,,5,49.0,49.0,not_computed_default_lightweight
mpdd_personality_counterfactual_age_swap,MPDD-AVG-2026,Personality,ordinal severity prediction,personality TF-IDF + Logistic with age-group counterfactual swap,ordinal_prediction,personality_extraversion_bin,mid,Prediction Bias,0.09387755102040815,0.07914579359047066,,,5,49.0,49.0,not_computed_default_lightweight
mpdd_personality_counterfactual_age_swap,MPDD-AVG-2026,Personality,ordinal severity prediction,personality TF-IDF + Logistic with age-group counterfactual swap,ordinal_prediction,personality_extraversion_bin,mid,QWK,0.006822295743167506,0.13725104315471232,,,5,49.0,49.0,not_computed_default_lightweight
mpdd_personality_counterfactual_age_swap,MPDD-AVG-2026,Personality,ordinal severity prediction,personality TF-IDF + Logistic with age-group counterfactual swap,ordinal_prediction,personality_extraversion_bin,mid,True Label Probability,0.3743767752435088,0.012688611403247216,,,5,49.0,49.0,not_computed_default_lightweight
mpdd_personality_counterfactual_age_swap,MPDD-AVG-2026,Personality,ordinal severity prediction,personality TF-IDF + Logistic with age-group counterfactual swap,ordinal_prediction,personality_extraversion_bin,unknown,Accuracy,0.388,0.060133185513491644,,,5,50.0,50.0,not_computed_default_lightweight
mpdd_personality_counterfactual_age_swap,MPDD-AVG-2026,Personality,ordinal severity prediction,personality TF-IDF + Logistic with age-group counterfactual swap,ordinal_prediction,personality_extraversion_bin,unknown,Brier Score,0.7062146518639997,0.036298276091629396,,,5,50.0,50.0,not_computed_default_lightweight
mpdd_personality_counterfactual_age_swap,MPDD-AVG-2026,Personality,ordinal severity prediction,personality TF-IDF + Logistic with age-group counterfactual swap,ordinal_prediction,personality_extraversion_bin,unknown,Calibration Gap,0.11030174650069594,0.06521151731434868,,,5,50.0,50.0,not_computed_default_lightweight
mpdd_personality_counterfactual_age_swap,MPDD-AVG-2026,Personality,ordinal severity prediction,personality TF-IDF + Logistic with age-group counterfactual swap,ordinal_prediction,personality_extraversion_bin,unknown,ECE,0.15944392979128233,0.04850076988305516,,,5,50.0,50.0,not_computed_default_lightweight
mpdd_personality_counterfactual_age_swap,MPDD-AVG-2026,Personality,ordinal severity prediction,personality TF-IDF + Logistic with age-group counterfactual swap,ordinal_prediction,personality_extraversion_bin,unknown,Macro-F1,0.31125106828770305,0.04238637736650627,,,5,50.0,50.0,not_computed_default_lightweight
mpdd_personality_counterfactual_age_swap,MPDD-AVG-2026,Personality,ordinal severity prediction,personality TF-IDF + Logistic with age-group counterfactual swap,ordinal_prediction,personality_extraversion_bin,unknown,Mean Confidence,0.4983017465006959,0.0061406615343924855,,,5,50.0,50.0,not_computed_default_lightweight
mpdd_personality_counterfactual_age_swap,MPDD-AVG-2026,Personality,ordinal severity prediction,personality TF-IDF + Logistic with age-group counterfactual swap,ordinal_prediction,personality_extraversion_bin,unknown,Ordinal MAE,0.756,0.05571355310873647,,,5,50.0,50.0,not_computed_default_lightweight
mpdd_personality_counterfactual_age_swap,MPDD-AVG-2026,Personality,ordinal severity prediction,personality TF-IDF + Logistic with age-group counterfactual swap,ordinal_prediction,personality_extraversion_bin,unknown,Prediction Bias,0.11600000000000002,0.11128342194594844,,,5,50.0,50.0,not_computed_default_lightweight
mpdd_personality_counterfactual_age_swap,MPDD-AVG-2026,Personality,ordinal severity prediction,personality TF-IDF + Logistic with age-group counterfactual swap,ordinal_prediction,personality_extraversion_bin,unknown,QWK,0.016173443059651536,0.07380783527037066,,,5,50.0,50.0,not_computed_default_lightweight
mpdd_personality_counterfactual_age_swap,MPDD-AVG-2026,Personality,ordinal severity prediction,personality TF-IDF + Logistic with age-group counterfactual swap,ordinal_prediction,personality_extraversion_bin,unknown,True Label Probability,0.3416202427804126,0.01750173269291451,,,5,50.0,50.0,not_computed_default_lightweight
mpdd_personality_counterfactual_age_swap,MPDD-AVG-2026,Personality,ordinal severity prediction,personality TF-IDF + Logistic with age-group counterfactual swap,ordinal_prediction,personality_neuroticism_bin,high,Accuracy,0.38095238095238093,0.13468700594029473,,,5,21.0,21.0,not_computed_default_lightweight
mpdd_personality_counterfactual_age_swap,MPDD-AVG-2026,Personality,ordinal severity prediction,personality TF-IDF + Logistic with age-group counterfactual swap,ordinal_prediction,personality_neuroticism_bin,high,Brier Score,0.7086138303414826,0.07660261243574112,,,5,21.0,21.0,not_computed_default_lightweight
mpdd_personality_counterfactual_age_swap,MPDD-AVG-2026,Personality,ordinal severity prediction,personality TF-IDF + Logistic with age-group counterfactual swap,ordinal_prediction,personality_neuroticism_bin,high,Calibration Gap,0.1272596789201313,0.12986685813450696,,,5,21.0,21.0,not_computed_default_lightweight
mpdd_personality_counterfactual_age_swap,MPDD-AVG-2026,Personality,ordinal severity prediction,personality TF-IDF + Logistic with age-group counterfactual swap,ordinal_prediction,personality_neuroticism_bin,high,ECE,0.17837619497574717,0.0890682635811746,,,5,21.0,21.0,not_computed_default_lightweight
mpdd_personality_counterfactual_age_swap,MPDD-AVG-2026,Personality,ordinal severity prediction,personality TF-IDF + Logistic with age-group counterfactual swap,ordinal_prediction,personality_neuroticism_bin,high,Macro-F1,0.3117221976509902,0.12989253355981661,,,5,21.0,21.0,not_computed_default_lightweight
mpdd_personality_counterfactual_age_swap,MPDD-AVG-2026,Personality,ordinal severity prediction,personality TF-IDF + Logistic with age-group counterfactual swap,ordinal_prediction,personality_neuroticism_bin,high,Mean Confidence,0.5082120598725122,0.020897240346618884,,,5,21.0,21.0,not_computed_default_lightweight
mpdd_personality_counterfactual_age_swap,MPDD-AVG-2026,Personality,ordinal severity prediction,personality TF-IDF + Logistic with age-group counterfactual swap,ordinal_prediction,personality_neuroticism_bin,high,Ordinal MAE,0.8285714285714285,0.1553286326695247,,,5,21.0,21.0,not_computed_default_lightweight
mpdd_personality_counterfactual_age_swap,MPDD-AVG-2026,Personality,ordinal severity prediction,personality TF-IDF + Logistic with age-group counterfactual swap,ordinal_prediction,personality_neuroticism_bin,high,Prediction Bias,-0.19999999999999998,0.08192690730516787,,,5,21.0,21.0,not_computed_default_lightweight
mpdd_personality_counterfactual_age_swap,MPDD-AVG-2026,Personality,ordinal severity prediction,personality TF-IDF + Logistic with age-group counterfactual swap,ordinal_prediction,personality_neuroticism_bin,high,QWK,-0.18303041381283275,0.26735958437719065,,,5,21.0,21.0,not_computed_default_lightweight
mpdd_personality_counterfactual_age_swap,MPDD-AVG-2026,Personality,ordinal severity prediction,personality TF-IDF + Logistic with age-group counterfactual swap,ordinal_prediction,personality_neuroticism_bin,high,True Label Probability,0.3418484635497669,0.039608616991941965,,,5,21.0,21.0,not_computed_default_lightweight
mpdd_personality_counterfactual_age_swap,MPDD-AVG-2026,Personality,ordinal severity prediction,personality TF-IDF + Logistic with age-group counterfactual swap,ordinal_prediction,personality_neuroticism_bin,low,Accuracy,0.4870967741935484,0.023704739446288817,,,5,62.0,62.0,not_computed_default_lightweight
mpdd_personality_counterfactual_age_swap,MPDD-AVG-2026,Personality,ordinal severity prediction,personality TF-IDF + Logistic with age-group counterfactual swap,ordinal_prediction,personality_neuroticism_bin,low,Brier Score,0.6406117377708005,0.01948822426259335,,,5,62.0,62.0,not_computed_default_lightweight
mpdd_personality_counterfactual_age_swap,MPDD-AVG-2026,Personality,ordinal severity prediction,personality TF-IDF + Logistic with age-group counterfactual swap,ordinal_prediction,personality_neuroticism_bin,low,Calibration Gap,0.03398302854894138,0.018055333455436636,,,5,62.0,62.0,not_computed_default_lightweight
mpdd_personality_counterfactual_age_swap,MPDD-AVG-2026,Personality,ordinal severity prediction,personality TF-IDF + Logistic with age-group counterfactual swap,ordinal_prediction,personality_neuroticism_bin,low,ECE,0.1063265918021771,0.02789605611444134,,,5,62.0,62.0,not_computed_default_lightweight
mpdd_personality_counterfactual_age_swap,MPDD-AVG-2026,Personality,ordinal severity prediction,personality TF-IDF + Logistic with age-group counterfactual swap,ordinal_prediction,personality_neuroticism_bin,low,Macro-F1,0.29886839125599496,0.0023254610912143135,,,5,62.0,62.0,not_computed_default_lightweight
mpdd_personality_counterfactual_age_swap,MPDD-AVG-2026,Personality,ordinal severity prediction,personality TF-IDF + Logistic with age-group counterfactual swap,ordinal_prediction,personality_neuroticism_bin,low,Mean Confidence,0.5210798027424898,0.006868279787157057,,,5,62.0,62.0,not_computed_default_lightweight
mpdd_personality_counterfactual_age_swap,MPDD-AVG-2026,Personality,ordinal severity prediction,personality TF-IDF + Logistic with age-group counterfactual swap,ordinal_prediction,personality_neuroticism_bin,low,Ordinal MAE,0.6129032258064516,0.03533693919388165,,,5,62.0,62.0,not_computed_default_lightweight
mpdd_personality_counterfactual_age_swap,MPDD-AVG-2026,Personality,ordinal severity prediction,personality TF-IDF + Logistic with age-group counterfactual swap,ordinal_prediction,personality_neuroticism_bin,low,Prediction Bias,0.07096774193548387,0.08262095790235933,,,5,62.0,62.0,not_computed_default_lightweight
mpdd_personality_counterfactual_age_swap,MPDD-AVG-2026,Personality,ordinal severity prediction,personality TF-IDF + Logistic with age-group counterfactual swap,ordinal_prediction,personality_neuroticism_bin,low,QWK,0.005718990372200095,0.12401314717425031,,,5,62.0,62.0,not_computed_default_lightweight
mpdd_personality_counterfactual_age_swap,MPDD-AVG-2026,Personality,ordinal severity prediction,personality TF-IDF + Logistic with age-group counterfactual swap,ordinal_prediction,personality_neuroticism_bin,low,True Label Probability,0.37875611830902933,0.010732685852046507,,,5,62.0,62.0,not_computed_default_lightweight
mpdd_personality_counterfactual_age_swap,MPDD-AVG-2026,Personality,ordinal severity prediction,personality TF-IDF + Logistic with age-group counterfactual swap,ordinal_prediction,personality_neuroticism_bin,mid,Accuracy,0.34285714285714286,0.03265306122448981,,,5,49.0,49.0,not_computed_default_lightweight
mpdd_personality_counterfactual_age_swap,MPDD-AVG-2026,Personality,ordinal severity prediction,personality TF-IDF + Logistic with age-group counterfactual swap,ordinal_prediction,personality_neuroticism_bin,mid,Brier Score,0.7339127551089011,0.029949434751537808,,,5,49.0,49.0,not_computed_default_lightweight
mpdd_personality_counterfactual_age_swap,MPDD-AVG-2026,Personality,ordinal severity prediction,personality TF-IDF + Logistic with age-group counterfactual swap,ordinal_prediction,personality_neuroticism_bin,mid,Calibration Gap,0.1801269153741066,0.03719587558798591,,,5,49.0,49.0,not_computed_default_lightweight
mpdd_personality_counterfactual_age_swap,MPDD-AVG-2026,Personality,ordinal severity prediction,personality TF-IDF + Logistic with age-group counterfactual swap,ordinal_prediction,personality_neuroticism_bin,mid,ECE,0.2044467535103581,0.028670037892480814,,,5,49.0,49.0,not_computed_default_lightweight
mpdd_personality_counterfactual_age_swap,MPDD-AVG-2026,Personality,ordinal severity prediction,personality TF-IDF + Logistic with age-group counterfactual swap,ordinal_prediction,personality_neuroticism_bin,mid,Macro-F1,0.25754379993578486,0.030389526157355892,,,5,49.0,49.0,not_computed_default_lightweight
mpdd_personality_counterfactual_age_swap,MPDD-AVG-2026,Personality,ordinal severity prediction,personality TF-IDF + Logistic with age-group counterfactual swap,ordinal_prediction,personality_neuroticism_bin,mid,Mean Confidence,0.5229840582312495,0.006360470181144361,,,5,49.0,49.0,not_computed_default_lightweight
mpdd_personality_counterfactual_age_swap,MPDD-AVG-2026,Personality,ordinal severity prediction,personality TF-IDF + Logistic with age-group counterfactual swap,ordinal_prediction,personality_neuroticism_bin,mid,Ordinal MAE,0.8653061224489795,0.07369579626639913,,,5,49.0,49.0,not_computed_default_lightweight
mpdd_personality_counterfactual_age_swap,MPDD-AVG-2026,Personality,ordinal severity prediction,personality TF-IDF + Logistic with age-group counterfactual swap,ordinal_prediction,personality_neuroticism_bin,mid,Prediction Bias,-0.23673469387755103,0.0640179066994209,,,5,49.0,49.0,not_computed_default_lightweight
mpdd_personality_counterfactual_age_swap,MPDD-AVG-2026,Personality,ordinal severity prediction,personality TF-IDF + Logistic with age-group counterfactual swap,ordinal_prediction,personality_neuroticism_bin,mid,QWK,-0.08456671554962263,0.10863169791213043,,,5,49.0,49.0,not_computed_default_lightweight
mpdd_personality_counterfactual_age_swap,MPDD-AVG-2026,Personality,ordinal severity prediction,personality TF-IDF + Logistic with age-group counterfactual swap,ordinal_prediction,personality_neuroticism_bin,mid,True Label Probability,0.3326307561229557,0.01340361219305486,,,5,49.0,49.0,not_computed_default_lightweight
mpdd_personality_counterfactual_age_swap,MPDD-AVG-2026,Personality,ordinal severity prediction,personality TF-IDF + Logistic with age-group counterfactual swap,ordinal_prediction,personality_neuroticism_bin,unknown,Accuracy,0.3813953488372093,0.05992604058941919,,,5,43.0,43.0,not_computed_default_lightweight
mpdd_personality_counterfactual_age_swap,MPDD-AVG-2026,Personality,ordinal severity prediction,personality TF-IDF + Logistic with age-group counterfactual swap,ordinal_prediction,personality_neuroticism_bin,unknown,Brier Score,0.7104657854143921,0.027296066715611363,,,5,43.0,43.0,not_computed_default_lightweight
mpdd_personality_counterfactual_age_swap,MPDD-AVG-2026,Personality,ordinal severity prediction,personality TF-IDF + Logistic with age-group counterfactual swap,ordinal_prediction,personality_neuroticism_bin,unknown,Calibration Gap,0.11891415382744848,0.060960621584926225,,,5,43.0,43.0,not_computed_default_lightweight
mpdd_personality_counterfactual_age_swap,MPDD-AVG-2026,Personality,ordinal severity prediction,personality TF-IDF + Logistic with age-group counterfactual swap,ordinal_prediction,personality_neuroticism_bin,unknown,ECE,0.19259789110402217,0.031123699986100088,,,5,43.0,43.0,not_computed_default_lightweight
mpdd_personality_counterfactual_age_swap,MPDD-AVG-2026,Personality,ordinal severity prediction,personality TF-IDF + Logistic with age-group counterfactual swap,ordinal_prediction,personality_neuroticism_bin,unknown,Macro-F1,0.2881398247842706,0.07167026943191843,,,5,43.0,43.0,not_computed_default_lightweight
mpdd_personality_counterfactual_age_swap,MPDD-AVG-2026,Personality,ordinal severity prediction,personality TF-IDF + Logistic with age-group counterfactual swap,ordinal_prediction,personality_neuroticism_bin,unknown,Mean Confidence,0.5003095026646578,0.009378499004289635,,,5,43.0,43.0,not_computed_default_lightweight
mpdd_personality_counterfactual_age_swap,MPDD-AVG-2026,Personality,ordinal severity prediction,personality TF-IDF + Logistic with age-group counterfactual swap,ordinal_prediction,personality_neuroticism_bin,unknown,Ordinal MAE,0.7395348837209303,0.08241881463567143,,,5,43.0,43.0,not_computed_default_lightweight
mpdd_personality_counterfactual_age_swap,MPDD-AVG-2026,Personality,ordinal severity prediction,personality TF-IDF + Logistic with age-group counterfactual swap,ordinal_prediction,personality_neuroticism_bin,unknown,Prediction Bias,0.3953488372093023,0.10707780868112872,,,5,43.0,43.0,not_computed_default_lightweight
mpdd_personality_counterfactual_age_swap,MPDD-AVG-2026,Personality,ordinal severity prediction,personality TF-IDF + Logistic with age-group counterfactual swap,ordinal_prediction,personality_neuroticism_bin,unknown,QWK,0.054322357547928066,0.09470288143528424,,,5,43.0,43.0,not_computed_default_lightweight
mpdd_personality_counterfactual_age_swap,MPDD-AVG-2026,Personality,ordinal severity prediction,personality TF-IDF + Logistic with age-group counterfactual swap,ordinal_prediction,personality_neuroticism_bin,unknown,True Label Probability,0.339543122034795,0.013327829220157532,,,5,43.0,43.0,not_computed_default_lightweight
mpdd_personality_counterfactual_age_swap,MPDD-AVG-2026,Personality,ordinal severity prediction,personality TF-IDF + Logistic with age-group counterfactual swap,ordinal_prediction,personality_openness_bin,high,Accuracy,0.36,0.08,,,5,25.0,25.0,not_computed_default_lightweight
mpdd_personality_counterfactual_age_swap,MPDD-AVG-2026,Personality,ordinal severity prediction,personality TF-IDF + Logistic with age-group counterfactual swap,ordinal_prediction,personality_openness_bin,high,Brier Score,0.7399485581034946,0.04017046626124946,,,5,25.0,25.0,not_computed_default_lightweight
mpdd_personality_counterfactual_age_swap,MPDD-AVG-2026,Personality,ordinal severity prediction,personality TF-IDF + Logistic with age-group counterfactual swap,ordinal_prediction,personality_openness_bin,high,Calibration Gap,0.15963682126347697,0.07610309940812454,,,5,25.0,25.0,not_computed_default_lightweight
mpdd_personality_counterfactual_age_swap,MPDD-AVG-2026,Personality,ordinal severity prediction,personality TF-IDF + Logistic with age-group counterfactual swap,ordinal_prediction,personality_openness_bin,high,ECE,0.2017942605226355,0.05166946336982149,,,5,25.0,25.0,not_computed_default_lightweight
mpdd_personality_counterfactual_age_swap,MPDD-AVG-2026,Personality,ordinal severity prediction,personality TF-IDF + Logistic with age-group counterfactual swap,ordinal_prediction,personality_openness_bin,high,Macro-F1,0.3007139483610072,0.08321302063300938,,,5,25.0,25.0,not_computed_default_lightweight
mpdd_personality_counterfactual_age_swap,MPDD-AVG-2026,Personality,ordinal severity prediction,personality TF-IDF + Logistic with age-group counterfactual swap,ordinal_prediction,personality_openness_bin,high,Mean Confidence,0.519636821263477,0.00788515907644884,,,5,25.0,25.0,not_computed_default_lightweight
mpdd_personality_counterfactual_age_swap,MPDD-AVG-2026,Personality,ordinal severity prediction,personality TF-IDF + Logistic with age-group counterfactual swap,ordinal_prediction,personality_openness_bin,high,Ordinal MAE,0.8719999999999999,0.11142710621747294,,,5,25.0,25.0,not_computed_default_lightweight
mpdd_personality_counterfactual_age_swap,MPDD-AVG-2026,Personality,ordinal severity prediction,personality TF-IDF + Logistic with age-group counterfactual swap,ordinal_prediction,personality_openness_bin,high,Prediction Bias,-0.04,0.09797958971132713,,,5,25.0,25.0,not_computed_default_lightweight
mpdd_personality_counterfactual_age_swap,MPDD-AVG-2026,Personality,ordinal severity prediction,personality TF-IDF + Logistic with age-group counterfactual swap,ordinal_prediction,personality_openness_bin,high,QWK,-0.14341780360295575,0.15865660634192308,,,5,25.0,25.0,not_computed_default_lightweight
mpdd_personality_counterfactual_age_swap,MPDD-AVG-2026,Personality,ordinal severity prediction,personality TF-IDF + Logistic with age-group counterfactual swap,ordinal_prediction,personality_openness_bin,high,True Label Probability,0.32823296915113603,0.02086286439740762,,,5,25.0,25.0,not_computed_default_lightweight
mpdd_personality_counterfactual_age_swap,MPDD-AVG-2026,Personality,ordinal severity prediction,personality TF-IDF + Logistic with age-group counterfactual swap,ordinal_prediction,personality_openness_bin,low,Accuracy,0.3942857142857143,0.021380899352993938,,,5,70.0,70.0,not_computed_default_lightweight
mpdd_personality_counterfactual_age_swap,MPDD-AVG-2026,Personality,ordinal severity prediction,personality TF-IDF + Logistic with age-group counterfactual swap,ordinal_prediction,personality_openness_bin,low,Brier Score,0.699809399517825,0.01425164028590842,,,5,70.0,70.0,not_computed_default_lightweight
mpdd_personality_counterfactual_age_swap,MPDD-AVG-2026,Personality,ordinal severity prediction,personality TF-IDF + Logistic with age-group counterfactual swap,ordinal_prediction,personality_openness_bin,low,Calibration Gap,0.1283265923730828,0.024177532924234864,,,5,70.0,70.0,not_computed_default_lightweight
mpdd_personality_counterfactual_age_swap,MPDD-AVG-2026,Personality,ordinal severity prediction,personality TF-IDF + Logistic with age-group counterfactual swap,ordinal_prediction,personality_openness_bin,low,ECE,0.17081326830574767,0.046520771655703785,,,5,70.0,70.0,not_computed_default_lightweight
mpdd_personality_counterfactual_age_swap,MPDD-AVG-2026,Personality,ordinal severity prediction,personality TF-IDF + Logistic with age-group counterfactual swap,ordinal_prediction,personality_openness_bin,low,Macro-F1,0.2887358995159996,0.042888932519359824,,,5,70.0,70.0,not_computed_default_lightweight
mpdd_personality_counterfactual_age_swap,MPDD-AVG-2026,Personality,ordinal severity prediction,personality TF-IDF + Logistic with age-group counterfactual swap,ordinal_prediction,personality_openness_bin,low,Mean Confidence,0.522612306658797,0.004513587313914969,,,5,70.0,70.0,not_computed_default_lightweight
mpdd_personality_counterfactual_age_swap,MPDD-AVG-2026,Personality,ordinal severity prediction,personality TF-IDF + Logistic with age-group counterfactual swap,ordinal_prediction,personality_openness_bin,low,Ordinal MAE,0.7657142857142857,0.057569833370313975,,,5,70.0,70.0,not_computed_default_lightweight
mpdd_personality_counterfactual_age_swap,MPDD-AVG-2026,Personality,ordinal severity prediction,personality TF-IDF + Logistic with age-group counterfactual swap,ordinal_prediction,personality_openness_bin,low,Prediction Bias,-0.14285714285714285,0.05924697529522206,,,5,70.0,70.0,not_computed_default_lightweight
mpdd_personality_counterfactual_age_swap,MPDD-AVG-2026,Personality,ordinal severity prediction,personality TF-IDF + Logistic with age-group counterfactual swap,ordinal_prediction,personality_openness_bin,low,QWK,-0.06207426288902786,0.1425014978587152,,,5,70.0,70.0,not_computed_default_lightweight
mpdd_personality_counterfactual_age_swap,MPDD-AVG-2026,Personality,ordinal severity prediction,personality TF-IDF + Logistic with age-group counterfactual swap,ordinal_prediction,personality_openness_bin,low,True Label Probability,0.349871697528425,0.007501832667969422,,,5,70.0,70.0,not_computed_default_lightweight
mpdd_personality_counterfactual_age_swap,MPDD-AVG-2026,Personality,ordinal severity prediction,personality TF-IDF + Logistic with age-group counterfactual swap,ordinal_prediction,personality_openness_bin,mid,Accuracy,0.5055555555555556,0.08127077132404333,,,5,36.0,36.0,not_computed_default_lightweight
mpdd_personality_counterfactual_age_swap,MPDD-AVG-2026,Personality,ordinal severity prediction,personality TF-IDF + Logistic with age-group counterfactual swap,ordinal_prediction,personality_openness_bin,mid,Brier Score,0.6202386496810901,0.037324685162748554,,,5,36.0,36.0,not_computed_default_lightweight
mpdd_personality_counterfactual_age_swap,MPDD-AVG-2026,Personality,ordinal severity prediction,personality TF-IDF + Logistic with age-group counterfactual swap,ordinal_prediction,personality_openness_bin,mid,Calibration Gap,0.008868739328479324,0.08026579485017427,,,5,36.0,36.0,not_computed_default_lightweight
mpdd_personality_counterfactual_age_swap,MPDD-AVG-2026,Personality,ordinal severity prediction,personality TF-IDF + Logistic with age-group counterfactual swap,ordinal_prediction,personality_openness_bin,mid,ECE,0.10975687744300974,0.008439870029403242,,,5,36.0,36.0,not_computed_default_lightweight
mpdd_personality_counterfactual_age_swap,MPDD-AVG-2026,Personality,ordinal severity prediction,personality TF-IDF + Logistic with age-group counterfactual swap,ordinal_prediction,personality_openness_bin,mid,Macro-F1,0.2817451235813474,0.06207899876715873,,,5,36.0,36.0,not_computed_default_lightweight
mpdd_personality_counterfactual_age_swap,MPDD-AVG-2026,Personality,ordinal severity prediction,personality TF-IDF + Logistic with age-group counterfactual swap,ordinal_prediction,personality_openness_bin,mid,Mean Confidence,0.5144242948840348,0.0026571875893147377,,,5,36.0,36.0,not_computed_default_lightweight
mpdd_personality_counterfactual_age_swap,MPDD-AVG-2026,Personality,ordinal severity prediction,personality TF-IDF + Logistic with age-group counterfactual swap,ordinal_prediction,personality_openness_bin,mid,Ordinal MAE,0.6,0.097182531580755,,,5,36.0,36.0,not_computed_default_lightweight
mpdd_personality_counterfactual_age_swap,MPDD-AVG-2026,Personality,ordinal severity prediction,personality TF-IDF + Logistic with age-group counterfactual swap,ordinal_prediction,personality_openness_bin,mid,Prediction Bias,0.01111111111111111,0.0376796110173626,,,5,36.0,36.0,not_computed_default_lightweight
mpdd_personality_counterfactual_age_swap,MPDD-AVG-2026,Personality,ordinal severity prediction,personality TF-IDF + Logistic with age-group counterfactual swap,ordinal_prediction,personality_openness_bin,mid,QWK,-0.01664432341851694,0.18996555239373109,,,5,36.0,36.0,not_computed_default_lightweight
mpdd_personality_counterfactual_age_swap,MPDD-AVG-2026,Personality,ordinal severity prediction,personality TF-IDF + Logistic with age-group counterfactual swap,ordinal_prediction,personality_openness_bin,mid,True Label Probability,0.3868962062488982,0.018815238695019096,,,5,36.0,36.0,not_computed_default_lightweight
mpdd_personality_counterfactual_age_swap,MPDD-AVG-2026,Personality,ordinal severity prediction,personality TF-IDF + Logistic with age-group counterfactual swap,ordinal_prediction,personality_openness_bin,unknown,Accuracy,0.3772727272727273,0.04679831882266819,,,5,44.0,44.0,not_computed_default_lightweight
mpdd_personality_counterfactual_age_swap,MPDD-AVG-2026,Personality,ordinal severity prediction,personality TF-IDF + Logistic with age-group counterfactual swap,ordinal_prediction,personality_openness_bin,unknown,Brier Score,0.7112865601082141,0.019031212268401567,,,5,44.0,44.0,not_computed_default_lightweight
mpdd_personality_counterfactual_age_swap,MPDD-AVG-2026,Personality,ordinal severity prediction,personality TF-IDF + Logistic with age-group counterfactual swap,ordinal_prediction,personality_openness_bin,unknown,Calibration Gap,0.12331527003956029,0.05088798175974149,,,5,44.0,44.0,not_computed_default_lightweight
mpdd_personality_counterfactual_age_swap,MPDD-AVG-2026,Personality,ordinal severity prediction,personality TF-IDF + Logistic with age-group counterfactual swap,ordinal_prediction,personality_openness_bin,unknown,ECE,0.19552204051985095,0.04783911580907122,,,5,44.0,44.0,not_computed_default_lightweight
mpdd_personality_counterfactual_age_swap,MPDD-AVG-2026,Personality,ordinal severity prediction,personality TF-IDF + Logistic with age-group counterfactual swap,ordinal_prediction,personality_openness_bin,unknown,Macro-F1,0.2937409507794921,0.04958066554000877,,,5,44.0,44.0,not_computed_default_lightweight
mpdd_personality_counterfactual_age_swap,MPDD-AVG-2026,Personality,ordinal severity prediction,personality TF-IDF + Logistic with age-group counterfactual swap,ordinal_prediction,personality_openness_bin,unknown,Mean Confidence,0.5005879973122875,0.005214400783940173,,,5,44.0,44.0,not_computed_default_lightweight
mpdd_personality_counterfactual_age_swap,MPDD-AVG-2026,Personality,ordinal severity prediction,personality TF-IDF + Logistic with age-group counterfactual swap,ordinal_prediction,personality_openness_bin,unknown,Ordinal MAE,0.7409090909090909,0.05856408512147782,,,5,44.0,44.0,not_computed_default_lightweight
mpdd_personality_counterfactual_age_swap,MPDD-AVG-2026,Personality,ordinal severity prediction,personality TF-IDF + Logistic with age-group counterfactual swap,ordinal_prediction,personality_openness_bin,unknown,Prediction Bias,0.36818181818181817,0.09469393934545299,,,5,44.0,44.0,not_computed_default_lightweight
mpdd_personality_counterfactual_age_swap,MPDD-AVG-2026,Personality,ordinal severity prediction,personality TF-IDF + Logistic with age-group counterfactual swap,ordinal_prediction,personality_openness_bin,unknown,QWK,0.043886049521169014,0.0655074958370652,,,5,44.0,44.0,not_computed_default_lightweight
mpdd_personality_counterfactual_age_swap,MPDD-AVG-2026,Personality,ordinal severity prediction,personality TF-IDF + Logistic with age-group counterfactual swap,ordinal_prediction,personality_openness_bin,unknown,True Label Probability,0.3394511792385785,0.00896142008505063,,,5,44.0,44.0,not_computed_default_lightweight
mpdd_personality_counterfactual_age_swap,MPDD-AVG-2026,Personality,ordinal severity prediction,personality TF-IDF + Logistic with age-group counterfactual swap,ordinal_prediction,true_severity,0,Accuracy,0.5442307692307692,0.03778246673920867,0.47870192307692305,0.6287019230769231,5,104.0,104.0,seed_group_subject_bootstrap
mpdd_personality_counterfactual_age_swap,MPDD-AVG-2026,Personality,ordinal severity prediction,personality TF-IDF + Logistic with age-group counterfactual swap,ordinal_prediction,true_severity,0,Brier Score,0.6097204144167147,0.017894217902535776,,,5,104.0,104.0,not_computed_default_lightweight
mpdd_personality_counterfactual_age_swap,MPDD-AVG-2026,Personality,ordinal severity prediction,personality TF-IDF + Logistic with age-group counterfactual swap,ordinal_prediction,true_severity,0,Calibration Gap,-0.030859993443092083,0.037903156208220753,,,5,104.0,104.0,not_computed_default_lightweight
mpdd_personality_counterfactual_age_swap,MPDD-AVG-2026,Personality,ordinal severity prediction,personality TF-IDF + Logistic with age-group counterfactual swap,ordinal_prediction,true_severity,0,ECE,0.09731378691177771,0.026734642354191186,0.07644191416393827,0.1910782481060726,5,104.0,104.0,seed_group_subject_bootstrap
mpdd_personality_counterfactual_age_swap,MPDD-AVG-2026,Personality,ordinal severity prediction,personality TF-IDF + Logistic with age-group counterfactual swap,ordinal_prediction,true_severity,0,Macro-F1,0.23469162606539876,0.010653579806285176,0.21524948866372579,0.25716864412919854,5,104.0,104.0,seed_group_subject_bootstrap
mpdd_personality_counterfactual_age_swap,MPDD-AVG-2026,Personality,ordinal severity prediction,personality TF-IDF + Logistic with age-group counterfactual swap,ordinal_prediction,true_severity,0,Mean Confidence,0.5133707757876771,0.003131332779298898,,,5,104.0,104.0,not_computed_default_lightweight
mpdd_personality_counterfactual_age_swap,MPDD-AVG-2026,Personality,ordinal severity prediction,personality TF-IDF + Logistic with age-group counterfactual swap,ordinal_prediction,true_severity,0,Ordinal MAE,0.5865384615384615,0.04427255551238974,0.47807692307692307,0.6953365384615385,5,104.0,104.0,seed_group_subject_bootstrap
mpdd_personality_counterfactual_age_swap,MPDD-AVG-2026,Personality,ordinal severity prediction,personality TF-IDF + Logistic with age-group counterfactual swap,ordinal_prediction,true_severity,0,Prediction Bias,0.5865384615384615,0.04427255551238974,,,5,104.0,104.0,not_computed_default_lightweight
mpdd_personality_counterfactual_age_swap,MPDD-AVG-2026,Personality,ordinal severity prediction,personality TF-IDF + Logistic with age-group counterfactual swap,ordinal_prediction,true_severity,0,QWK,0.0,0.0,0.0,0.0,5,104.0,104.0,seed_group_subject_bootstrap
mpdd_personality_counterfactual_age_swap,MPDD-AVG-2026,Personality,ordinal severity prediction,personality TF-IDF + Logistic with age-group counterfactual swap,ordinal_prediction,true_severity,0,True Label Probability,0.39247247509377836,0.00881279796228619,,,5,104.0,104.0,not_computed_default_lightweight
mpdd_personality_counterfactual_age_swap,MPDD-AVG-2026,Personality,ordinal severity prediction,personality TF-IDF + Logistic with age-group counterfactual swap,ordinal_prediction,true_severity,1,Accuracy,0.256,0.03200000000000001,0.1423,0.3612,5,50.0,50.0,seed_group_subject_bootstrap
mpdd_personality_counterfactual_age_swap,MPDD-AVG-2026,Personality,ordinal severity prediction,personality TF-IDF + Logistic with age-group counterfactual swap,ordinal_prediction,true_severity,1,Brier Score,0.7842725318743025,0.022803280589163717,,,5,50.0,50.0,not_computed_default_lightweight
mpdd_personality_counterfactual_age_swap,MPDD-AVG-2026,Personality,ordinal severity prediction,personality TF-IDF + Logistic with age-group counterfactual swap,ordinal_prediction,true_severity,1,Calibration Gap,0.26173658886713713,0.035596877714627224,,,5,50.0,50.0,not_computed_default_lightweight
mpdd_personality_counterfactual_age_swap,MPDD-AVG-2026,Personality,ordinal severity prediction,personality TF-IDF + Logistic with age-group counterfactual swap,ordinal_prediction,true_severity,1,ECE,0.29034285278118394,0.030324274746798458,0.2521564228120999,0.41532898246149924,5,50.0,50.0,seed_group_subject_bootstrap
mpdd_personality_counterfactual_age_swap,MPDD-AVG-2026,Personality,ordinal severity prediction,personality TF-IDF + Logistic with age-group counterfactual swap,ordinal_prediction,true_severity,1,Macro-F1,0.13552867383512546,0.013834585713839168,0.0819089384309007,0.1745972040249792,5,50.0,50.0,seed_group_subject_bootstrap
mpdd_personality_counterfactual_age_swap,MPDD-AVG-2026,Personality,ordinal severity prediction,personality TF-IDF + Logistic with age-group counterfactual swap,ordinal_prediction,true_severity,1,Mean Confidence,0.5177365888671371,0.004118007296595419,,,5,50.0,50.0,not_computed_default_lightweight
mpdd_personality_counterfactual_age_swap,MPDD-AVG-2026,Personality,ordinal severity prediction,personality TF-IDF + Logistic with age-group counterfactual swap,ordinal_prediction,true_severity,1,Ordinal MAE,0.744,0.03200000000000003,0.6622999999999999,0.8310000000000001,5,50.0,50.0,seed_group_subject_bootstrap
mpdd_personality_counterfactual_age_swap,MPDD-AVG-2026,Personality,ordinal severity prediction,personality TF-IDF + Logistic with age-group counterfactual swap,ordinal_prediction,true_severity,1,Prediction Bias,-0.48,0.05656854249492382,,,5,50.0,50.0,not_computed_default_lightweight
mpdd_personality_counterfactual_age_swap,MPDD-AVG-2026,Personality,ordinal severity prediction,personality TF-IDF + Logistic with age-group counterfactual swap,ordinal_prediction,true_severity,1,QWK,0.0,0.0,0.0,0.0,5,50.0,50.0,seed_group_subject_bootstrap
mpdd_personality_counterfactual_age_swap,MPDD-AVG-2026,Personality,ordinal severity prediction,personality TF-IDF + Logistic with age-group counterfactual swap,ordinal_prediction,true_severity,1,True Label Probability,0.30609403596447143,0.010879581026861497,,,5,50.0,50.0,not_computed_default_lightweight
mpdd_personality_counterfactual_age_swap,MPDD-AVG-2026,Personality,ordinal severity prediction,personality TF-IDF + Logistic with age-group counterfactual swap,ordinal_prediction,true_severity,2,Accuracy,0.09523809523809523,0.0521640530957301,0.025476190476190475,0.16071428571428573,5,21.0,21.0,seed_group_subject_bootstrap
mpdd_personality_counterfactual_age_swap,MPDD-AVG-2026,Personality,ordinal severity prediction,personality TF-IDF + Logistic with age-group counterfactual swap,ordinal_prediction,true_severity,2,Brier Score,0.8802867742410637,0.029542993621872408,,,5,21.0,21.0,not_computed_default_lightweight
mpdd_personality_counterfactual_age_swap,MPDD-AVG-2026,Personality,ordinal severity prediction,personality TF-IDF + Logistic with age-group counterfactual swap,ordinal_prediction,true_severity,2,Calibration Gap,0.4210256366663504,0.03912214808721359,,,5,21.0,21.0,not_computed_default_lightweight
mpdd_personality_counterfactual_age_swap,MPDD-AVG-2026,Personality,ordinal severity prediction,personality TF-IDF + Logistic with age-group counterfactual swap,ordinal_prediction,true_severity,2,ECE,0.42102563666635034,0.03912214808721357,0.3567782406909733,0.49941161292631475,5,21.0,21.0,seed_group_subject_bootstrap
mpdd_personality_counterfactual_age_swap,MPDD-AVG-2026,Personality,ordinal severity prediction,personality TF-IDF + Logistic with age-group counterfactual swap,ordinal_prediction,true_severity,2,Macro-F1,0.056521739130434775,0.030452030999203898,0.016093544137022398,0.08765075560510344,5,21.0,21.0,seed_group_subject_bootstrap
mpdd_personality_counterfactual_age_swap,MPDD-AVG-2026,Personality,ordinal severity prediction,personality TF-IDF + Logistic with age-group counterfactual swap,ordinal_prediction,true_severity,2,Mean Confidence,0.5162637319044456,0.015458237036512482,,,5,21.0,21.0,not_computed_default_lightweight
mpdd_personality_counterfactual_age_swap,MPDD-AVG-2026,Personality,ordinal severity prediction,personality TF-IDF + Logistic with age-group counterfactual swap,ordinal_prediction,true_severity,2,Ordinal MAE,1.4952380952380953,0.13997084244475302,1.301904761904762,1.6959523809523809,5,21.0,21.0,seed_group_subject_bootstrap
mpdd_personality_counterfactual_age_swap,MPDD-AVG-2026,Personality,ordinal severity prediction,personality TF-IDF + Logistic with age-group counterfactual swap,ordinal_prediction,true_severity,2,Prediction Bias,-1.4952380952380953,0.13997084244475302,,,5,21.0,21.0,not_computed_default_lightweight
mpdd_personality_counterfactual_age_swap,MPDD-AVG-2026,Personality,ordinal severity prediction,personality TF-IDF + Logistic with age-group counterfactual swap,ordinal_prediction,true_severity,2,QWK,0.0,0.0,0.0,0.0,5,21.0,21.0,seed_group_subject_bootstrap
mpdd_personality_counterfactual_age_swap,MPDD-AVG-2026,Personality,ordinal severity prediction,personality TF-IDF + Logistic with age-group counterfactual swap,ordinal_prediction,true_severity,2,True Label Probability,0.2590056742499722,0.01757636088920811,,,5,21.0,21.0,not_computed_default_lightweight
mpdd_personality_severity_tfidf_logistic_phase3,MPDD-AVG-2026,Personality,ordinal severity prediction,personality TF-IDF + Logistic,ordinal_prediction,age_group,elder,Accuracy,0.657471264367816,0.016893032708849485,0.5977586206896552,0.7340804597701149,5,87.0,87.0,seed_group_subject_bootstrap
mpdd_personality_severity_tfidf_logistic_phase3,MPDD-AVG-2026,Personality,ordinal severity prediction,personality TF-IDF + Logistic,ordinal_prediction,age_group,elder,Brier Score,0.5437622470158135,0.005753432112503086,,,5,87.0,87.0,not_computed_default_lightweight
mpdd_personality_severity_tfidf_logistic_phase3,MPDD-AVG-2026,Personality,ordinal severity prediction,personality TF-IDF + Logistic,ordinal_prediction,age_group,elder,Calibration Gap,-0.1819080841388419,0.016442149593141584,,,5,87.0,87.0,not_computed_default_lightweight
mpdd_personality_severity_tfidf_logistic_phase3,MPDD-AVG-2026,Personality,ordinal severity prediction,personality TF-IDF + Logistic,ordinal_prediction,age_group,elder,ECE,0.19887268837747113,0.014139361267551272,0.1444324399502009,0.279616677756783,5,87.0,87.0,seed_group_subject_bootstrap
mpdd_personality_severity_tfidf_logistic_phase3,MPDD-AVG-2026,Personality,ordinal severity prediction,personality TF-IDF + Logistic,ordinal_prediction,age_group,elder,Macro-F1,0.3341623026022003,0.046341947674521676,0.2742085449037935,0.4025324459788496,5,87.0,87.0,seed_group_subject_bootstrap
mpdd_personality_severity_tfidf_logistic_phase3,MPDD-AVG-2026,Personality,ordinal severity prediction,personality TF-IDF + Logistic,ordinal_prediction,age_group,elder,Mean Confidence,0.47556318022897415,0.0031155906217181163,,,5,87.0,87.0,not_computed_default_lightweight
mpdd_personality_severity_tfidf_logistic_phase3,MPDD-AVG-2026,Personality,ordinal severity prediction,personality TF-IDF + Logistic,ordinal_prediction,age_group,elder,Ordinal MAE,0.4758620689655172,0.03605606239392674,0.36896551724137927,0.6103448275862069,5,87.0,87.0,seed_group_subject_bootstrap
mpdd_personality_severity_tfidf_logistic_phase3,MPDD-AVG-2026,Personality,ordinal severity prediction,personality TF-IDF + Logistic,ordinal_prediction,age_group,elder,Prediction Bias,-0.296551724137931,0.03663764931151547,,,5,87.0,87.0,not_computed_default_lightweight
mpdd_personality_severity_tfidf_logistic_phase3,MPDD-AVG-2026,Personality,ordinal severity prediction,personality TF-IDF + Logistic,ordinal_prediction,age_group,elder,QWK,0.1277887750383185,0.1110688450188066,-0.031133095961717417,0.2869716980294726,5,87.0,87.0,seed_group_subject_bootstrap
mpdd_personality_severity_tfidf_logistic_phase3,MPDD-AVG-2026,Personality,ordinal severity prediction,personality TF-IDF + Logistic,ordinal_prediction,age_group,elder,True Label Probability,0.41448810079871085,0.0032291583482837115,,,5,87.0,87.0,not_computed_default_lightweight
mpdd_personality_severity_tfidf_logistic_phase3,MPDD-AVG-2026,Personality,ordinal severity prediction,personality TF-IDF + Logistic,ordinal_prediction,age_group,young,Accuracy,0.4886363636363636,0.02032789070454355,0.42579545454545453,0.5536931818181818,5,88.0,88.0,seed_group_subject_bootstrap
mpdd_personality_severity_tfidf_logistic_phase3,MPDD-AVG-2026,Personality,ordinal severity prediction,personality TF-IDF + Logistic,ordinal_prediction,age_group,young,Brier Score,0.6251973421562615,0.008631415801658236,,,5,88.0,88.0,not_computed_default_lightweight
mpdd_personality_severity_tfidf_logistic_phase3,MPDD-AVG-2026,Personality,ordinal severity prediction,personality TF-IDF + Logistic,ordinal_prediction,age_group,young,Calibration Gap,-0.03497417551465776,0.022508916507021602,,,5,88.0,88.0,not_computed_default_lightweight
mpdd_personality_severity_tfidf_logistic_phase3,MPDD-AVG-2026,Personality,ordinal severity prediction,personality TF-IDF + Logistic,ordinal_prediction,age_group,young,ECE,0.10837863646163992,0.016881984335585125,0.05994819052005679,0.17605398641591627,5,88.0,88.0,seed_group_subject_bootstrap
mpdd_personality_severity_tfidf_logistic_phase3,MPDD-AVG-2026,Personality,ordinal severity prediction,personality TF-IDF + Logistic,ordinal_prediction,age_group,young,Macro-F1,0.36468123774446326,0.015860064817448005,0.31202548512387146,0.41162728434243795,5,88.0,88.0,seed_group_subject_bootstrap
mpdd_personality_severity_tfidf_logistic_phase3,MPDD-AVG-2026,Personality,ordinal severity prediction,personality TF-IDF + Logistic,ordinal_prediction,age_group,young,Mean Confidence,0.4536621881217059,0.0027110950155582706,,,5,88.0,88.0,not_computed_default_lightweight
mpdd_personality_severity_tfidf_logistic_phase3,MPDD-AVG-2026,Personality,ordinal severity prediction,personality TF-IDF + Logistic,ordinal_prediction,age_group,young,Ordinal MAE,0.5431818181818182,0.018181818181818195,0.4629545454545454,0.6271590909090909,5,88.0,88.0,seed_group_subject_bootstrap
mpdd_personality_severity_tfidf_logistic_phase3,MPDD-AVG-2026,Personality,ordinal severity prediction,personality TF-IDF + Logistic,ordinal_prediction,age_group,young,Prediction Bias,0.16136363636363635,0.018181818181818184,,,5,88.0,88.0,not_computed_default_lightweight
mpdd_personality_severity_tfidf_logistic_phase3,MPDD-AVG-2026,Personality,ordinal severity prediction,personality TF-IDF + Logistic,ordinal_prediction,age_group,young,QWK,0.245578979614687,0.03131394656486215,0.09518697140274433,0.3801006668064593,5,88.0,88.0,seed_group_subject_bootstrap
mpdd_personality_severity_tfidf_logistic_phase3,MPDD-AVG-2026,Personality,ordinal severity prediction,personality TF-IDF + Logistic,ordinal_prediction,age_group,young,True Label Probability,0.37178207752214526,0.004059471092669779,,,5,88.0,88.0,not_computed_default_lightweight
mpdd_personality_severity_tfidf_logistic_phase3,MPDD-AVG-2026,Personality,ordinal severity prediction,personality TF-IDF + Logistic,ordinal_prediction,financial_stress_bin,high_or_severe,Accuracy,0.45714285714285713,0.05714285714285714,,,5,7.0,7.0,not_computed_default_lightweight
mpdd_personality_severity_tfidf_logistic_phase3,MPDD-AVG-2026,Personality,ordinal severity prediction,personality TF-IDF + Logistic,ordinal_prediction,financial_stress_bin,high_or_severe,Brier Score,0.6209545634348964,0.013033824581943593,,,5,7.0,7.0,not_computed_default_lightweight
mpdd_personality_severity_tfidf_logistic_phase3,MPDD-AVG-2026,Personality,ordinal severity prediction,personality TF-IDF + Logistic,ordinal_prediction,financial_stress_bin,high_or_severe,Calibration Gap,-0.04204214787136588,0.05314938201428267,,,5,7.0,7.0,not_computed_default_lightweight
mpdd_personality_severity_tfidf_logistic_phase3,MPDD-AVG-2026,Personality,ordinal severity prediction,personality TF-IDF + Logistic,ordinal_prediction,financial_stress_bin,high_or_severe,ECE,0.2378184036956684,0.09550323081836527,,,5,7.0,7.0,not_computed_default_lightweight
mpdd_personality_severity_tfidf_logistic_phase3,MPDD-AVG-2026,Personality,ordinal severity prediction,personality TF-IDF + Logistic,ordinal_prediction,financial_stress_bin,high_or_severe,Macro-F1,0.24888888888888885,0.09777777777777777,,,5,7.0,7.0,not_computed_default_lightweight
mpdd_personality_severity_tfidf_logistic_phase3,MPDD-AVG-2026,Personality,ordinal severity prediction,personality TF-IDF + Logistic,ordinal_prediction,financial_stress_bin,high_or_severe,Mean Confidence,0.41510070927149123,0.008297852877866775,,,5,7.0,7.0,not_computed_default_lightweight
mpdd_personality_severity_tfidf_logistic_phase3,MPDD-AVG-2026,Personality,ordinal severity prediction,personality TF-IDF + Logistic,ordinal_prediction,financial_stress_bin,high_or_severe,Ordinal MAE,0.8,0.11428571428571428,,,5,7.0,7.0,not_computed_default_lightweight
mpdd_personality_severity_tfidf_logistic_phase3,MPDD-AVG-2026,Personality,ordinal severity prediction,personality TF-IDF + Logistic,ordinal_prediction,financial_stress_bin,high_or_severe,Prediction Bias,-0.8,0.11428571428571428,,,5,7.0,7.0,not_computed_default_lightweight
mpdd_personality_severity_tfidf_logistic_phase3,MPDD-AVG-2026,Personality,ordinal severity prediction,personality TF-IDF + Logistic,ordinal_prediction,financial_stress_bin,high_or_severe,QWK,0.08648648648648649,0.17297297297297298,,,5,7.0,7.0,not_computed_default_lightweight
mpdd_personality_severity_tfidf_logistic_phase3,MPDD-AVG-2026,Personality,ordinal severity prediction,personality TF-IDF + Logistic,ordinal_prediction,financial_stress_bin,high_or_severe,True Label Probability,0.36306691544146175,0.006601788744167858,,,5,7.0,7.0,not_computed_default_lightweight
mpdd_personality_severity_tfidf_logistic_phase3,MPDD-AVG-2026,Personality,ordinal severity prediction,personality TF-IDF + Logistic,ordinal_prediction,financial_stress_bin,mentioned_unclear,Accuracy,0.5,0.0,,,5,4.0,4.0,not_computed_default_lightweight
mpdd_personality_severity_tfidf_logistic_phase3,MPDD-AVG-2026,Personality,ordinal severity prediction,personality TF-IDF + Logistic,ordinal_prediction,financial_stress_bin,mentioned_unclear,Brier Score,0.6771466728578759,0.02433979512581136,,,5,4.0,4.0,not_computed_default_lightweight
mpdd_personality_severity_tfidf_logistic_phase3,MPDD-AVG-2026,Personality,ordinal severity prediction,personality TF-IDF + Logistic,ordinal_prediction,financial_stress_bin,mentioned_unclear,Calibration Gap,-0.01166819523395769,0.01882983776522342,,,5,4.0,4.0,not_computed_default_lightweight
mpdd_personality_severity_tfidf_logistic_phase3,MPDD-AVG-2026,Personality,ordinal severity prediction,personality TF-IDF + Logistic,ordinal_prediction,financial_stress_bin,mentioned_unclear,ECE,0.08302601897453377,0.07507596228523544,,,5,4.0,4.0,not_computed_default_lightweight
mpdd_personality_severity_tfidf_logistic_phase3,MPDD-AVG-2026,Personality,ordinal severity prediction,personality TF-IDF + Logistic,ordinal_prediction,financial_stress_bin,mentioned_unclear,Macro-F1,0.22222222222222224,2.7755575615628914e-17,,,5,4.0,4.0,not_computed_default_lightweight
mpdd_personality_severity_tfidf_logistic_phase3,MPDD-AVG-2026,Personality,ordinal severity prediction,personality TF-IDF + Logistic,ordinal_prediction,financial_stress_bin,mentioned_unclear,Mean Confidence,0.4883318047660423,0.01882983776522342,,,5,4.0,4.0,not_computed_default_lightweight
mpdd_personality_severity_tfidf_logistic_phase3,MPDD-AVG-2026,Personality,ordinal severity prediction,personality TF-IDF + Logistic,ordinal_prediction,financial_stress_bin,mentioned_unclear,Ordinal MAE,0.75,0.0,,,5,4.0,4.0,not_computed_default_lightweight
mpdd_personality_severity_tfidf_logistic_phase3,MPDD-AVG-2026,Personality,ordinal severity prediction,personality TF-IDF + Logistic,ordinal_prediction,financial_stress_bin,mentioned_unclear,Prediction Bias,-0.75,0.0,,,5,4.0,4.0,not_computed_default_lightweight
mpdd_personality_severity_tfidf_logistic_phase3,MPDD-AVG-2026,Personality,ordinal severity prediction,personality TF-IDF + Logistic,ordinal_prediction,financial_stress_bin,mentioned_unclear,QWK,0.0,0.0,,,5,4.0,4.0,not_computed_default_lightweight
mpdd_personality_severity_tfidf_logistic_phase3,MPDD-AVG-2026,Personality,ordinal severity prediction,personality TF-IDF + Logistic,ordinal_prediction,financial_stress_bin,mentioned_unclear,True Label Probability,0.3496974328747081,0.011918540855735073,,,5,4.0,4.0,not_computed_default_lightweight
mpdd_personality_severity_tfidf_logistic_phase3,MPDD-AVG-2026,Personality,ordinal severity prediction,personality TF-IDF + Logistic,ordinal_prediction,financial_stress_bin,mild_or_low,Accuracy,0.5333333333333334,0.06666666666666668,,,5,12.0,12.0,not_computed_default_lightweight
mpdd_personality_severity_tfidf_logistic_phase3,MPDD-AVG-2026,Personality,ordinal severity prediction,personality TF-IDF + Logistic,ordinal_prediction,financial_stress_bin,mild_or_low,Brier Score,0.6066343823299781,0.011370597473872217,,,5,12.0,12.0,not_computed_default_lightweight
mpdd_personality_severity_tfidf_logistic_phase3,MPDD-AVG-2026,Personality,ordinal severity prediction,personality TF-IDF + Logistic,ordinal_prediction,financial_stress_bin,mild_or_low,Calibration Gap,-0.0845009983579912,0.06762503538694824,,,5,12.0,12.0,not_computed_default_lightweight
mpdd_personality_severity_tfidf_logistic_phase3,MPDD-AVG-2026,Personality,ordinal severity prediction,personality TF-IDF + Logistic,ordinal_prediction,financial_stress_bin,mild_or_low,ECE,0.1592226542444357,0.03921592686600617,,,5,12.0,12.0,not_computed_default_lightweight
mpdd_personality_severity_tfidf_logistic_phase3,MPDD-AVG-2026,Personality,ordinal severity prediction,personality TF-IDF + Logistic,ordinal_prediction,financial_stress_bin,mild_or_low,Macro-F1,0.3888888888888889,0.14626145484856934,,,5,12.0,12.0,not_computed_default_lightweight
mpdd_personality_severity_tfidf_logistic_phase3,MPDD-AVG-2026,Personality,ordinal severity prediction,personality TF-IDF + Logistic,ordinal_prediction,financial_stress_bin,mild_or_low,Mean Confidence,0.4488323349753422,0.002380616834436052,,,5,12.0,12.0,not_computed_default_lightweight
mpdd_personality_severity_tfidf_logistic_phase3,MPDD-AVG-2026,Personality,ordinal severity prediction,personality TF-IDF + Logistic,ordinal_prediction,financial_stress_bin,mild_or_low,Ordinal MAE,0.5,0.12909944487358058,,,5,12.0,12.0,not_computed_default_lightweight
mpdd_personality_severity_tfidf_logistic_phase3,MPDD-AVG-2026,Personality,ordinal severity prediction,personality TF-IDF + Logistic,ordinal_prediction,financial_stress_bin,mild_or_low,Prediction Bias,-0.3666666666666667,0.1,,,5,12.0,12.0,not_computed_default_lightweight
mpdd_personality_severity_tfidf_logistic_phase3,MPDD-AVG-2026,Personality,ordinal severity prediction,personality TF-IDF + Logistic,ordinal_prediction,financial_stress_bin,mild_or_low,QWK,0.3644887812340643,0.3084758723402526,,,5,12.0,12.0,not_computed_default_lightweight
mpdd_personality_severity_tfidf_logistic_phase3,MPDD-AVG-2026,Personality,ordinal severity prediction,personality TF-IDF + Logistic,ordinal_prediction,financial_stress_bin,mild_or_low,True Label Probability,0.3772184060852822,0.005467621973875827,,,5,12.0,12.0,not_computed_default_lightweight
mpdd_personality_severity_tfidf_logistic_phase3,MPDD-AVG-2026,Personality,ordinal severity prediction,personality TF-IDF + Logistic,ordinal_prediction,financial_stress_bin,moderate,Accuracy,0.8,0.06998542122237648,,,5,7.0,7.0,not_computed_default_lightweight
mpdd_personality_severity_tfidf_logistic_phase3,MPDD-AVG-2026,Personality,ordinal severity prediction,personality TF-IDF + Logistic,ordinal_prediction,financial_stress_bin,moderate,Brier Score,0.5010924085942318,0.011117272452031427,,,5,7.0,7.0,not_computed_default_lightweight
mpdd_personality_severity_tfidf_logistic_phase3,MPDD-AVG-2026,Personality,ordinal severity prediction,personality TF-IDF + Logistic,ordinal_prediction,financial_stress_bin,moderate,Calibration Gap,-0.3507325160932627,0.068246133389336,,,5,7.0,7.0,not_computed_default_lightweight
mpdd_personality_severity_tfidf_logistic_phase3,MPDD-AVG-2026,Personality,ordinal severity prediction,personality TF-IDF + Logistic,ordinal_prediction,financial_stress_bin,moderate,ECE,0.39472851036047274,0.07827563503122181,,,5,7.0,7.0,not_computed_default_lightweight
mpdd_personality_severity_tfidf_logistic_phase3,MPDD-AVG-2026,Personality,ordinal severity prediction,personality TF-IDF + Logistic,ordinal_prediction,financial_stress_bin,moderate,Macro-F1,0.6395959595959596,0.14201696908543518,,,5,7.0,7.0,not_computed_default_lightweight
mpdd_personality_severity_tfidf_logistic_phase3,MPDD-AVG-2026,Personality,ordinal severity prediction,personality TF-IDF + Logistic,ordinal_prediction,financial_stress_bin,moderate,Mean Confidence,0.4492674839067373,0.004323776525880375,,,5,7.0,7.0,not_computed_default_lightweight
mpdd_personality_severity_tfidf_logistic_phase3,MPDD-AVG-2026,Personality,ordinal severity prediction,personality TF-IDF + Logistic,ordinal_prediction,financial_stress_bin,moderate,Ordinal MAE,0.3714285714285714,0.17142857142857143,,,5,7.0,7.0,not_computed_default_lightweight
mpdd_personality_severity_tfidf_logistic_phase3,MPDD-AVG-2026,Personality,ordinal severity prediction,personality TF-IDF + Logistic,ordinal_prediction,financial_stress_bin,moderate,Prediction Bias,-0.2571428571428571,0.18952141659173713,,,5,7.0,7.0,not_computed_default_lightweight
mpdd_personality_severity_tfidf_logistic_phase3,MPDD-AVG-2026,Personality,ordinal severity prediction,personality TF-IDF + Logistic,ordinal_prediction,financial_stress_bin,moderate,QWK,0.47439859525899913,0.30289659426574667,,,5,7.0,7.0,not_computed_default_lightweight
mpdd_personality_severity_tfidf_logistic_phase3,MPDD-AVG-2026,Personality,ordinal severity prediction,personality TF-IDF + Logistic,ordinal_prediction,financial_stress_bin,moderate,True Label Probability,0.43024887537983647,0.00573899865532919,,,5,7.0,7.0,not_computed_default_lightweight
mpdd_personality_severity_tfidf_logistic_phase3,MPDD-AVG-2026,Personality,ordinal severity prediction,personality TF-IDF + Logistic,ordinal_prediction,financial_stress_bin,none,Accuracy,0.6666666666666666,0.0124010888634054,,,5,51.0,51.0,not_computed_default_lightweight
mpdd_personality_severity_tfidf_logistic_phase3,MPDD-AVG-2026,Personality,ordinal severity prediction,personality TF-IDF + Logistic,ordinal_prediction,financial_stress_bin,none,Brier Score,0.5286447455404308,0.00626592747302155,,,5,51.0,51.0,not_computed_default_lightweight
mpdd_personality_severity_tfidf_logistic_phase3,MPDD-AVG-2026,Personality,ordinal severity prediction,personality TF-IDF + Logistic,ordinal_prediction,financial_stress_bin,none,Calibration Gap,-0.17378999900794115,0.017216533093635467,,,5,51.0,51.0,not_computed_default_lightweight
mpdd_personality_severity_tfidf_logistic_phase3,MPDD-AVG-2026,Personality,ordinal severity prediction,personality TF-IDF + Logistic,ordinal_prediction,financial_stress_bin,none,ECE,0.19882298719356178,0.015348110381835657,,,5,51.0,51.0,not_computed_default_lightweight
mpdd_personality_severity_tfidf_logistic_phase3,MPDD-AVG-2026,Personality,ordinal severity prediction,personality TF-IDF + Logistic,ordinal_prediction,financial_stress_bin,none,Macro-F1,0.2816577960542052,0.0254816137411674,,,5,51.0,51.0,not_computed_default_lightweight
mpdd_personality_severity_tfidf_logistic_phase3,MPDD-AVG-2026,Personality,ordinal severity prediction,personality TF-IDF + Logistic,ordinal_prediction,financial_stress_bin,none,Mean Confidence,0.4928766676587255,0.006003541364828464,,,5,51.0,51.0,not_computed_default_lightweight
mpdd_personality_severity_tfidf_logistic_phase3,MPDD-AVG-2026,Personality,ordinal severity prediction,personality TF-IDF + Logistic,ordinal_prediction,financial_stress_bin,none,Ordinal MAE,0.4745098039215686,0.01921168425712295,,,5,51.0,51.0,not_computed_default_lightweight
mpdd_personality_severity_tfidf_logistic_phase3,MPDD-AVG-2026,Personality,ordinal severity prediction,personality TF-IDF + Logistic,ordinal_prediction,financial_stress_bin,none,Prediction Bias,-0.2156862745098039,0.0554593553871802,,,5,51.0,51.0,not_computed_default_lightweight
mpdd_personality_severity_tfidf_logistic_phase3,MPDD-AVG-2026,Personality,ordinal severity prediction,personality TF-IDF + Logistic,ordinal_prediction,financial_stress_bin,none,QWK,-0.01620230793872075,0.08579315308945748,,,5,51.0,51.0,not_computed_default_lightweight
mpdd_personality_severity_tfidf_logistic_phase3,MPDD-AVG-2026,Personality,ordinal severity prediction,personality TF-IDF + Logistic,ordinal_prediction,financial_stress_bin,none,True Label Probability,0.4261656782530718,0.00403841604284931,,,5,51.0,51.0,not_computed_default_lightweight
mpdd_personality_severity_tfidf_logistic_phase3,MPDD-AVG-2026,Personality,ordinal severity prediction,personality TF-IDF + Logistic,ordinal_prediction,financial_stress_bin,unknown,Accuracy,0.5212765957446808,0.019030365765955633,,,5,94.0,94.0,not_computed_default_lightweight
mpdd_personality_severity_tfidf_logistic_phase3,MPDD-AVG-2026,Personality,ordinal severity prediction,personality TF-IDF + Logistic,ordinal_prediction,financial_stress_bin,unknown,Brier Score,0.6119284201486137,0.008201603758075686,,,5,94.0,94.0,not_computed_default_lightweight
mpdd_personality_severity_tfidf_logistic_phase3,MPDD-AVG-2026,Personality,ordinal severity prediction,personality TF-IDF + Logistic,ordinal_prediction,financial_stress_bin,unknown,Calibration Gap,-0.06628014262744678,0.020895766760001704,,,5,94.0,94.0,not_computed_default_lightweight
mpdd_personality_severity_tfidf_logistic_phase3,MPDD-AVG-2026,Personality,ordinal severity prediction,personality TF-IDF + Logistic,ordinal_prediction,financial_stress_bin,unknown,ECE,0.1158224612770578,0.015485672460606264,,,5,94.0,94.0,not_computed_default_lightweight
mpdd_personality_severity_tfidf_logistic_phase3,MPDD-AVG-2026,Personality,ordinal severity prediction,personality TF-IDF + Logistic,ordinal_prediction,financial_stress_bin,unknown,Macro-F1,0.38639825636317404,0.014014929186535364,,,5,94.0,94.0,not_computed_default_lightweight
mpdd_personality_severity_tfidf_logistic_phase3,MPDD-AVG-2026,Personality,ordinal severity prediction,personality TF-IDF + Logistic,ordinal_prediction,financial_stress_bin,unknown,Mean Confidence,0.4549964531172341,0.0021816608470610157,,,5,94.0,94.0,not_computed_default_lightweight
mpdd_personality_severity_tfidf_logistic_phase3,MPDD-AVG-2026,Personality,ordinal severity prediction,personality TF-IDF + Logistic,ordinal_prediction,financial_stress_bin,unknown,Ordinal MAE,0.5085106382978724,0.017021276595744688,,,5,94.0,94.0,not_computed_default_lightweight
mpdd_personality_severity_tfidf_logistic_phase3,MPDD-AVG-2026,Personality,ordinal severity prediction,personality TF-IDF + Logistic,ordinal_prediction,financial_stress_bin,unknown,Prediction Bias,0.15106382978723404,0.01702127659574469,,,5,94.0,94.0,not_computed_default_lightweight
mpdd_personality_severity_tfidf_logistic_phase3,MPDD-AVG-2026,Personality,ordinal severity prediction,personality TF-IDF + Logistic,ordinal_prediction,financial_stress_bin,unknown,QWK,0.29694073191203413,0.028238332585151855,,,5,94.0,94.0,not_computed_default_lightweight
mpdd_personality_severity_tfidf_logistic_phase3,MPDD-AVG-2026,Personality,ordinal severity prediction,personality TF-IDF + Logistic,ordinal_prediction,financial_stress_bin,unknown,True Label Probability,0.37834273255594325,0.0038186084820504658,,,5,94.0,94.0,not_computed_default_lightweight
mpdd_personality_severity_tfidf_logistic_phase3,MPDD-AVG-2026,Personality,ordinal severity prediction,personality TF-IDF + Logistic,ordinal_prediction,personality_agreeableness_bin,high,Accuracy,0.55,0.01749635530559412,,,5,28.0,28.0,not_computed_default_lightweight
mpdd_personality_severity_tfidf_logistic_phase3,MPDD-AVG-2026,Personality,ordinal severity prediction,personality TF-IDF + Logistic,ordinal_prediction,personality_agreeableness_bin,high,Brier Score,0.6081591097548696,0.00754608484471478,,,5,28.0,28.0,not_computed_default_lightweight
mpdd_personality_severity_tfidf_logistic_phase3,MPDD-AVG-2026,Personality,ordinal severity prediction,personality TF-IDF + Logistic,ordinal_prediction,personality_agreeableness_bin,high,Calibration Gap,-0.09159851467870787,0.01772216800409275,,,5,28.0,28.0,not_computed_default_lightweight
mpdd_personality_severity_tfidf_logistic_phase3,MPDD-AVG-2026,Personality,ordinal severity prediction,personality TF-IDF + Logistic,ordinal_prediction,personality_agreeableness_bin,high,ECE,0.1544858534453311,0.04049933048085838,,,5,28.0,28.0,not_computed_default_lightweight
mpdd_personality_severity_tfidf_logistic_phase3,MPDD-AVG-2026,Personality,ordinal severity prediction,personality TF-IDF + Logistic,ordinal_prediction,personality_agreeableness_bin,high,Macro-F1,0.42957145251262896,0.04010017273738233,,,5,28.0,28.0,not_computed_default_lightweight
mpdd_personality_severity_tfidf_logistic_phase3,MPDD-AVG-2026,Personality,ordinal severity prediction,personality TF-IDF + Logistic,ordinal_prediction,personality_agreeableness_bin,high,Mean Confidence,0.45840148532129216,0.00423037735615122,,,5,28.0,28.0,not_computed_default_lightweight
mpdd_personality_severity_tfidf_logistic_phase3,MPDD-AVG-2026,Personality,ordinal severity prediction,personality TF-IDF + Logistic,ordinal_prediction,personality_agreeableness_bin,high,Ordinal MAE,0.5928571428571427,0.036421567954234194,,,5,28.0,28.0,not_computed_default_lightweight
mpdd_personality_severity_tfidf_logistic_phase3,MPDD-AVG-2026,Personality,ordinal severity prediction,personality TF-IDF + Logistic,ordinal_prediction,personality_agreeableness_bin,high,Prediction Bias,-0.09285714285714285,0.03642156795423417,,,5,28.0,28.0,not_computed_default_lightweight
mpdd_personality_severity_tfidf_logistic_phase3,MPDD-AVG-2026,Personality,ordinal severity prediction,personality TF-IDF + Logistic,ordinal_prediction,personality_agreeableness_bin,high,QWK,0.1784280824954108,0.105155479442057,,,5,28.0,28.0,not_computed_default_lightweight
mpdd_personality_severity_tfidf_logistic_phase3,MPDD-AVG-2026,Personality,ordinal severity prediction,personality TF-IDF + Logistic,ordinal_prediction,personality_agreeableness_bin,high,True Label Probability,0.3790409366028708,0.003281106341952155,,,5,28.0,28.0,not_computed_default_lightweight
mpdd_personality_severity_tfidf_logistic_phase3,MPDD-AVG-2026,Personality,ordinal severity prediction,personality TF-IDF + Logistic,ordinal_prediction,personality_agreeableness_bin,low,Accuracy,0.54,0.020000000000000018,,,5,40.0,40.0,not_computed_default_lightweight
mpdd_personality_severity_tfidf_logistic_phase3,MPDD-AVG-2026,Personality,ordinal severity prediction,personality TF-IDF + Logistic,ordinal_prediction,personality_agreeableness_bin,low,Brier Score,0.5914096362593668,0.005038297223110273,,,5,40.0,40.0,not_computed_default_lightweight
mpdd_personality_severity_tfidf_logistic_phase3,MPDD-AVG-2026,Personality,ordinal severity prediction,personality TF-IDF + Logistic,ordinal_prediction,personality_agreeableness_bin,low,Calibration Gap,-0.08082546831869089,0.015672257715968026,,,5,40.0,40.0,not_computed_default_lightweight
mpdd_personality_severity_tfidf_logistic_phase3,MPDD-AVG-2026,Personality,ordinal severity prediction,personality TF-IDF + Logistic,ordinal_prediction,personality_agreeableness_bin,low,ECE,0.11454071274989623,0.027462870491767547,,,5,40.0,40.0,not_computed_default_lightweight
mpdd_personality_severity_tfidf_logistic_phase3,MPDD-AVG-2026,Personality,ordinal severity prediction,personality TF-IDF + Logistic,ordinal_prediction,personality_agreeableness_bin,low,Macro-F1,0.4483530357338023,0.05593302771739724,,,5,40.0,40.0,not_computed_default_lightweight
mpdd_personality_severity_tfidf_logistic_phase3,MPDD-AVG-2026,Personality,ordinal severity prediction,personality TF-IDF + Logistic,ordinal_prediction,personality_agreeableness_bin,low,Mean Confidence,0.45917453168130906,0.005684235774104706,,,5,40.0,40.0,not_computed_default_lightweight
mpdd_personality_severity_tfidf_logistic_phase3,MPDD-AVG-2026,Personality,ordinal severity prediction,personality TF-IDF + Logistic,ordinal_prediction,personality_agreeableness_bin,low,Ordinal MAE,0.47000000000000003,0.029154759474226508,,,5,40.0,40.0,not_computed_default_lightweight
mpdd_personality_severity_tfidf_logistic_phase3,MPDD-AVG-2026,Personality,ordinal severity prediction,personality TF-IDF + Logistic,ordinal_prediction,personality_agreeableness_bin,low,Prediction Bias,0.08,0.04301162633521314,,,5,40.0,40.0,not_computed_default_lightweight
mpdd_personality_severity_tfidf_logistic_phase3,MPDD-AVG-2026,Personality,ordinal severity prediction,personality TF-IDF + Logistic,ordinal_prediction,personality_agreeableness_bin,low,QWK,0.38489164782479823,0.08255783728175582,,,5,40.0,40.0,not_computed_default_lightweight
mpdd_personality_severity_tfidf_logistic_phase3,MPDD-AVG-2026,Personality,ordinal severity prediction,personality TF-IDF + Logistic,ordinal_prediction,personality_agreeableness_bin,low,True Label Probability,0.38895624088530467,0.00267535194686853,,,5,40.0,40.0,not_computed_default_lightweight
mpdd_personality_severity_tfidf_logistic_phase3,MPDD-AVG-2026,Personality,ordinal severity prediction,personality TF-IDF + Logistic,ordinal_prediction,personality_agreeableness_bin,mid,Accuracy,0.48695652173913045,0.03790346907426673,,,5,46.0,46.0,not_computed_default_lightweight
mpdd_personality_severity_tfidf_logistic_phase3,MPDD-AVG-2026,Personality,ordinal severity prediction,personality TF-IDF + Logistic,ordinal_prediction,personality_agreeableness_bin,mid,Brier Score,0.6119463312295943,0.015144682826747432,,,5,46.0,46.0,not_computed_default_lightweight
mpdd_personality_severity_tfidf_logistic_phase3,MPDD-AVG-2026,Personality,ordinal severity prediction,personality TF-IDF + Logistic,ordinal_prediction,personality_agreeableness_bin,mid,Calibration Gap,-0.03258317334958655,0.03537399161080917,,,5,46.0,46.0,not_computed_default_lightweight
mpdd_personality_severity_tfidf_logistic_phase3,MPDD-AVG-2026,Personality,ordinal severity prediction,personality TF-IDF + Logistic,ordinal_prediction,personality_agreeableness_bin,mid,ECE,0.1056703379511073,0.029355830278430306,,,5,46.0,46.0,not_computed_default_lightweight
mpdd_personality_severity_tfidf_logistic_phase3,MPDD-AVG-2026,Personality,ordinal severity prediction,personality TF-IDF + Logistic,ordinal_prediction,personality_agreeableness_bin,mid,Macro-F1,0.35021554768797075,0.026483358441578685,,,5,46.0,46.0,not_computed_default_lightweight
mpdd_personality_severity_tfidf_logistic_phase3,MPDD-AVG-2026,Personality,ordinal severity prediction,personality TF-IDF + Logistic,ordinal_prediction,personality_agreeableness_bin,mid,Mean Confidence,0.4543733483895438,0.0042404595624099175,,,5,46.0,46.0,not_computed_default_lightweight
mpdd_personality_severity_tfidf_logistic_phase3,MPDD-AVG-2026,Personality,ordinal severity prediction,personality TF-IDF + Logistic,ordinal_prediction,personality_agreeableness_bin,mid,Ordinal MAE,0.5521739130434782,0.04682752006203918,,,5,46.0,46.0,not_computed_default_lightweight
mpdd_personality_severity_tfidf_logistic_phase3,MPDD-AVG-2026,Personality,ordinal severity prediction,personality TF-IDF + Logistic,ordinal_prediction,personality_agreeableness_bin,mid,Prediction Bias,0.2391304347826087,0.03888813873912678,,,5,46.0,46.0,not_computed_default_lightweight
mpdd_personality_severity_tfidf_logistic_phase3,MPDD-AVG-2026,Personality,ordinal severity prediction,personality TF-IDF + Logistic,ordinal_prediction,personality_agreeableness_bin,mid,QWK,0.2505747206855587,0.07355871131871675,,,5,46.0,46.0,not_computed_default_lightweight
mpdd_personality_severity_tfidf_logistic_phase3,MPDD-AVG-2026,Personality,ordinal severity prediction,personality TF-IDF + Logistic,ordinal_prediction,personality_agreeableness_bin,mid,True Label Probability,0.379195870153273,0.008321614776120893,,,5,46.0,46.0,not_computed_default_lightweight
mpdd_personality_severity_tfidf_logistic_phase3,MPDD-AVG-2026,Personality,ordinal severity prediction,personality TF-IDF + Logistic,ordinal_prediction,personality_agreeableness_bin,unknown,Accuracy,0.6688524590163933,0.006557377049180336,,,5,61.0,61.0,not_computed_default_lightweight
mpdd_personality_severity_tfidf_logistic_phase3,MPDD-AVG-2026,Personality,ordinal severity prediction,personality TF-IDF + Logistic,ordinal_prediction,personality_agreeableness_bin,unknown,Brier Score,0.5490214727877776,0.0047547067561194084,,,5,61.0,61.0,not_computed_default_lightweight
mpdd_personality_severity_tfidf_logistic_phase3,MPDD-AVG-2026,Personality,ordinal severity prediction,personality TF-IDF + Logistic,ordinal_prediction,personality_agreeableness_bin,unknown,Calibration Gap,-0.1902807811071588,0.006983904199161719,,,5,61.0,61.0,not_computed_default_lightweight
mpdd_personality_severity_tfidf_logistic_phase3,MPDD-AVG-2026,Personality,ordinal severity prediction,personality TF-IDF + Logistic,ordinal_prediction,personality_agreeableness_bin,unknown,ECE,0.21010025711784378,0.011464991291212888,,,5,61.0,61.0,not_computed_default_lightweight
mpdd_personality_severity_tfidf_logistic_phase3,MPDD-AVG-2026,Personality,ordinal severity prediction,personality TF-IDF + Logistic,ordinal_prediction,personality_agreeableness_bin,unknown,Macro-F1,0.2801943694969737,0.0239188735913671,,,5,61.0,61.0,not_computed_default_lightweight
mpdd_personality_severity_tfidf_logistic_phase3,MPDD-AVG-2026,Personality,ordinal severity prediction,personality TF-IDF + Logistic,ordinal_prediction,personality_agreeableness_bin,unknown,Mean Confidence,0.4785716779092346,0.0022585926206129254,,,5,61.0,61.0,not_computed_default_lightweight
mpdd_personality_severity_tfidf_logistic_phase3,MPDD-AVG-2026,Personality,ordinal severity prediction,personality TF-IDF + Logistic,ordinal_prediction,personality_agreeableness_bin,unknown,Ordinal MAE,0.46557377049180326,0.016718096765877977,,,5,61.0,61.0,not_computed_default_lightweight
mpdd_personality_severity_tfidf_logistic_phase3,MPDD-AVG-2026,Personality,ordinal severity prediction,personality TF-IDF + Logistic,ordinal_prediction,personality_agreeableness_bin,unknown,Prediction Bias,-0.380327868852459,0.04566684681043974,,,5,61.0,61.0,not_computed_default_lightweight
mpdd_personality_severity_tfidf_logistic_phase3,MPDD-AVG-2026,Personality,ordinal severity prediction,personality TF-IDF + Logistic,ordinal_prediction,personality_agreeableness_bin,unknown,QWK,0.02684455558680481,0.08394682764532164,,,5,61.0,61.0,not_computed_default_lightweight
mpdd_personality_severity_tfidf_logistic_phase3,MPDD-AVG-2026,Personality,ordinal severity prediction,personality TF-IDF + Logistic,ordinal_prediction,personality_agreeableness_bin,unknown,True Label Probability,0.4125062574441557,0.0030195913564087205,,,5,61.0,61.0,not_computed_default_lightweight
mpdd_personality_severity_tfidf_logistic_phase3,MPDD-AVG-2026,Personality,ordinal severity prediction,personality TF-IDF + Logistic,ordinal_prediction,personality_conscientiousness_bin,high,Accuracy,0.65,0.02551249838734922,,,5,52.0,52.0,not_computed_default_lightweight
mpdd_personality_severity_tfidf_logistic_phase3,MPDD-AVG-2026,Personality,ordinal severity prediction,personality TF-IDF + Logistic,ordinal_prediction,personality_conscientiousness_bin,high,Brier Score,0.5419868905615796,0.01033106777062871,,,5,52.0,52.0,not_computed_default_lightweight
mpdd_personality_severity_tfidf_logistic_phase3,MPDD-AVG-2026,Personality,ordinal severity prediction,personality TF-IDF + Logistic,ordinal_prediction,personality_conscientiousness_bin,high,Calibration Gap,-0.17342715860097752,0.023389826525627946,,,5,52.0,52.0,not_computed_default_lightweight
mpdd_personality_severity_tfidf_logistic_phase3,MPDD-AVG-2026,Personality,ordinal severity prediction,personality TF-IDF + Logistic,ordinal_prediction,personality_conscientiousness_bin,high,ECE,0.20468346918013344,0.018955358342498844,,,5,52.0,52.0,not_computed_default_lightweight
mpdd_personality_severity_tfidf_logistic_phase3,MPDD-AVG-2026,Personality,ordinal severity prediction,personality TF-IDF + Logistic,ordinal_prediction,personality_conscientiousness_bin,high,Macro-F1,0.43717527627744346,0.06495663946873903,,,5,52.0,52.0,not_computed_default_lightweight
mpdd_personality_severity_tfidf_logistic_phase3,MPDD-AVG-2026,Personality,ordinal severity prediction,personality TF-IDF + Logistic,ordinal_prediction,personality_conscientiousness_bin,high,Mean Confidence,0.47657284139902245,0.0033157794691124525,,,5,52.0,52.0,not_computed_default_lightweight
mpdd_personality_severity_tfidf_logistic_phase3,MPDD-AVG-2026,Personality,ordinal severity prediction,personality TF-IDF + Logistic,ordinal_prediction,personality_conscientiousness_bin,high,Ordinal MAE,0.48461538461538467,0.044522449626116255,,,5,52.0,52.0,not_computed_default_lightweight
mpdd_personality_severity_tfidf_logistic_phase3,MPDD-AVG-2026,Personality,ordinal severity prediction,personality TF-IDF + Logistic,ordinal_prediction,personality_conscientiousness_bin,high,Prediction Bias,-0.27692307692307694,0.0260858845504818,,,5,52.0,52.0,not_computed_default_lightweight
mpdd_personality_severity_tfidf_logistic_phase3,MPDD-AVG-2026,Personality,ordinal severity prediction,personality TF-IDF + Logistic,ordinal_prediction,personality_conscientiousness_bin,high,QWK,0.15244268774703557,0.11149261610703358,,,5,52.0,52.0,not_computed_default_lightweight
mpdd_personality_severity_tfidf_logistic_phase3,MPDD-AVG-2026,Personality,ordinal severity prediction,personality TF-IDF + Logistic,ordinal_prediction,personality_conscientiousness_bin,high,True Label Probability,0.4156701843546129,0.005686448154783105,,,5,52.0,52.0,not_computed_default_lightweight
mpdd_personality_severity_tfidf_logistic_phase3,MPDD-AVG-2026,Personality,ordinal severity prediction,personality TF-IDF + Logistic,ordinal_prediction,personality_conscientiousness_bin,low,Accuracy,0.4068965517241379,0.02580453370188924,,,5,58.0,58.0,not_computed_default_lightweight
mpdd_personality_severity_tfidf_logistic_phase3,MPDD-AVG-2026,Personality,ordinal severity prediction,personality TF-IDF + Logistic,ordinal_prediction,personality_conscientiousness_bin,low,Brier Score,0.6549583179823066,0.008120036738075756,,,5,58.0,58.0,not_computed_default_lightweight
mpdd_personality_severity_tfidf_logistic_phase3,MPDD-AVG-2026,Personality,ordinal severity prediction,personality TF-IDF + Logistic,ordinal_prediction,personality_conscientiousness_bin,low,Calibration Gap,0.04191726530315487,0.029623347968187864,,,5,58.0,58.0,not_computed_default_lightweight
mpdd_personality_severity_tfidf_logistic_phase3,MPDD-AVG-2026,Personality,ordinal severity prediction,personality TF-IDF + Logistic,ordinal_prediction,personality_conscientiousness_bin,low,ECE,0.09941747181820786,0.023361217798505203,,,5,58.0,58.0,not_computed_default_lightweight
mpdd_personality_severity_tfidf_logistic_phase3,MPDD-AVG-2026,Personality,ordinal severity prediction,personality TF-IDF + Logistic,ordinal_prediction,personality_conscientiousness_bin,low,Macro-F1,0.30658301334701965,0.024194569270164175,,,5,58.0,58.0,not_computed_default_lightweight
mpdd_personality_severity_tfidf_logistic_phase3,MPDD-AVG-2026,Personality,ordinal severity prediction,personality TF-IDF + Logistic,ordinal_prediction,personality_conscientiousness_bin,low,Mean Confidence,0.4488138170272927,0.005183498655544322,,,5,58.0,58.0,not_computed_default_lightweight
mpdd_personality_severity_tfidf_logistic_phase3,MPDD-AVG-2026,Personality,ordinal severity prediction,personality TF-IDF + Logistic,ordinal_prediction,personality_conscientiousness_bin,low,Ordinal MAE,0.6241379310344828,0.020106730671880353,,,5,58.0,58.0,not_computed_default_lightweight
mpdd_personality_severity_tfidf_logistic_phase3,MPDD-AVG-2026,Personality,ordinal severity prediction,personality TF-IDF + Logistic,ordinal_prediction,personality_conscientiousness_bin,low,Prediction Bias,0.1827586206896552,0.023387344769397474,,,5,58.0,58.0,not_computed_default_lightweight
mpdd_personality_severity_tfidf_logistic_phase3,MPDD-AVG-2026,Personality,ordinal severity prediction,personality TF-IDF + Logistic,ordinal_prediction,personality_conscientiousness_bin,low,QWK,0.1583244574626843,0.025765827786474176,,,5,58.0,58.0,not_computed_default_lightweight
mpdd_personality_severity_tfidf_logistic_phase3,MPDD-AVG-2026,Personality,ordinal severity prediction,personality TF-IDF + Logistic,ordinal_prediction,personality_conscientiousness_bin,low,True Label Probability,0.3557189471065199,0.003825745704831117,,,5,58.0,58.0,not_computed_default_lightweight
mpdd_personality_severity_tfidf_logistic_phase3,MPDD-AVG-2026,Personality,ordinal severity prediction,personality TF-IDF + Logistic,ordinal_prediction,personality_conscientiousness_bin,mid,Accuracy,0.6615384615384616,0.019187986598840693,,,5,39.0,39.0,not_computed_default_lightweight
mpdd_personality_severity_tfidf_logistic_phase3,MPDD-AVG-2026,Personality,ordinal severity prediction,personality TF-IDF + Logistic,ordinal_prediction,personality_conscientiousness_bin,mid,Brier Score,0.5545215631295533,0.009101867824677411,,,5,39.0,39.0,not_computed_default_lightweight
mpdd_personality_severity_tfidf_logistic_phase3,MPDD-AVG-2026,Personality,ordinal severity prediction,personality TF-IDF + Logistic,ordinal_prediction,personality_conscientiousness_bin,mid,Calibration Gap,-0.18728721590606262,0.01811091632140609,,,5,39.0,39.0,not_computed_default_lightweight
mpdd_personality_severity_tfidf_logistic_phase3,MPDD-AVG-2026,Personality,ordinal severity prediction,personality TF-IDF + Logistic,ordinal_prediction,personality_conscientiousness_bin,mid,ECE,0.19462201131418913,0.017270940259567026,,,5,39.0,39.0,not_computed_default_lightweight
mpdd_personality_severity_tfidf_logistic_phase3,MPDD-AVG-2026,Personality,ordinal severity prediction,personality TF-IDF + Logistic,ordinal_prediction,personality_conscientiousness_bin,mid,Macro-F1,0.5194173426946536,0.05057998095201607,,,5,39.0,39.0,not_computed_default_lightweight
mpdd_personality_severity_tfidf_logistic_phase3,MPDD-AVG-2026,Personality,ordinal severity prediction,personality TF-IDF + Logistic,ordinal_prediction,personality_conscientiousness_bin,mid,Mean Confidence,0.4742512456323989,0.005643380153537101,,,5,39.0,39.0,not_computed_default_lightweight
mpdd_personality_severity_tfidf_logistic_phase3,MPDD-AVG-2026,Personality,ordinal severity prediction,personality TF-IDF + Logistic,ordinal_prediction,personality_conscientiousness_bin,mid,Ordinal MAE,0.37948717948717947,0.03768445758127967,,,5,39.0,39.0,not_computed_default_lightweight
mpdd_personality_severity_tfidf_logistic_phase3,MPDD-AVG-2026,Personality,ordinal severity prediction,personality TF-IDF + Logistic,ordinal_prediction,personality_conscientiousness_bin,mid,Prediction Bias,0.041025641025641026,0.034781179400642404,,,5,39.0,39.0,not_computed_default_lightweight
mpdd_personality_severity_tfidf_logistic_phase3,MPDD-AVG-2026,Personality,ordinal severity prediction,personality TF-IDF + Logistic,ordinal_prediction,personality_conscientiousness_bin,mid,QWK,0.4083117259972907,0.08842278632690229,,,5,39.0,39.0,not_computed_default_lightweight
mpdd_personality_severity_tfidf_logistic_phase3,MPDD-AVG-2026,Personality,ordinal severity prediction,personality TF-IDF + Logistic,ordinal_prediction,personality_conscientiousness_bin,mid,True Label Probability,0.41115841145626886,0.005389507035358276,,,5,39.0,39.0,not_computed_default_lightweight
mpdd_personality_severity_tfidf_logistic_phase3,MPDD-AVG-2026,Personality,ordinal severity prediction,personality TF-IDF + Logistic,ordinal_prediction,personality_conscientiousness_bin,unknown,Accuracy,0.6538461538461539,0.02432521277052598,,,5,26.0,26.0,not_computed_default_lightweight
mpdd_personality_severity_tfidf_logistic_phase3,MPDD-AVG-2026,Personality,ordinal severity prediction,personality TF-IDF + Logistic,ordinal_prediction,personality_conscientiousness_bin,unknown,Brier Score,0.5587476879191652,0.007926818249198867,,,5,26.0,26.0,not_computed_default_lightweight
mpdd_personality_severity_tfidf_logistic_phase3,MPDD-AVG-2026,Personality,ordinal severity prediction,personality TF-IDF + Logistic,ordinal_prediction,personality_conscientiousness_bin,unknown,Calibration Gap,-0.19278917251403213,0.021723402338000034,,,5,26.0,26.0,not_computed_default_lightweight
mpdd_personality_severity_tfidf_logistic_phase3,MPDD-AVG-2026,Personality,ordinal severity prediction,personality TF-IDF + Logistic,ordinal_prediction,personality_conscientiousness_bin,unknown,ECE,0.23352023158500654,0.01329360942520383,,,5,26.0,26.0,not_computed_default_lightweight
mpdd_personality_severity_tfidf_logistic_phase3,MPDD-AVG-2026,Personality,ordinal severity prediction,personality TF-IDF + Logistic,ordinal_prediction,personality_conscientiousness_bin,unknown,Macro-F1,0.2685896973134636,0.005150762364999547,,,5,26.0,26.0,not_computed_default_lightweight
mpdd_personality_severity_tfidf_logistic_phase3,MPDD-AVG-2026,Personality,ordinal severity prediction,personality TF-IDF + Logistic,ordinal_prediction,personality_conscientiousness_bin,unknown,Mean Confidence,0.46105698133212175,0.005292430018032742,,,5,26.0,26.0,not_computed_default_lightweight
mpdd_personality_severity_tfidf_logistic_phase3,MPDD-AVG-2026,Personality,ordinal severity prediction,personality TF-IDF + Logistic,ordinal_prediction,personality_conscientiousness_bin,unknown,Ordinal MAE,0.5,0.042132504423474285,,,5,26.0,26.0,not_computed_default_lightweight
mpdd_personality_severity_tfidf_logistic_phase3,MPDD-AVG-2026,Personality,ordinal severity prediction,personality TF-IDF + Logistic,ordinal_prediction,personality_conscientiousness_bin,unknown,Prediction Bias,-0.36153846153846153,0.09910845174403943,,,5,26.0,26.0,not_computed_default_lightweight
mpdd_personality_severity_tfidf_logistic_phase3,MPDD-AVG-2026,Personality,ordinal severity prediction,personality TF-IDF + Logistic,ordinal_prediction,personality_conscientiousness_bin,unknown,QWK,0.031824087956022006,0.08923394932207108,,,5,26.0,26.0,not_computed_default_lightweight
mpdd_personality_severity_tfidf_logistic_phase3,MPDD-AVG-2026,Personality,ordinal severity prediction,personality TF-IDF + Logistic,ordinal_prediction,personality_conscientiousness_bin,unknown,True Label Probability,0.4036754240778504,0.0039769495415444825,,,5,26.0,26.0,not_computed_default_lightweight
mpdd_personality_severity_tfidf_logistic_phase3,MPDD-AVG-2026,Personality,ordinal severity prediction,personality TF-IDF + Logistic,ordinal_prediction,personality_extraversion_bin,high,Accuracy,0.8,0.02878197989826107,,,5,26.0,26.0,not_computed_default_lightweight
mpdd_personality_severity_tfidf_logistic_phase3,MPDD-AVG-2026,Personality,ordinal severity prediction,personality TF-IDF + Logistic,ordinal_prediction,personality_extraversion_bin,high,Brier Score,0.48399002861816454,0.009990363795980136,,,5,26.0,26.0,not_computed_default_lightweight
mpdd_personality_severity_tfidf_logistic_phase3,MPDD-AVG-2026,Personality,ordinal severity prediction,personality TF-IDF + Logistic,ordinal_prediction,personality_extraversion_bin,high,Calibration Gap,-0.31877242146527107,0.03220607242919739,,,5,26.0,26.0,not_computed_default_lightweight
mpdd_personality_severity_tfidf_logistic_phase3,MPDD-AVG-2026,Personality,ordinal severity prediction,personality TF-IDF + Logistic,ordinal_prediction,personality_extraversion_bin,high,ECE,0.33052468941981117,0.04310213570114645,,,5,26.0,26.0,not_computed_default_lightweight
mpdd_personality_severity_tfidf_logistic_phase3,MPDD-AVG-2026,Personality,ordinal severity prediction,personality TF-IDF + Logistic,ordinal_prediction,personality_extraversion_bin,high,Macro-F1,0.4937842830397387,0.026388591984063008,,,5,26.0,26.0,not_computed_default_lightweight
mpdd_personality_severity_tfidf_logistic_phase3,MPDD-AVG-2026,Personality,ordinal severity prediction,personality TF-IDF + Logistic,ordinal_prediction,personality_extraversion_bin,high,Mean Confidence,0.481227578534729,0.007401840759903168,,,5,26.0,26.0,not_computed_default_lightweight
mpdd_personality_severity_tfidf_logistic_phase3,MPDD-AVG-2026,Personality,ordinal severity prediction,personality TF-IDF + Logistic,ordinal_prediction,personality_extraversion_bin,high,Ordinal MAE,0.24615384615384617,0.0392232270276368,,,5,26.0,26.0,not_computed_default_lightweight
mpdd_personality_severity_tfidf_logistic_phase3,MPDD-AVG-2026,Personality,ordinal severity prediction,personality TF-IDF + Logistic,ordinal_prediction,personality_extraversion_bin,high,Prediction Bias,-0.09230769230769231,0.03922322702763681,,,5,26.0,26.0,not_computed_default_lightweight
mpdd_personality_severity_tfidf_logistic_phase3,MPDD-AVG-2026,Personality,ordinal severity prediction,personality TF-IDF + Logistic,ordinal_prediction,personality_extraversion_bin,high,QWK,0.4984923432617355,0.07037369448618049,,,5,26.0,26.0,not_computed_default_lightweight
mpdd_personality_severity_tfidf_logistic_phase3,MPDD-AVG-2026,Personality,ordinal severity prediction,personality TF-IDF + Logistic,ordinal_prediction,personality_extraversion_bin,high,True Label Probability,0.44710463878049833,0.005791890429604207,,,5,26.0,26.0,not_computed_default_lightweight
mpdd_personality_severity_tfidf_logistic_phase3,MPDD-AVG-2026,Personality,ordinal severity prediction,personality TF-IDF + Logistic,ordinal_prediction,personality_extraversion_bin,low,Accuracy,0.396,0.03440930106817049,,,5,50.0,50.0,not_computed_default_lightweight
mpdd_personality_severity_tfidf_logistic_phase3,MPDD-AVG-2026,Personality,ordinal severity prediction,personality TF-IDF + Logistic,ordinal_prediction,personality_extraversion_bin,low,Brier Score,0.6537702399250673,0.010907697886643693,,,5,50.0,50.0,not_computed_default_lightweight
mpdd_personality_severity_tfidf_logistic_phase3,MPDD-AVG-2026,Personality,ordinal severity prediction,personality TF-IDF + Logistic,ordinal_prediction,personality_extraversion_bin,low,Calibration Gap,0.0542770080181512,0.03572235648185304,,,5,50.0,50.0,not_computed_default_lightweight
mpdd_personality_severity_tfidf_logistic_phase3,MPDD-AVG-2026,Personality,ordinal severity prediction,personality TF-IDF + Logistic,ordinal_prediction,personality_extraversion_bin,low,ECE,0.0837771231663895,0.025375935293345576,,,5,50.0,50.0,not_computed_default_lightweight
mpdd_personality_severity_tfidf_logistic_phase3,MPDD-AVG-2026,Personality,ordinal severity prediction,personality TF-IDF + Logistic,ordinal_prediction,personality_extraversion_bin,low,Macro-F1,0.3091903585725122,0.015420646520044668,,,5,50.0,50.0,not_computed_default_lightweight
mpdd_personality_severity_tfidf_logistic_phase3,MPDD-AVG-2026,Personality,ordinal severity prediction,personality TF-IDF + Logistic,ordinal_prediction,personality_extraversion_bin,low,Mean Confidence,0.4502770080181512,0.002343910534374346,,,5,50.0,50.0,not_computed_default_lightweight
mpdd_personality_severity_tfidf_logistic_phase3,MPDD-AVG-2026,Personality,ordinal severity prediction,personality TF-IDF + Logistic,ordinal_prediction,personality_extraversion_bin,low,Ordinal MAE,0.656,0.03878143885933063,,,5,50.0,50.0,not_computed_default_lightweight
mpdd_personality_severity_tfidf_logistic_phase3,MPDD-AVG-2026,Personality,ordinal severity prediction,personality TF-IDF + Logistic,ordinal_prediction,personality_extraversion_bin,low,Prediction Bias,0.07200000000000001,0.02039607805437114,,,5,50.0,50.0,not_computed_default_lightweight
mpdd_personality_severity_tfidf_logistic_phase3,MPDD-AVG-2026,Personality,ordinal severity prediction,personality TF-IDF + Logistic,ordinal_prediction,personality_extraversion_bin,low,QWK,0.16032541976688525,0.04561967486283889,,,5,50.0,50.0,not_computed_default_lightweight
mpdd_personality_severity_tfidf_logistic_phase3,MPDD-AVG-2026,Personality,ordinal severity prediction,personality TF-IDF + Logistic,ordinal_prediction,personality_extraversion_bin,low,True Label Probability,0.3551817391099364,0.0052759144049793275,,,5,50.0,50.0,not_computed_default_lightweight
mpdd_personality_severity_tfidf_logistic_phase3,MPDD-AVG-2026,Personality,ordinal severity prediction,personality TF-IDF + Logistic,ordinal_prediction,personality_extraversion_bin,mid,Accuracy,0.6,0.03999166926992941,,,5,49.0,49.0,not_computed_default_lightweight
mpdd_personality_severity_tfidf_logistic_phase3,MPDD-AVG-2026,Personality,ordinal severity prediction,personality TF-IDF + Logistic,ordinal_prediction,personality_extraversion_bin,mid,Brier Score,0.5731534401380391,0.010483582321398335,,,5,49.0,49.0,not_computed_default_lightweight
mpdd_personality_severity_tfidf_logistic_phase3,MPDD-AVG-2026,Personality,ordinal severity prediction,personality TF-IDF + Logistic,ordinal_prediction,personality_extraversion_bin,mid,Calibration Gap,-0.13552151210018426,0.03937301997781818,,,5,49.0,49.0,not_computed_default_lightweight
mpdd_personality_severity_tfidf_logistic_phase3,MPDD-AVG-2026,Personality,ordinal severity prediction,personality TF-IDF + Logistic,ordinal_prediction,personality_extraversion_bin,mid,ECE,0.17032474145321436,0.026503030708400585,,,5,49.0,49.0,not_computed_default_lightweight
mpdd_personality_severity_tfidf_logistic_phase3,MPDD-AVG-2026,Personality,ordinal severity prediction,personality TF-IDF + Logistic,ordinal_prediction,personality_extraversion_bin,mid,Macro-F1,0.4367569161528519,0.060322552878931276,,,5,49.0,49.0,not_computed_default_lightweight
mpdd_personality_severity_tfidf_logistic_phase3,MPDD-AVG-2026,Personality,ordinal severity prediction,personality TF-IDF + Logistic,ordinal_prediction,personality_extraversion_bin,mid,Mean Confidence,0.4644784878998157,0.0036607022204634978,,,5,49.0,49.0,not_computed_default_lightweight
mpdd_personality_severity_tfidf_logistic_phase3,MPDD-AVG-2026,Personality,ordinal severity prediction,personality TF-IDF + Logistic,ordinal_prediction,personality_extraversion_bin,mid,Ordinal MAE,0.4408163265306122,0.037851504063247776,,,5,49.0,49.0,not_computed_default_lightweight
mpdd_personality_severity_tfidf_logistic_phase3,MPDD-AVG-2026,Personality,ordinal severity prediction,personality TF-IDF + Logistic,ordinal_prediction,personality_extraversion_bin,mid,Prediction Bias,0.13061224489795917,0.020812324545276668,,,5,49.0,49.0,not_computed_default_lightweight
mpdd_personality_severity_tfidf_logistic_phase3,MPDD-AVG-2026,Personality,ordinal severity prediction,personality TF-IDF + Logistic,ordinal_prediction,personality_extraversion_bin,mid,QWK,0.2387595468282358,0.08154852428948234,,,5,49.0,49.0,not_computed_default_lightweight
mpdd_personality_severity_tfidf_logistic_phase3,MPDD-AVG-2026,Personality,ordinal severity prediction,personality TF-IDF + Logistic,ordinal_prediction,personality_extraversion_bin,mid,True Label Probability,0.4001156135148009,0.005327701951589409,,,5,49.0,49.0,not_computed_default_lightweight
mpdd_personality_severity_tfidf_logistic_phase3,MPDD-AVG-2026,Personality,ordinal severity prediction,personality TF-IDF + Logistic,ordinal_prediction,personality_extraversion_bin,unknown,Accuracy,0.604,0.026532998322843185,,,5,50.0,50.0,not_computed_default_lightweight
mpdd_personality_severity_tfidf_logistic_phase3,MPDD-AVG-2026,Personality,ordinal severity prediction,personality TF-IDF + Logistic,ordinal_prediction,personality_extraversion_bin,unknown,Brier Score,0.5793582058607445,0.0051804337773807335,,,5,50.0,50.0,not_computed_default_lightweight
mpdd_personality_severity_tfidf_logistic_phase3,MPDD-AVG-2026,Personality,ordinal severity prediction,personality TF-IDF + Logistic,ordinal_prediction,personality_extraversion_bin,unknown,Calibration Gap,-0.1337788823054123,0.026525303668870605,,,5,50.0,50.0,not_computed_default_lightweight
mpdd_personality_severity_tfidf_logistic_phase3,MPDD-AVG-2026,Personality,ordinal severity prediction,personality TF-IDF + Logistic,ordinal_prediction,personality_extraversion_bin,unknown,ECE,0.1751929516084215,0.025226597129477005,,,5,50.0,50.0,not_computed_default_lightweight
mpdd_personality_severity_tfidf_logistic_phase3,MPDD-AVG-2026,Personality,ordinal severity prediction,personality TF-IDF + Logistic,ordinal_prediction,personality_extraversion_bin,unknown,Macro-F1,0.33065919065919064,0.0548233090743876,,,5,50.0,50.0,not_computed_default_lightweight
mpdd_personality_severity_tfidf_logistic_phase3,MPDD-AVG-2026,Personality,ordinal severity prediction,personality TF-IDF + Logistic,ordinal_prediction,personality_extraversion_bin,unknown,Mean Confidence,0.47022111769458774,0.0032140764342150413,,,5,50.0,50.0,not_computed_default_lightweight
mpdd_personality_severity_tfidf_logistic_phase3,MPDD-AVG-2026,Personality,ordinal severity prediction,personality TF-IDF + Logistic,ordinal_prediction,personality_extraversion_bin,unknown,Ordinal MAE,0.5680000000000001,0.05455272678794343,,,5,50.0,50.0,not_computed_default_lightweight
mpdd_personality_severity_tfidf_logistic_phase3,MPDD-AVG-2026,Personality,ordinal severity prediction,personality TF-IDF + Logistic,ordinal_prediction,personality_extraversion_bin,unknown,Prediction Bias,-0.384,0.06118823416311342,,,5,50.0,50.0,not_computed_default_lightweight
mpdd_personality_severity_tfidf_logistic_phase3,MPDD-AVG-2026,Personality,ordinal severity prediction,personality TF-IDF + Logistic,ordinal_prediction,personality_extraversion_bin,unknown,QWK,0.12733980394908412,0.1354453295168859,,,5,50.0,50.0,not_computed_default_lightweight
mpdd_personality_severity_tfidf_logistic_phase3,MPDD-AVG-2026,Personality,ordinal severity prediction,personality TF-IDF + Logistic,ordinal_prediction,personality_extraversion_bin,unknown,True Label Probability,0.39575629930843215,0.0029094087271364115,,,5,50.0,50.0,not_computed_default_lightweight
mpdd_personality_severity_tfidf_logistic_phase3,MPDD-AVG-2026,Personality,ordinal severity prediction,personality TF-IDF + Logistic,ordinal_prediction,personality_neuroticism_bin,high,Accuracy,0.36190476190476184,0.03809523809523809,,,5,21.0,21.0,not_computed_default_lightweight
mpdd_personality_severity_tfidf_logistic_phase3,MPDD-AVG-2026,Personality,ordinal severity prediction,personality TF-IDF + Logistic,ordinal_prediction,personality_neuroticism_bin,high,Brier Score,0.7009922227797014,0.0068836143414321566,,,5,21.0,21.0,not_computed_default_lightweight
mpdd_personality_severity_tfidf_logistic_phase3,MPDD-AVG-2026,Personality,ordinal severity prediction,personality TF-IDF + Logistic,ordinal_prediction,personality_neuroticism_bin,high,Calibration Gap,0.10273843786963084,0.03744009406063368,,,5,21.0,21.0,not_computed_default_lightweight
mpdd_personality_severity_tfidf_logistic_phase3,MPDD-AVG-2026,Personality,ordinal severity prediction,personality TF-IDF + Logistic,ordinal_prediction,personality_neuroticism_bin,high,ECE,0.12053568924615468,0.029382928547775435,,,5,21.0,21.0,not_computed_default_lightweight
mpdd_personality_severity_tfidf_logistic_phase3,MPDD-AVG-2026,Personality,ordinal severity prediction,personality TF-IDF + Logistic,ordinal_prediction,personality_neuroticism_bin,high,Macro-F1,0.3005191105191105,0.0598568081426063,,,5,21.0,21.0,not_computed_default_lightweight
mpdd_personality_severity_tfidf_logistic_phase3,MPDD-AVG-2026,Personality,ordinal severity prediction,personality TF-IDF + Logistic,ordinal_prediction,personality_neuroticism_bin,high,Mean Confidence,0.4646431997743927,0.008534344200848334,,,5,21.0,21.0,not_computed_default_lightweight
mpdd_personality_severity_tfidf_logistic_phase3,MPDD-AVG-2026,Personality,ordinal severity prediction,personality TF-IDF + Logistic,ordinal_prediction,personality_neuroticism_bin,high,Ordinal MAE,0.7523809523809525,0.05553287518900284,,,5,21.0,21.0,not_computed_default_lightweight
mpdd_personality_severity_tfidf_logistic_phase3,MPDD-AVG-2026,Personality,ordinal severity prediction,personality TF-IDF + Logistic,ordinal_prediction,personality_neuroticism_bin,high,Prediction Bias,-0.21904761904761907,0.04856209060564557,,,5,21.0,21.0,not_computed_default_lightweight
mpdd_personality_severity_tfidf_logistic_phase3,MPDD-AVG-2026,Personality,ordinal severity prediction,personality TF-IDF + Logistic,ordinal_prediction,personality_neuroticism_bin,high,QWK,0.1988808934857083,0.08106689236667297,,,5,21.0,21.0,not_computed_default_lightweight
mpdd_personality_severity_tfidf_logistic_phase3,MPDD-AVG-2026,Personality,ordinal severity prediction,personality TF-IDF + Logistic,ordinal_prediction,personality_neuroticism_bin,high,True Label Probability,0.3346488993229745,0.004445819695731079,,,5,21.0,21.0,not_computed_default_lightweight
mpdd_personality_severity_tfidf_logistic_phase3,MPDD-AVG-2026,Personality,ordinal severity prediction,personality TF-IDF + Logistic,ordinal_prediction,personality_neuroticism_bin,low,Accuracy,0.632258064516129,0.0237047394462888,,,5,62.0,62.0,not_computed_default_lightweight
mpdd_personality_severity_tfidf_logistic_phase3,MPDD-AVG-2026,Personality,ordinal severity prediction,personality TF-IDF + Logistic,ordinal_prediction,personality_neuroticism_bin,low,Brier Score,0.5534326486931326,0.010927075544632693,,,5,62.0,62.0,not_computed_default_lightweight
mpdd_personality_severity_tfidf_logistic_phase3,MPDD-AVG-2026,Personality,ordinal severity prediction,personality TF-IDF + Logistic,ordinal_prediction,personality_neuroticism_bin,low,Calibration Gap,-0.17015422108512074,0.0219728797643766,,,5,62.0,62.0,not_computed_default_lightweight
mpdd_personality_severity_tfidf_logistic_phase3,MPDD-AVG-2026,Personality,ordinal severity prediction,personality TF-IDF + Logistic,ordinal_prediction,personality_neuroticism_bin,low,ECE,0.18769939882896217,0.026921802007363948,,,5,62.0,62.0,not_computed_default_lightweight
mpdd_personality_severity_tfidf_logistic_phase3,MPDD-AVG-2026,Personality,ordinal severity prediction,personality TF-IDF + Logistic,ordinal_prediction,personality_neuroticism_bin,low,Macro-F1,0.44674055006417834,0.05876525238786253,,,5,62.0,62.0,not_computed_default_lightweight
mpdd_personality_severity_tfidf_logistic_phase3,MPDD-AVG-2026,Personality,ordinal severity prediction,personality TF-IDF + Logistic,ordinal_prediction,personality_neuroticism_bin,low,Mean Confidence,0.46210384343100824,0.003270718333908973,,,5,62.0,62.0,not_computed_default_lightweight
mpdd_personality_severity_tfidf_logistic_phase3,MPDD-AVG-2026,Personality,ordinal severity prediction,personality TF-IDF + Logistic,ordinal_prediction,personality_neuroticism_bin,low,Ordinal MAE,0.4064516129032258,0.02370473944628882,,,5,62.0,62.0,not_computed_default_lightweight
mpdd_personality_severity_tfidf_logistic_phase3,MPDD-AVG-2026,Personality,ordinal severity prediction,personality TF-IDF + Logistic,ordinal_prediction,personality_neuroticism_bin,low,Prediction Bias,0.058064516129032254,0.02991489837256679,,,5,62.0,62.0,not_computed_default_lightweight
mpdd_personality_severity_tfidf_logistic_phase3,MPDD-AVG-2026,Personality,ordinal severity prediction,personality TF-IDF + Logistic,ordinal_prediction,personality_neuroticism_bin,low,QWK,0.2515486924556673,0.07379166924397193,,,5,62.0,62.0,not_computed_default_lightweight
mpdd_personality_severity_tfidf_logistic_phase3,MPDD-AVG-2026,Personality,ordinal severity prediction,personality TF-IDF + Logistic,ordinal_prediction,personality_neuroticism_bin,low,True Label Probability,0.4102746083499388,0.0059441731855247,,,5,62.0,62.0,not_computed_default_lightweight
mpdd_personality_severity_tfidf_logistic_phase3,MPDD-AVG-2026,Personality,ordinal severity prediction,personality TF-IDF + Logistic,ordinal_prediction,personality_neuroticism_bin,mid,Accuracy,0.45714285714285713,0.016326530612244917,,,5,49.0,49.0,not_computed_default_lightweight
mpdd_personality_severity_tfidf_logistic_phase3,MPDD-AVG-2026,Personality,ordinal severity prediction,personality TF-IDF + Logistic,ordinal_prediction,personality_neuroticism_bin,mid,Brier Score,0.6334485847579383,0.003029645169724889,,,5,49.0,49.0,not_computed_default_lightweight
mpdd_personality_severity_tfidf_logistic_phase3,MPDD-AVG-2026,Personality,ordinal severity prediction,personality TF-IDF + Logistic,ordinal_prediction,personality_neuroticism_bin,mid,Calibration Gap,-0.0021156642025903947,0.016858050709472792,,,5,49.0,49.0,not_computed_default_lightweight
mpdd_personality_severity_tfidf_logistic_phase3,MPDD-AVG-2026,Personality,ordinal severity prediction,personality TF-IDF + Logistic,ordinal_prediction,personality_neuroticism_bin,mid,ECE,0.07818804089954887,0.044736247668761026,,,5,49.0,49.0,not_computed_default_lightweight
mpdd_personality_severity_tfidf_logistic_phase3,MPDD-AVG-2026,Personality,ordinal severity prediction,personality TF-IDF + Logistic,ordinal_prediction,personality_neuroticism_bin,mid,Macro-F1,0.3847870485221591,0.03342752868281191,,,5,49.0,49.0,not_computed_default_lightweight
mpdd_personality_severity_tfidf_logistic_phase3,MPDD-AVG-2026,Personality,ordinal severity prediction,personality TF-IDF + Logistic,ordinal_prediction,personality_neuroticism_bin,mid,Mean Confidence,0.4550271929402667,0.005175428392191425,,,5,49.0,49.0,not_computed_default_lightweight
mpdd_personality_severity_tfidf_logistic_phase3,MPDD-AVG-2026,Personality,ordinal severity prediction,personality TF-IDF + Logistic,ordinal_prediction,personality_neuroticism_bin,mid,Ordinal MAE,0.6571428571428571,0.032653061224489785,,,5,49.0,49.0,not_computed_default_lightweight
mpdd_personality_severity_tfidf_logistic_phase3,MPDD-AVG-2026,Personality,ordinal severity prediction,personality TF-IDF + Logistic,ordinal_prediction,personality_neuroticism_bin,mid,Prediction Bias,0.05306122448979592,0.0305441419328485,,,5,49.0,49.0,not_computed_default_lightweight
mpdd_personality_severity_tfidf_logistic_phase3,MPDD-AVG-2026,Personality,ordinal severity prediction,personality TF-IDF + Logistic,ordinal_prediction,personality_neuroticism_bin,mid,QWK,0.123814634966258,0.09130647569252016,,,5,49.0,49.0,not_computed_default_lightweight
mpdd_personality_severity_tfidf_logistic_phase3,MPDD-AVG-2026,Personality,ordinal severity prediction,personality TF-IDF + Logistic,ordinal_prediction,personality_neuroticism_bin,mid,True Label Probability,0.36586741212727253,0.0019264191811018735,,,5,49.0,49.0,not_computed_default_lightweight
mpdd_personality_severity_tfidf_logistic_phase3,MPDD-AVG-2026,Personality,ordinal severity prediction,personality TF-IDF + Logistic,ordinal_prediction,personality_neuroticism_bin,unknown,Accuracy,0.7209302325581395,0.014708268186829661,,,5,43.0,43.0,not_computed_default_lightweight
mpdd_personality_severity_tfidf_logistic_phase3,MPDD-AVG-2026,Personality,ordinal severity prediction,personality TF-IDF + Logistic,ordinal_prediction,personality_neuroticism_bin,unknown,Brier Score,0.5174893034799968,0.008725877417069898,,,5,43.0,43.0,not_computed_default_lightweight
mpdd_personality_severity_tfidf_logistic_phase3,MPDD-AVG-2026,Personality,ordinal severity prediction,personality TF-IDF + Logistic,ordinal_prediction,personality_neuroticism_bin,unknown,Calibration Gap,-0.24204671412620837,0.01368376476999873,,,5,43.0,43.0,not_computed_default_lightweight
mpdd_personality_severity_tfidf_logistic_phase3,MPDD-AVG-2026,Personality,ordinal severity prediction,personality TF-IDF + Logistic,ordinal_prediction,personality_neuroticism_bin,unknown,ECE,0.25650702496878475,0.023522361086218396,,,5,43.0,43.0,not_computed_default_lightweight
mpdd_personality_severity_tfidf_logistic_phase3,MPDD-AVG-2026,Personality,ordinal severity prediction,personality TF-IDF + Logistic,ordinal_prediction,personality_neuroticism_bin,unknown,Macro-F1,0.2807771607223662,0.0025436787367371216,,,5,43.0,43.0,not_computed_default_lightweight
mpdd_personality_severity_tfidf_logistic_phase3,MPDD-AVG-2026,Personality,ordinal severity prediction,personality TF-IDF + Logistic,ordinal_prediction,personality_neuroticism_bin,unknown,Mean Confidence,0.47888351843193105,0.0031182953761156517,,,5,43.0,43.0,not_computed_default_lightweight
mpdd_personality_severity_tfidf_logistic_phase3,MPDD-AVG-2026,Personality,ordinal severity prediction,personality TF-IDF + Logistic,ordinal_prediction,personality_neuroticism_bin,unknown,Ordinal MAE,0.37209302325581395,0.025475467790937966,,,5,43.0,43.0,not_computed_default_lightweight
mpdd_personality_severity_tfidf_logistic_phase3,MPDD-AVG-2026,Personality,ordinal severity prediction,personality TF-IDF + Logistic,ordinal_prediction,personality_neuroticism_bin,unknown,Prediction Bias,-0.30697674418604654,0.04001081519554711,,,5,43.0,43.0,not_computed_default_lightweight
mpdd_personality_severity_tfidf_logistic_phase3,MPDD-AVG-2026,Personality,ordinal severity prediction,personality TF-IDF + Logistic,ordinal_prediction,personality_neuroticism_bin,unknown,QWK,0.01368182462773162,0.051681422640740465,,,5,43.0,43.0,not_computed_default_lightweight
mpdd_personality_severity_tfidf_logistic_phase3,MPDD-AVG-2026,Personality,ordinal severity prediction,personality TF-IDF + Logistic,ordinal_prediction,personality_neuroticism_bin,unknown,True Label Probability,0.42756120450515367,0.005027712605811593,,,5,43.0,43.0,not_computed_default_lightweight
mpdd_personality_severity_tfidf_logistic_phase3,MPDD-AVG-2026,Personality,ordinal severity prediction,personality TF-IDF + Logistic,ordinal_prediction,personality_openness_bin,high,Accuracy,0.45599999999999996,0.019595917942265412,,,5,25.0,25.0,not_computed_default_lightweight
mpdd_personality_severity_tfidf_logistic_phase3,MPDD-AVG-2026,Personality,ordinal severity prediction,personality TF-IDF + Logistic,ordinal_prediction,personality_openness_bin,high,Brier Score,0.6889888772475264,0.004434071348601629,,,5,25.0,25.0,not_computed_default_lightweight
mpdd_personality_severity_tfidf_logistic_phase3,MPDD-AVG-2026,Personality,ordinal severity prediction,personality TF-IDF + Logistic,ordinal_prediction,personality_openness_bin,high,Calibration Gap,-0.0012595813574193815,0.016025657240133415,,,5,25.0,25.0,not_computed_default_lightweight
mpdd_personality_severity_tfidf_logistic_phase3,MPDD-AVG-2026,Personality,ordinal severity prediction,personality TF-IDF + Logistic,ordinal_prediction,personality_openness_bin,high,ECE,0.18011756781427338,0.06286504724417631,,,5,25.0,25.0,not_computed_default_lightweight
mpdd_personality_severity_tfidf_logistic_phase3,MPDD-AVG-2026,Personality,ordinal severity prediction,personality TF-IDF + Logistic,ordinal_prediction,personality_openness_bin,high,Macro-F1,0.38621312021312015,0.029629077001016323,,,5,25.0,25.0,not_computed_default_lightweight
mpdd_personality_severity_tfidf_logistic_phase3,MPDD-AVG-2026,Personality,ordinal severity prediction,personality TF-IDF + Logistic,ordinal_prediction,personality_openness_bin,high,Mean Confidence,0.4547404186425806,0.00718219313480792,,,5,25.0,25.0,not_computed_default_lightweight
mpdd_personality_severity_tfidf_logistic_phase3,MPDD-AVG-2026,Personality,ordinal severity prediction,personality TF-IDF + Logistic,ordinal_prediction,personality_openness_bin,high,Ordinal MAE,0.752,0.029933259094191558,,,5,25.0,25.0,not_computed_default_lightweight
mpdd_personality_severity_tfidf_logistic_phase3,MPDD-AVG-2026,Personality,ordinal severity prediction,personality TF-IDF + Logistic,ordinal_prediction,personality_openness_bin,high,Prediction Bias,0.048,0.06881860213634101,,,5,25.0,25.0,not_computed_default_lightweight
mpdd_personality_severity_tfidf_logistic_phase3,MPDD-AVG-2026,Personality,ordinal severity prediction,personality TF-IDF + Logistic,ordinal_prediction,personality_openness_bin,high,QWK,0.07642574004795924,0.044415910974214524,,,5,25.0,25.0,not_computed_default_lightweight
mpdd_personality_severity_tfidf_logistic_phase3,MPDD-AVG-2026,Personality,ordinal severity prediction,personality TF-IDF + Logistic,ordinal_prediction,personality_openness_bin,high,True Label Probability,0.3390971310273013,0.0011829395774541637,,,5,25.0,25.0,not_computed_default_lightweight
mpdd_personality_severity_tfidf_logistic_phase3,MPDD-AVG-2026,Personality,ordinal severity prediction,personality TF-IDF + Logistic,ordinal_prediction,personality_openness_bin,low,Accuracy,0.5742857142857143,0.022857142857142857,,,5,70.0,70.0,not_computed_default_lightweight
mpdd_personality_severity_tfidf_logistic_phase3,MPDD-AVG-2026,Personality,ordinal severity prediction,personality TF-IDF + Logistic,ordinal_prediction,personality_openness_bin,low,Brier Score,0.5738662603356226,0.00949756019967515,,,5,70.0,70.0,not_computed_default_lightweight
mpdd_personality_severity_tfidf_logistic_phase3,MPDD-AVG-2026,Personality,ordinal severity prediction,personality TF-IDF + Logistic,ordinal_prediction,personality_openness_bin,low,Calibration Gap,-0.1142077759133191,0.022363205088551184,,,5,70.0,70.0,not_computed_default_lightweight
mpdd_personality_severity_tfidf_logistic_phase3,MPDD-AVG-2026,Personality,ordinal severity prediction,personality TF-IDF + Logistic,ordinal_prediction,personality_openness_bin,low,ECE,0.12610866215428407,0.0216320902974838,,,5,70.0,70.0,not_computed_default_lightweight
mpdd_personality_severity_tfidf_logistic_phase3,MPDD-AVG-2026,Personality,ordinal severity prediction,personality TF-IDF + Logistic,ordinal_prediction,personality_openness_bin,low,Macro-F1,0.4597472058154417,0.04787622257522243,,,5,70.0,70.0,not_computed_default_lightweight
mpdd_personality_severity_tfidf_logistic_phase3,MPDD-AVG-2026,Personality,ordinal severity prediction,personality TF-IDF + Logistic,ordinal_prediction,personality_openness_bin,low,Mean Confidence,0.46007793837239513,0.002354564685578557,,,5,70.0,70.0,not_computed_default_lightweight
mpdd_personality_severity_tfidf_logistic_phase3,MPDD-AVG-2026,Personality,ordinal severity prediction,personality TF-IDF + Logistic,ordinal_prediction,personality_openness_bin,low,Ordinal MAE,0.49714285714285716,0.03768830273792263,,,5,70.0,70.0,not_computed_default_lightweight
mpdd_personality_severity_tfidf_logistic_phase3,MPDD-AVG-2026,Personality,ordinal severity prediction,personality TF-IDF + Logistic,ordinal_prediction,personality_openness_bin,low,Prediction Bias,-0.07999999999999999,0.03681171064778607,,,5,70.0,70.0,not_computed_default_lightweight
mpdd_personality_severity_tfidf_logistic_phase3,MPDD-AVG-2026,Personality,ordinal severity prediction,personality TF-IDF + Logistic,ordinal_prediction,personality_openness_bin,low,QWK,0.2810699052965416,0.1027916460280727,,,5,70.0,70.0,not_computed_default_lightweight
mpdd_personality_severity_tfidf_logistic_phase3,MPDD-AVG-2026,Personality,ordinal severity prediction,personality TF-IDF + Logistic,ordinal_prediction,personality_openness_bin,low,True Label Probability,0.39831414816206334,0.005024849897444014,,,5,70.0,70.0,not_computed_default_lightweight
mpdd_personality_severity_tfidf_logistic_phase3,MPDD-AVG-2026,Personality,ordinal severity prediction,personality TF-IDF + Logistic,ordinal_prediction,personality_openness_bin,mid,Accuracy,0.5166666666666667,0.051520102752753934,,,5,36.0,36.0,not_computed_default_lightweight
mpdd_personality_severity_tfidf_logistic_phase3,MPDD-AVG-2026,Personality,ordinal severity prediction,personality TF-IDF + Logistic,ordinal_prediction,personality_openness_bin,mid,Brier Score,0.591696239636928,0.015116752084724792,,,5,36.0,36.0,not_computed_default_lightweight
mpdd_personality_severity_tfidf_logistic_phase3,MPDD-AVG-2026,Personality,ordinal severity prediction,personality TF-IDF + Logistic,ordinal_prediction,personality_openness_bin,mid,Calibration Gap,-0.04929198053150059,0.051367926137555926,,,5,36.0,36.0,not_computed_default_lightweight
mpdd_personality_severity_tfidf_logistic_phase3,MPDD-AVG-2026,Personality,ordinal severity prediction,personality TF-IDF + Logistic,ordinal_prediction,personality_openness_bin,mid,ECE,0.08966909346466141,0.050196039248820525,,,5,36.0,36.0,not_computed_default_lightweight
mpdd_personality_severity_tfidf_logistic_phase3,MPDD-AVG-2026,Personality,ordinal severity prediction,personality TF-IDF + Logistic,ordinal_prediction,personality_openness_bin,mid,Macro-F1,0.3458404612707572,0.030438928695513647,,,5,36.0,36.0,not_computed_default_lightweight
mpdd_personality_severity_tfidf_logistic_phase3,MPDD-AVG-2026,Personality,ordinal severity prediction,personality TF-IDF + Logistic,ordinal_prediction,personality_openness_bin,mid,Mean Confidence,0.4673746861351661,0.006401038864246206,,,5,36.0,36.0,not_computed_default_lightweight
mpdd_personality_severity_tfidf_logistic_phase3,MPDD-AVG-2026,Personality,ordinal severity prediction,personality TF-IDF + Logistic,ordinal_prediction,personality_openness_bin,mid,Ordinal MAE,0.48888888888888893,0.05719794522770556,,,5,36.0,36.0,not_computed_default_lightweight
mpdd_personality_severity_tfidf_logistic_phase3,MPDD-AVG-2026,Personality,ordinal severity prediction,personality TF-IDF + Logistic,ordinal_prediction,personality_openness_bin,mid,Prediction Bias,0.19999999999999998,0.05931710140017396,,,5,36.0,36.0,not_computed_default_lightweight
mpdd_personality_severity_tfidf_logistic_phase3,MPDD-AVG-2026,Personality,ordinal severity prediction,personality TF-IDF + Logistic,ordinal_prediction,personality_openness_bin,mid,QWK,0.2839623550348085,0.08800805409313148,,,5,36.0,36.0,not_computed_default_lightweight
mpdd_personality_severity_tfidf_logistic_phase3,MPDD-AVG-2026,Personality,ordinal severity prediction,personality TF-IDF + Logistic,ordinal_prediction,personality_openness_bin,mid,True Label Probability,0.390832663733611,0.00696265033878516,,,5,36.0,36.0,not_computed_default_lightweight
mpdd_personality_severity_tfidf_logistic_phase3,MPDD-AVG-2026,Personality,ordinal severity prediction,personality TF-IDF + Logistic,ordinal_prediction,personality_openness_bin,unknown,Accuracy,0.6818181818181818,0.014373989364401745,,,5,44.0,44.0,not_computed_default_lightweight
mpdd_personality_severity_tfidf_logistic_phase3,MPDD-AVG-2026,Personality,ordinal severity prediction,personality TF-IDF + Logistic,ordinal_prediction,personality_openness_bin,unknown,Brier Score,0.5370058367844462,0.006817778474250567,,,5,44.0,44.0,not_computed_default_lightweight
mpdd_personality_severity_tfidf_logistic_phase3,MPDD-AVG-2026,Personality,ordinal severity prediction,personality TF-IDF + Logistic,ordinal_prediction,personality_openness_bin,unknown,Calibration Gap,-0.20689058223562004,0.012336340935703224,,,5,44.0,44.0,not_computed_default_lightweight
mpdd_personality_severity_tfidf_logistic_phase3,MPDD-AVG-2026,Personality,ordinal severity prediction,personality TF-IDF + Logistic,ordinal_prediction,personality_openness_bin,unknown,ECE,0.2424489882281411,0.01740951199240312,,,5,44.0,44.0,not_computed_default_lightweight
mpdd_personality_severity_tfidf_logistic_phase3,MPDD-AVG-2026,Personality,ordinal severity prediction,personality TF-IDF + Logistic,ordinal_prediction,personality_openness_bin,unknown,Macro-F1,0.27323486867148844,0.002982428539471949,,,5,44.0,44.0,not_computed_default_lightweight
mpdd_personality_severity_tfidf_logistic_phase3,MPDD-AVG-2026,Personality,ordinal severity prediction,personality TF-IDF + Logistic,ordinal_prediction,personality_openness_bin,unknown,Mean Confidence,0.47492759958256175,0.0026517742418471603,,,5,44.0,44.0,not_computed_default_lightweight
mpdd_personality_severity_tfidf_logistic_phase3,MPDD-AVG-2026,Personality,ordinal severity prediction,personality TF-IDF + Logistic,ordinal_prediction,personality_openness_bin,unknown,Ordinal MAE,0.40909090909090906,0.024896479886598457,,,5,44.0,44.0,not_computed_default_lightweight
mpdd_personality_severity_tfidf_logistic_phase3,MPDD-AVG-2026,Personality,ordinal severity prediction,personality TF-IDF + Logistic,ordinal_prediction,personality_openness_bin,unknown,Prediction Bias,-0.3272727272727273,0.058564085121477844,,,5,44.0,44.0,not_computed_default_lightweight
mpdd_personality_severity_tfidf_logistic_phase3,MPDD-AVG-2026,Personality,ordinal severity prediction,personality TF-IDF + Logistic,ordinal_prediction,personality_openness_bin,unknown,QWK,0.038826482432168394,0.07949620123611832,,,5,44.0,44.0,not_computed_default_lightweight
mpdd_personality_severity_tfidf_logistic_phase3,MPDD-AVG-2026,Personality,ordinal severity prediction,personality TF-IDF + Logistic,ordinal_prediction,personality_openness_bin,unknown,True Label Probability,0.41699756931817433,0.003874303563643091,,,5,44.0,44.0,not_computed_default_lightweight
mpdd_personality_severity_tfidf_logistic_phase3,MPDD-AVG-2026,Personality,ordinal severity prediction,personality TF-IDF + Logistic,ordinal_prediction,true_severity,0,Accuracy,0.7211538461538461,0.017200522903844537,0.6637500000000001,0.7787980769230769,5,104.0,104.0,seed_group_subject_bootstrap
mpdd_personality_severity_tfidf_logistic_phase3,MPDD-AVG-2026,Personality,ordinal severity prediction,personality TF-IDF + Logistic,ordinal_prediction,true_severity,0,Brier Score,0.5110909303510877,0.009562115727278957,,,5,104.0,104.0,not_computed_default_lightweight
mpdd_personality_severity_tfidf_logistic_phase3,MPDD-AVG-2026,Personality,ordinal severity prediction,personality TF-IDF + Logistic,ordinal_prediction,true_severity,0,Calibration Gap,-0.2505160900261033,0.015788329921193667,,,5,104.0,104.0,not_computed_default_lightweight
mpdd_personality_severity_tfidf_logistic_phase3,MPDD-AVG-2026,Personality,ordinal severity prediction,personality TF-IDF + Logistic,ordinal_prediction,true_severity,0,ECE,0.2505160900261033,0.015788329921193688,0.18715037804382856,0.33490616441971854,5,104.0,104.0,seed_group_subject_bootstrap
mpdd_personality_severity_tfidf_logistic_phase3,MPDD-AVG-2026,Personality,ordinal severity prediction,personality TF-IDF + Logistic,ordinal_prediction,true_severity,0,Macro-F1,0.2792911604642704,0.003847416564412304,0.2657442592057877,0.3361577994587973,5,104.0,104.0,seed_group_subject_bootstrap
mpdd_personality_severity_tfidf_logistic_phase3,MPDD-AVG-2026,Personality,ordinal severity prediction,personality TF-IDF + Logistic,ordinal_prediction,true_severity,0,Mean Confidence,0.4706377561277428,0.002548193490464746,,,5,104.0,104.0,not_computed_default_lightweight
mpdd_personality_severity_tfidf_logistic_phase3,MPDD-AVG-2026,Personality,ordinal severity prediction,personality TF-IDF + Logistic,ordinal_prediction,true_severity,0,Ordinal MAE,0.3192307692307692,0.01654293320585122,0.23365384615384616,0.3935096153846155,5,104.0,104.0,seed_group_subject_bootstrap
mpdd_personality_severity_tfidf_logistic_phase3,MPDD-AVG-2026,Personality,ordinal severity prediction,personality TF-IDF + Logistic,ordinal_prediction,true_severity,0,Prediction Bias,0.3192307692307692,0.01654293320585122,,,5,104.0,104.0,not_computed_default_lightweight
mpdd_personality_severity_tfidf_logistic_phase3,MPDD-AVG-2026,Personality,ordinal severity prediction,personality TF-IDF + Logistic,ordinal_prediction,true_severity,0,QWK,0.0,0.0,0.0,0.0,5,104.0,104.0,seed_group_subject_bootstrap
mpdd_personality_severity_tfidf_logistic_phase3,MPDD-AVG-2026,Personality,ordinal severity prediction,personality TF-IDF + Logistic,ordinal_prediction,true_severity,0,True Label Probability,0.43110012395504016,0.005314137444845934,,,5,104.0,104.0,not_computed_default_lightweight
mpdd_personality_severity_tfidf_logistic_phase3,MPDD-AVG-2026,Personality,ordinal severity prediction,personality TF-IDF + Logistic,ordinal_prediction,true_severity,1,Accuracy,0.46399999999999997,0.0233238075793812,0.36140000000000005,0.5772,5,50.0,50.0,seed_group_subject_bootstrap
mpdd_personality_severity_tfidf_logistic_phase3,MPDD-AVG-2026,Personality,ordinal severity prediction,personality TF-IDF + Logistic,ordinal_prediction,true_severity,1,Brier Score,0.6374174273202367,0.006460943998908469,,,5,50.0,50.0,not_computed_default_lightweight
mpdd_personality_severity_tfidf_logistic_phase3,MPDD-AVG-2026,Personality,ordinal severity prediction,personality TF-IDF + Logistic,ordinal_prediction,true_severity,1,Calibration Gap,-0.01088574602066058,0.02439787036983092,,,5,50.0,50.0,not_computed_default_lightweight
mpdd_personality_severity_tfidf_logistic_phase3,MPDD-AVG-2026,Personality,ordinal severity prediction,personality TF-IDF + Logistic,ordinal_prediction,true_severity,1,ECE,0.10271690672591141,0.05072827040880304,0.06734943041086061,0.2371494756080838,5,50.0,50.0,seed_group_subject_bootstrap
mpdd_personality_severity_tfidf_logistic_phase3,MPDD-AVG-2026,Personality,ordinal severity prediction,personality TF-IDF + Logistic,ordinal_prediction,true_severity,1,Macro-F1,0.2111754818681309,0.007393108828768721,0.17628717420572146,0.2552321797058639,5,50.0,50.0,seed_group_subject_bootstrap
mpdd_personality_severity_tfidf_logistic_phase3,MPDD-AVG-2026,Personality,ordinal severity prediction,personality TF-IDF + Logistic,ordinal_prediction,true_severity,1,Mean Confidence,0.4531142539793394,0.0017077296140566452,,,5,50.0,50.0,not_computed_default_lightweight
mpdd_personality_severity_tfidf_logistic_phase3,MPDD-AVG-2026,Personality,ordinal severity prediction,personality TF-IDF + Logistic,ordinal_prediction,true_severity,1,Ordinal MAE,0.536,0.02332380757938118,0.429,0.6306,5,50.0,50.0,seed_group_subject_bootstrap
mpdd_personality_severity_tfidf_logistic_phase3,MPDD-AVG-2026,Personality,ordinal severity prediction,personality TF-IDF + Logistic,ordinal_prediction,true_severity,1,Prediction Bias,-0.312,0.032496153618543834,,,5,50.0,50.0,not_computed_default_lightweight
mpdd_personality_severity_tfidf_logistic_phase3,MPDD-AVG-2026,Personality,ordinal severity prediction,personality TF-IDF + Logistic,ordinal_prediction,true_severity,1,QWK,0.0,0.0,0.0,0.0,5,50.0,50.0,seed_group_subject_bootstrap
mpdd_personality_severity_tfidf_logistic_phase3,MPDD-AVG-2026,Personality,ordinal severity prediction,personality TF-IDF + Logistic,ordinal_prediction,true_severity,1,True Label Probability,0.36396127121157124,0.0031613396150472904,,,5,50.0,50.0,not_computed_default_lightweight
mpdd_personality_severity_tfidf_logistic_phase3,MPDD-AVG-2026,Personality,ordinal severity prediction,personality TF-IDF + Logistic,ordinal_prediction,true_severity,2,Accuracy,0.09523809523809523,0.06734350297014738,0.02119047619047619,0.16499999999999998,5,21.0,21.0,seed_group_subject_bootstrap
mpdd_personality_severity_tfidf_logistic_phase3,MPDD-AVG-2026,Personality,ordinal severity prediction,personality TF-IDF + Logistic,ordinal_prediction,true_severity,2,Brier Score,0.8238263560762782,0.009575893109578862,,,5,21.0,21.0,not_computed_default_lightweight
mpdd_personality_severity_tfidf_logistic_phase3,MPDD-AVG-2026,Personality,ordinal severity prediction,personality TF-IDF + Logistic,ordinal_prediction,true_severity,2,Calibration Gap,0.3663918999227928,0.06313596717625544,,,5,21.0,21.0,not_computed_default_lightweight
mpdd_personality_severity_tfidf_logistic_phase3,MPDD-AVG-2026,Personality,ordinal severity prediction,personality TF-IDF + Logistic,ordinal_prediction,true_severity,2,ECE,0.3829580956712787,0.06240135771384359,0.3319075103233341,0.4659498994416314,5,21.0,21.0,seed_group_subject_bootstrap
mpdd_personality_severity_tfidf_logistic_phase3,MPDD-AVG-2026,Personality,ordinal severity prediction,personality TF-IDF + Logistic,ordinal_prediction,true_severity,2,Macro-F1,0.05565480895915679,0.03771961184234656,0.013366271409749669,0.08958462157809985,5,21.0,21.0,seed_group_subject_bootstrap
mpdd_personality_severity_tfidf_logistic_phase3,MPDD-AVG-2026,Personality,ordinal severity prediction,personality TF-IDF + Logistic,ordinal_prediction,true_severity,2,Mean Confidence,0.46162999516088804,0.006794977210244606,,,5,21.0,21.0,not_computed_default_lightweight
mpdd_personality_severity_tfidf_logistic_phase3,MPDD-AVG-2026,Personality,ordinal severity prediction,personality TF-IDF + Logistic,ordinal_prediction,true_severity,2,Ordinal MAE,1.3904761904761904,0.11818736805705572,1.1885714285714284,1.5564285714285715,5,21.0,21.0,seed_group_subject_bootstrap
mpdd_personality_severity_tfidf_logistic_phase3,MPDD-AVG-2026,Personality,ordinal severity prediction,personality TF-IDF + Logistic,ordinal_prediction,true_severity,2,Prediction Bias,-1.3904761904761904,0.11818736805705572,,,5,21.0,21.0,not_computed_default_lightweight
mpdd_personality_severity_tfidf_logistic_phase3,MPDD-AVG-2026,Personality,ordinal severity prediction,personality TF-IDF + Logistic,ordinal_prediction,true_severity,2,QWK,0.0,0.0,0.0,0.0,5,21.0,21.0,seed_group_subject_bootstrap
mpdd_personality_severity_tfidf_logistic_phase3,MPDD-AVG-2026,Personality,ordinal severity prediction,personality TF-IDF + Logistic,ordinal_prediction,true_severity,2,True Label Probability,0.2735624352158997,0.0037153097992515234,,,5,21.0,21.0,not_computed_default_lightweight
mpdd_personality_shuffled_severity_tfidf_logistic,MPDD-AVG-2026,Personality,ordinal severity prediction,shuffled personality TF-IDF + Logistic,ordinal_prediction,age_group,elder,Accuracy,0.4137931034482759,0.0377739694831149,0.3438505747126437,0.48804597701149427,5,87.0,87.0,seed_group_subject_bootstrap
mpdd_personality_shuffled_severity_tfidf_logistic,MPDD-AVG-2026,Personality,ordinal severity prediction,shuffled personality TF-IDF + Logistic,ordinal_prediction,age_group,elder,Brier Score,0.6370226220853447,0.01139628731525264,,,5,87.0,87.0,not_computed_default_lightweight
mpdd_personality_shuffled_severity_tfidf_logistic,MPDD-AVG-2026,Personality,ordinal severity prediction,shuffled personality TF-IDF + Logistic,ordinal_prediction,age_group,elder,Calibration Gap,0.02434643154330045,0.037993088034916585,,,5,87.0,87.0,not_computed_default_lightweight
mpdd_personality_shuffled_severity_tfidf_logistic,MPDD-AVG-2026,Personality,ordinal severity prediction,shuffled personality TF-IDF + Logistic,ordinal_prediction,age_group,elder,ECE,0.048710818000382884,0.02852130858295355,0.031168320626993512,0.15357941655915563,5,87.0,87.0,seed_group_subject_bootstrap
mpdd_personality_shuffled_severity_tfidf_logistic,MPDD-AVG-2026,Personality,ordinal severity prediction,shuffled personality TF-IDF + Logistic,ordinal_prediction,age_group,elder,Macro-F1,0.3035701969977899,0.03556372665151862,0.23055198130919097,0.3790308009593165,5,87.0,87.0,seed_group_subject_bootstrap
mpdd_personality_shuffled_severity_tfidf_logistic,MPDD-AVG-2026,Personality,ordinal severity prediction,shuffled personality TF-IDF + Logistic,ordinal_prediction,age_group,elder,Mean Confidence,0.4381395349915763,0.00919325851827653,,,5,87.0,87.0,not_computed_default_lightweight
mpdd_personality_shuffled_severity_tfidf_logistic,MPDD-AVG-2026,Personality,ordinal severity prediction,shuffled personality TF-IDF + Logistic,ordinal_prediction,age_group,elder,Ordinal MAE,0.7724137931034483,0.07943518410653332,0.6897701149425287,0.9165517241379311,5,87.0,87.0,seed_group_subject_bootstrap
mpdd_personality_shuffled_severity_tfidf_logistic,MPDD-AVG-2026,Personality,ordinal severity prediction,shuffled personality TF-IDF + Logistic,ordinal_prediction,age_group,elder,Prediction Bias,0.1839080459770115,0.062111522234971475,,,5,87.0,87.0,not_computed_default_lightweight
mpdd_personality_shuffled_severity_tfidf_logistic,MPDD-AVG-2026,Personality,ordinal severity prediction,shuffled personality TF-IDF + Logistic,ordinal_prediction,age_group,elder,QWK,-0.04305556295632411,0.08006775829862536,-0.1957833197091753,0.10587585564241994,5,87.0,87.0,seed_group_subject_bootstrap
mpdd_personality_shuffled_severity_tfidf_logistic,MPDD-AVG-2026,Personality,ordinal severity prediction,shuffled personality TF-IDF + Logistic,ordinal_prediction,age_group,elder,True Label Probability,0.3627526824577588,0.006469907246912007,,,5,87.0,87.0,not_computed_default_lightweight
mpdd_personality_shuffled_severity_tfidf_logistic,MPDD-AVG-2026,Personality,ordinal severity prediction,shuffled personality TF-IDF + Logistic,ordinal_prediction,age_group,young,Accuracy,0.38863636363636367,0.03165542790269118,0.31017045454545455,0.4582386363636363,5,88.0,88.0,seed_group_subject_bootstrap
mpdd_personality_shuffled_severity_tfidf_logistic,MPDD-AVG-2026,Personality,ordinal severity prediction,shuffled personality TF-IDF + Logistic,ordinal_prediction,age_group,young,Brier Score,0.6642854263500443,0.009044895464294541,,,5,88.0,88.0,not_computed_default_lightweight
mpdd_personality_shuffled_severity_tfidf_logistic,MPDD-AVG-2026,Personality,ordinal severity prediction,shuffled personality TF-IDF + Logistic,ordinal_prediction,age_group,young,Calibration Gap,0.04592249157661821,0.02635108961679586,,,5,88.0,88.0,not_computed_default_lightweight
mpdd_personality_shuffled_severity_tfidf_logistic,MPDD-AVG-2026,Personality,ordinal severity prediction,shuffled personality TF-IDF + Logistic,ordinal_prediction,age_group,young,ECE,0.05911284555073565,0.021392060989682934,0.046388015831534714,0.17416373489112744,5,88.0,88.0,seed_group_subject_bootstrap
mpdd_personality_shuffled_severity_tfidf_logistic,MPDD-AVG-2026,Personality,ordinal severity prediction,shuffled personality TF-IDF + Logistic,ordinal_prediction,age_group,young,Macro-F1,0.2950309406397036,0.024330860744164014,0.22443039132988077,0.3366486363413221,5,88.0,88.0,seed_group_subject_bootstrap
mpdd_personality_shuffled_severity_tfidf_logistic,MPDD-AVG-2026,Personality,ordinal severity prediction,shuffled personality TF-IDF + Logistic,ordinal_prediction,age_group,young,Mean Confidence,0.4345588552129819,0.006798742840635524,,,5,88.0,88.0,not_computed_default_lightweight
mpdd_personality_shuffled_severity_tfidf_logistic,MPDD-AVG-2026,Personality,ordinal severity prediction,shuffled personality TF-IDF + Logistic,ordinal_prediction,age_group,young,Ordinal MAE,0.7522727272727272,0.03165542790269115,0.64125,0.8751136363636363,5,88.0,88.0,seed_group_subject_bootstrap
mpdd_personality_shuffled_severity_tfidf_logistic,MPDD-AVG-2026,Personality,ordinal severity prediction,shuffled personality TF-IDF + Logistic,ordinal_prediction,age_group,young,Prediction Bias,0.011363636363636364,0.053300179088902604,,,5,88.0,88.0,not_computed_default_lightweight
mpdd_personality_shuffled_severity_tfidf_logistic,MPDD-AVG-2026,Personality,ordinal severity prediction,shuffled personality TF-IDF + Logistic,ordinal_prediction,age_group,young,QWK,-0.03528147474151846,0.051527745134026866,-0.21370219440477153,0.12431672233983879,5,88.0,88.0,seed_group_subject_bootstrap
mpdd_personality_shuffled_severity_tfidf_logistic,MPDD-AVG-2026,Personality,ordinal severity prediction,shuffled personality TF-IDF + Logistic,ordinal_prediction,age_group,young,True Label Probability,0.34821574058974825,0.006370893443550039,,,5,88.0,88.0,not_computed_default_lightweight
mpdd_personality_shuffled_severity_tfidf_logistic,MPDD-AVG-2026,Personality,ordinal severity prediction,shuffled personality TF-IDF + Logistic,ordinal_prediction,financial_stress_bin,high_or_severe,Accuracy,0.2571428571428571,0.05714285714285714,,,5,7.0,7.0,not_computed_default_lightweight
mpdd_personality_shuffled_severity_tfidf_logistic,MPDD-AVG-2026,Personality,ordinal severity prediction,shuffled personality TF-IDF + Logistic,ordinal_prediction,financial_stress_bin,high_or_severe,Brier Score,0.7391007865913556,0.032642390347115115,,,5,7.0,7.0,not_computed_default_lightweight
mpdd_personality_shuffled_severity_tfidf_logistic,MPDD-AVG-2026,Personality,ordinal severity prediction,shuffled personality TF-IDF + Logistic,ordinal_prediction,financial_stress_bin,high_or_severe,Calibration Gap,0.18342822594064825,0.06980395012828819,,,5,7.0,7.0,not_computed_default_lightweight
mpdd_personality_shuffled_severity_tfidf_logistic,MPDD-AVG-2026,Personality,ordinal severity prediction,shuffled personality TF-IDF + Logistic,ordinal_prediction,financial_stress_bin,high_or_severe,ECE,0.20309834570550084,0.06443085718502226,,,5,7.0,7.0,not_computed_default_lightweight
mpdd_personality_shuffled_severity_tfidf_logistic,MPDD-AVG-2026,Personality,ordinal severity prediction,shuffled personality TF-IDF + Logistic,ordinal_prediction,financial_stress_bin,high_or_severe,Macro-F1,0.20756613756613757,0.07789675239727006,,,5,7.0,7.0,not_computed_default_lightweight
mpdd_personality_shuffled_severity_tfidf_logistic,MPDD-AVG-2026,Personality,ordinal severity prediction,shuffled personality TF-IDF + Logistic,ordinal_prediction,financial_stress_bin,high_or_severe,Mean Confidence,0.4405710830835054,0.02172647801486698,,,5,7.0,7.0,not_computed_default_lightweight
mpdd_personality_shuffled_severity_tfidf_logistic,MPDD-AVG-2026,Personality,ordinal severity prediction,shuffled personality TF-IDF + Logistic,ordinal_prediction,financial_stress_bin,high_or_severe,Ordinal MAE,1.057142857142857,0.11428571428571428,,,5,7.0,7.0,not_computed_default_lightweight
mpdd_personality_shuffled_severity_tfidf_logistic,MPDD-AVG-2026,Personality,ordinal severity prediction,shuffled personality TF-IDF + Logistic,ordinal_prediction,financial_stress_bin,high_or_severe,Prediction Bias,-0.2,0.3331972511340171,,,5,7.0,7.0,not_computed_default_lightweight
mpdd_personality_shuffled_severity_tfidf_logistic,MPDD-AVG-2026,Personality,ordinal severity prediction,shuffled personality TF-IDF + Logistic,ordinal_prediction,financial_stress_bin,high_or_severe,QWK,-0.19961461864765667,0.25019117538048247,,,5,7.0,7.0,not_computed_default_lightweight
mpdd_personality_shuffled_severity_tfidf_logistic,MPDD-AVG-2026,Personality,ordinal severity prediction,shuffled personality TF-IDF + Logistic,ordinal_prediction,financial_stress_bin,high_or_severe,True Label Probability,0.31318976506700913,0.015987827452083984,,,5,7.0,7.0,not_computed_default_lightweight
mpdd_personality_shuffled_severity_tfidf_logistic,MPDD-AVG-2026,Personality,ordinal severity prediction,shuffled personality TF-IDF + Logistic,ordinal_prediction,financial_stress_bin,mentioned_unclear,Accuracy,0.4,0.2,,,5,4.0,4.0,not_computed_default_lightweight
mpdd_personality_shuffled_severity_tfidf_logistic,MPDD-AVG-2026,Personality,ordinal severity prediction,shuffled personality TF-IDF + Logistic,ordinal_prediction,financial_stress_bin,mentioned_unclear,Brier Score,0.6562637317507628,0.09066026244879019,,,5,4.0,4.0,not_computed_default_lightweight
mpdd_personality_shuffled_severity_tfidf_logistic,MPDD-AVG-2026,Personality,ordinal severity prediction,shuffled personality TF-IDF + Logistic,ordinal_prediction,financial_stress_bin,mentioned_unclear,Calibration Gap,0.026067909141177802,0.20069550343050868,,,5,4.0,4.0,not_computed_default_lightweight
mpdd_personality_shuffled_severity_tfidf_logistic,MPDD-AVG-2026,Personality,ordinal severity prediction,shuffled personality TF-IDF + Logistic,ordinal_prediction,financial_stress_bin,mentioned_unclear,ECE,0.2500155337210854,0.11023247804989955,,,5,4.0,4.0,not_computed_default_lightweight
mpdd_personality_shuffled_severity_tfidf_logistic,MPDD-AVG-2026,Personality,ordinal severity prediction,shuffled personality TF-IDF + Logistic,ordinal_prediction,financial_stress_bin,mentioned_unclear,Macro-F1,0.31111111111111106,0.18121673811444544,,,5,4.0,4.0,not_computed_default_lightweight
mpdd_personality_shuffled_severity_tfidf_logistic,MPDD-AVG-2026,Personality,ordinal severity prediction,shuffled personality TF-IDF + Logistic,ordinal_prediction,financial_stress_bin,mentioned_unclear,Mean Confidence,0.4260679091411778,0.00933329703422498,,,5,4.0,4.0,not_computed_default_lightweight
mpdd_personality_shuffled_severity_tfidf_logistic,MPDD-AVG-2026,Personality,ordinal severity prediction,shuffled personality TF-IDF + Logistic,ordinal_prediction,financial_stress_bin,mentioned_unclear,Ordinal MAE,0.85,0.25495097567963926,,,5,4.0,4.0,not_computed_default_lightweight
mpdd_personality_shuffled_severity_tfidf_logistic,MPDD-AVG-2026,Personality,ordinal severity prediction,shuffled personality TF-IDF + Logistic,ordinal_prediction,financial_stress_bin,mentioned_unclear,Prediction Bias,-0.05,0.4301162633521313,,,5,4.0,4.0,not_computed_default_lightweight
mpdd_personality_shuffled_severity_tfidf_logistic,MPDD-AVG-2026,Personality,ordinal severity prediction,shuffled personality TF-IDF + Logistic,ordinal_prediction,financial_stress_bin,mentioned_unclear,QWK,-0.08244755244755245,0.4181897934080593,,,5,4.0,4.0,not_computed_default_lightweight
mpdd_personality_shuffled_severity_tfidf_logistic,MPDD-AVG-2026,Personality,ordinal severity prediction,shuffled personality TF-IDF + Logistic,ordinal_prediction,financial_stress_bin,mentioned_unclear,True Label Probability,0.3497023159073282,0.045978768068745235,,,5,4.0,4.0,not_computed_default_lightweight
mpdd_personality_shuffled_severity_tfidf_logistic,MPDD-AVG-2026,Personality,ordinal severity prediction,shuffled personality TF-IDF + Logistic,ordinal_prediction,financial_stress_bin,mild_or_low,Accuracy,0.45,0.11303883305208783,,,5,12.0,12.0,not_computed_default_lightweight
mpdd_personality_shuffled_severity_tfidf_logistic,MPDD-AVG-2026,Personality,ordinal severity prediction,shuffled personality TF-IDF + Logistic,ordinal_prediction,financial_stress_bin,mild_or_low,Brier Score,0.6275963539213479,0.06011644857469362,,,5,12.0,12.0,not_computed_default_lightweight
mpdd_personality_shuffled_severity_tfidf_logistic,MPDD-AVG-2026,Personality,ordinal severity prediction,shuffled personality TF-IDF + Logistic,ordinal_prediction,financial_stress_bin,mild_or_low,Calibration Gap,-0.008383939779703375,0.12292161105067188,,,5,12.0,12.0,not_computed_default_lightweight
mpdd_personality_shuffled_severity_tfidf_logistic,MPDD-AVG-2026,Personality,ordinal severity prediction,shuffled personality TF-IDF + Logistic,ordinal_prediction,financial_stress_bin,mild_or_low,ECE,0.17462929749348247,0.06668811624428923,,,5,12.0,12.0,not_computed_default_lightweight
mpdd_personality_shuffled_severity_tfidf_logistic,MPDD-AVG-2026,Personality,ordinal severity prediction,shuffled personality TF-IDF + Logistic,ordinal_prediction,financial_stress_bin,mild_or_low,Macro-F1,0.3957427757427757,0.17785599372772057,,,5,12.0,12.0,not_computed_default_lightweight
mpdd_personality_shuffled_severity_tfidf_logistic,MPDD-AVG-2026,Personality,ordinal severity prediction,shuffled personality TF-IDF + Logistic,ordinal_prediction,financial_stress_bin,mild_or_low,Mean Confidence,0.44161606022029665,0.016879152990350317,,,5,12.0,12.0,not_computed_default_lightweight
mpdd_personality_shuffled_severity_tfidf_logistic,MPDD-AVG-2026,Personality,ordinal severity prediction,shuffled personality TF-IDF + Logistic,ordinal_prediction,financial_stress_bin,mild_or_low,Ordinal MAE,0.5999999999999999,0.1224744871391589,,,5,12.0,12.0,not_computed_default_lightweight
mpdd_personality_shuffled_severity_tfidf_logistic,MPDD-AVG-2026,Personality,ordinal severity prediction,shuffled personality TF-IDF + Logistic,ordinal_prediction,financial_stress_bin,mild_or_low,Prediction Bias,-5.551115123125783e-18,0.2041241452319315,,,5,12.0,12.0,not_computed_default_lightweight
mpdd_personality_shuffled_severity_tfidf_logistic,MPDD-AVG-2026,Personality,ordinal severity prediction,shuffled personality TF-IDF + Logistic,ordinal_prediction,financial_stress_bin,mild_or_low,QWK,0.1938271926829988,0.2174833701879408,,,5,12.0,12.0,not_computed_default_lightweight
mpdd_personality_shuffled_severity_tfidf_logistic,MPDD-AVG-2026,Personality,ordinal severity prediction,shuffled personality TF-IDF + Logistic,ordinal_prediction,financial_stress_bin,mild_or_low,True Label Probability,0.3695837970221198,0.02904447136709173,,,5,12.0,12.0,not_computed_default_lightweight
mpdd_personality_shuffled_severity_tfidf_logistic,MPDD-AVG-2026,Personality,ordinal severity prediction,shuffled personality TF-IDF + Logistic,ordinal_prediction,financial_stress_bin,moderate,Accuracy,0.39999999999999997,0.18952141659173713,,,5,7.0,7.0,not_computed_default_lightweight
mpdd_personality_shuffled_severity_tfidf_logistic,MPDD-AVG-2026,Personality,ordinal severity prediction,shuffled personality TF-IDF + Logistic,ordinal_prediction,financial_stress_bin,moderate,Brier Score,0.6442143737714271,0.04219038972100662,,,5,7.0,7.0,not_computed_default_lightweight
mpdd_personality_shuffled_severity_tfidf_logistic,MPDD-AVG-2026,Personality,ordinal severity prediction,shuffled personality TF-IDF + Logistic,ordinal_prediction,financial_stress_bin,moderate,Calibration Gap,0.03228262117146715,0.19671074247324002,,,5,7.0,7.0,not_computed_default_lightweight
mpdd_personality_shuffled_severity_tfidf_logistic,MPDD-AVG-2026,Personality,ordinal severity prediction,shuffled personality TF-IDF + Logistic,ordinal_prediction,financial_stress_bin,moderate,ECE,0.26515749177095577,0.11104955815596501,,,5,7.0,7.0,not_computed_default_lightweight
mpdd_personality_shuffled_severity_tfidf_logistic,MPDD-AVG-2026,Personality,ordinal severity prediction,shuffled personality TF-IDF + Logistic,ordinal_prediction,financial_stress_bin,moderate,Macro-F1,0.22645502645502646,0.1368364857993546,,,5,7.0,7.0,not_computed_default_lightweight
mpdd_personality_shuffled_severity_tfidf_logistic,MPDD-AVG-2026,Personality,ordinal severity prediction,shuffled personality TF-IDF + Logistic,ordinal_prediction,financial_stress_bin,moderate,Mean Confidence,0.43228262117146715,0.020008728188872428,,,5,7.0,7.0,not_computed_default_lightweight
mpdd_personality_shuffled_severity_tfidf_logistic,MPDD-AVG-2026,Personality,ordinal severity prediction,shuffled personality TF-IDF + Logistic,ordinal_prediction,financial_stress_bin,moderate,Ordinal MAE,0.9142857142857143,0.2649605284427344,,,5,7.0,7.0,not_computed_default_lightweight
mpdd_personality_shuffled_severity_tfidf_logistic,MPDD-AVG-2026,Personality,ordinal severity prediction,shuffled personality TF-IDF + Logistic,ordinal_prediction,financial_stress_bin,moderate,Prediction Bias,-0.05714285714285714,0.19378085666072195,,,5,7.0,7.0,not_computed_default_lightweight
mpdd_personality_shuffled_severity_tfidf_logistic,MPDD-AVG-2026,Personality,ordinal severity prediction,shuffled personality TF-IDF + Logistic,ordinal_prediction,financial_stress_bin,moderate,QWK,-0.19484835921403093,0.342672789738276,,,5,7.0,7.0,not_computed_default_lightweight
mpdd_personality_shuffled_severity_tfidf_logistic,MPDD-AVG-2026,Personality,ordinal severity prediction,shuffled personality TF-IDF + Logistic,ordinal_prediction,financial_stress_bin,moderate,True Label Probability,0.3573344565896872,0.02394541195203116,,,5,7.0,7.0,not_computed_default_lightweight
mpdd_personality_shuffled_severity_tfidf_logistic,MPDD-AVG-2026,Personality,ordinal severity prediction,shuffled personality TF-IDF + Logistic,ordinal_prediction,financial_stress_bin,none,Accuracy,0.4196078431372549,0.06514999108171039,,,5,51.0,51.0,not_computed_default_lightweight
mpdd_personality_shuffled_severity_tfidf_logistic,MPDD-AVG-2026,Personality,ordinal severity prediction,shuffled personality TF-IDF + Logistic,ordinal_prediction,financial_stress_bin,none,Brier Score,0.6284978203053604,0.02528633311255657,,,5,51.0,51.0,not_computed_default_lightweight
mpdd_personality_shuffled_severity_tfidf_logistic,MPDD-AVG-2026,Personality,ordinal severity prediction,shuffled personality TF-IDF + Logistic,ordinal_prediction,financial_stress_bin,none,Calibration Gap,0.0190778192199915,0.05857834289567244,,,5,51.0,51.0,not_computed_default_lightweight
mpdd_personality_shuffled_severity_tfidf_logistic,MPDD-AVG-2026,Personality,ordinal severity prediction,shuffled personality TF-IDF + Logistic,ordinal_prediction,financial_stress_bin,none,ECE,0.08504691921601434,0.03685011082057015,,,5,51.0,51.0,not_computed_default_lightweight
mpdd_personality_shuffled_severity_tfidf_logistic,MPDD-AVG-2026,Personality,ordinal severity prediction,shuffled personality TF-IDF + Logistic,ordinal_prediction,financial_stress_bin,none,Macro-F1,0.27532326647757527,0.05725017282130159,,,5,51.0,51.0,not_computed_default_lightweight
mpdd_personality_shuffled_severity_tfidf_logistic,MPDD-AVG-2026,Personality,ordinal severity prediction,shuffled personality TF-IDF + Logistic,ordinal_prediction,financial_stress_bin,none,Mean Confidence,0.4386856623572465,0.009679208959828744,,,5,51.0,51.0,not_computed_default_lightweight
mpdd_personality_shuffled_severity_tfidf_logistic,MPDD-AVG-2026,Personality,ordinal severity prediction,shuffled personality TF-IDF + Logistic,ordinal_prediction,financial_stress_bin,none,Ordinal MAE,0.7568627450980392,0.09653751862816602,,,5,51.0,51.0,not_computed_default_lightweight
mpdd_personality_shuffled_severity_tfidf_logistic,MPDD-AVG-2026,Personality,ordinal severity prediction,shuffled personality TF-IDF + Logistic,ordinal_prediction,financial_stress_bin,none,Prediction Bias,0.2705882352941177,0.1211250604822,,,5,51.0,51.0,not_computed_default_lightweight
mpdd_personality_shuffled_severity_tfidf_logistic,MPDD-AVG-2026,Personality,ordinal severity prediction,shuffled personality TF-IDF + Logistic,ordinal_prediction,financial_stress_bin,none,QWK,-0.05533615979769109,0.12052333642466263,,,5,51.0,51.0,not_computed_default_lightweight
mpdd_personality_shuffled_severity_tfidf_logistic,MPDD-AVG-2026,Personality,ordinal severity prediction,shuffled personality TF-IDF + Logistic,ordinal_prediction,financial_stress_bin,none,True Label Probability,0.3667564259025579,0.013246269528360022,,,5,51.0,51.0,not_computed_default_lightweight
mpdd_personality_shuffled_severity_tfidf_logistic,MPDD-AVG-2026,Personality,ordinal severity prediction,shuffled personality TF-IDF + Logistic,ordinal_prediction,financial_stress_bin,unknown,Accuracy,0.3957446808510638,0.01702127659574468,,,5,94.0,94.0,not_computed_default_lightweight
mpdd_personality_shuffled_severity_tfidf_logistic,MPDD-AVG-2026,Personality,ordinal severity prediction,shuffled personality TF-IDF + Logistic,ordinal_prediction,financial_stress_bin,unknown,Brier Score,0.6594178671069871,0.009897465855141695,,,5,94.0,94.0,not_computed_default_lightweight
mpdd_personality_shuffled_severity_tfidf_logistic,MPDD-AVG-2026,Personality,ordinal severity prediction,shuffled personality TF-IDF + Logistic,ordinal_prediction,financial_stress_bin,unknown,Calibration Gap,0.039071380146775615,0.014594942452457599,,,5,94.0,94.0,not_computed_default_lightweight
mpdd_personality_shuffled_severity_tfidf_logistic,MPDD-AVG-2026,Personality,ordinal severity prediction,shuffled personality TF-IDF + Logistic,ordinal_prediction,financial_stress_bin,unknown,ECE,0.06315719722508768,0.028261823271738103,,,5,94.0,94.0,not_computed_default_lightweight
mpdd_personality_shuffled_severity_tfidf_logistic,MPDD-AVG-2026,Personality,ordinal severity prediction,shuffled personality TF-IDF + Logistic,ordinal_prediction,financial_stress_bin,unknown,Macro-F1,0.29635703144917036,0.016821713881729688,,,5,94.0,94.0,not_computed_default_lightweight
mpdd_personality_shuffled_severity_tfidf_logistic,MPDD-AVG-2026,Personality,ordinal severity prediction,shuffled personality TF-IDF + Logistic,ordinal_prediction,financial_stress_bin,unknown,Mean Confidence,0.4348160609978394,0.005556965591058299,,,5,94.0,94.0,not_computed_default_lightweight
mpdd_personality_shuffled_severity_tfidf_logistic,MPDD-AVG-2026,Personality,ordinal severity prediction,shuffled personality TF-IDF + Logistic,ordinal_prediction,financial_stress_bin,unknown,Ordinal MAE,0.7489361702127659,0.018548506142726247,,,5,94.0,94.0,not_computed_default_lightweight
mpdd_personality_shuffled_severity_tfidf_logistic,MPDD-AVG-2026,Personality,ordinal severity prediction,shuffled personality TF-IDF + Logistic,ordinal_prediction,financial_stress_bin,unknown,Prediction Bias,0.055319148936170216,0.07683178759688421,,,5,94.0,94.0,not_computed_default_lightweight
mpdd_personality_shuffled_severity_tfidf_logistic,MPDD-AVG-2026,Personality,ordinal severity prediction,shuffled personality TF-IDF + Logistic,ordinal_prediction,financial_stress_bin,unknown,QWK,-0.03868944119201656,0.04662595787213693,,,5,94.0,94.0,not_computed_default_lightweight
mpdd_personality_shuffled_severity_tfidf_logistic,MPDD-AVG-2026,Personality,ordinal severity prediction,shuffled personality TF-IDF + Logistic,ordinal_prediction,financial_stress_bin,unknown,True Label Probability,0.3507490047361786,0.006197685805474562,,,5,94.0,94.0,not_computed_default_lightweight
mpdd_personality_shuffled_severity_tfidf_logistic,MPDD-AVG-2026,Personality,ordinal severity prediction,shuffled personality TF-IDF + Logistic,ordinal_prediction,personality_agreeableness_bin,high,Accuracy,0.38571428571428573,0.10449099170234137,,,5,28.0,28.0,not_computed_default_lightweight
mpdd_personality_shuffled_severity_tfidf_logistic,MPDD-AVG-2026,Personality,ordinal severity prediction,shuffled personality TF-IDF + Logistic,ordinal_prediction,personality_agreeableness_bin,high,Brier Score,0.6677079943366566,0.0264946164818811,,,5,28.0,28.0,not_computed_default_lightweight
mpdd_personality_shuffled_severity_tfidf_logistic,MPDD-AVG-2026,Personality,ordinal severity prediction,shuffled personality TF-IDF + Logistic,ordinal_prediction,personality_agreeableness_bin,high,Calibration Gap,0.0503980910370329,0.1100901472766709,,,5,28.0,28.0,not_computed_default_lightweight
mpdd_personality_shuffled_severity_tfidf_logistic,MPDD-AVG-2026,Personality,ordinal severity prediction,shuffled personality TF-IDF + Logistic,ordinal_prediction,personality_agreeableness_bin,high,ECE,0.1453774356479686,0.08166821941618373,,,5,28.0,28.0,not_computed_default_lightweight
mpdd_personality_shuffled_severity_tfidf_logistic,MPDD-AVG-2026,Personality,ordinal severity prediction,shuffled personality TF-IDF + Logistic,ordinal_prediction,personality_agreeableness_bin,high,Macro-F1,0.28747678247678243,0.11978063278450601,,,5,28.0,28.0,not_computed_default_lightweight
mpdd_personality_shuffled_severity_tfidf_logistic,MPDD-AVG-2026,Personality,ordinal severity prediction,shuffled personality TF-IDF + Logistic,ordinal_prediction,personality_agreeableness_bin,high,Mean Confidence,0.43611237675131864,0.009015974064484985,,,5,28.0,28.0,not_computed_default_lightweight
mpdd_personality_shuffled_severity_tfidf_logistic,MPDD-AVG-2026,Personality,ordinal severity prediction,shuffled personality TF-IDF + Logistic,ordinal_prediction,personality_agreeableness_bin,high,Ordinal MAE,0.8285714285714285,0.15551100755055175,,,5,28.0,28.0,not_computed_default_lightweight
mpdd_personality_shuffled_severity_tfidf_logistic,MPDD-AVG-2026,Personality,ordinal severity prediction,shuffled personality TF-IDF + Logistic,ordinal_prediction,personality_agreeableness_bin,high,Prediction Bias,0.04285714285714285,0.11823532398033462,,,5,28.0,28.0,not_computed_default_lightweight
mpdd_personality_shuffled_severity_tfidf_logistic,MPDD-AVG-2026,Personality,ordinal severity prediction,shuffled personality TF-IDF + Logistic,ordinal_prediction,personality_agreeableness_bin,high,QWK,-0.07303813220422199,0.2514955895457063,,,5,28.0,28.0,not_computed_default_lightweight
mpdd_personality_shuffled_severity_tfidf_logistic,MPDD-AVG-2026,Personality,ordinal severity prediction,shuffled personality TF-IDF + Logistic,ordinal_prediction,personality_agreeableness_bin,high,True Label Probability,0.3475739512477509,0.01349982987752658,,,5,28.0,28.0,not_computed_default_lightweight
mpdd_personality_shuffled_severity_tfidf_logistic,MPDD-AVG-2026,Personality,ordinal severity prediction,shuffled personality TF-IDF + Logistic,ordinal_prediction,personality_agreeableness_bin,low,Accuracy,0.36,0.0845576726264388,,,5,40.0,40.0,not_computed_default_lightweight
mpdd_personality_shuffled_severity_tfidf_logistic,MPDD-AVG-2026,Personality,ordinal severity prediction,shuffled personality TF-IDF + Logistic,ordinal_prediction,personality_agreeableness_bin,low,Brier Score,0.6700181998519971,0.02043211359308382,,,5,40.0,40.0,not_computed_default_lightweight
mpdd_personality_shuffled_severity_tfidf_logistic,MPDD-AVG-2026,Personality,ordinal severity prediction,shuffled personality TF-IDF + Logistic,ordinal_prediction,personality_agreeableness_bin,low,Calibration Gap,0.07974741127298599,0.07859932791660973,,,5,40.0,40.0,not_computed_default_lightweight
mpdd_personality_shuffled_severity_tfidf_logistic,MPDD-AVG-2026,Personality,ordinal severity prediction,shuffled personality TF-IDF + Logistic,ordinal_prediction,personality_agreeableness_bin,low,ECE,0.1420377002899536,0.031127350869570886,,,5,40.0,40.0,not_computed_default_lightweight
mpdd_personality_shuffled_severity_tfidf_logistic,MPDD-AVG-2026,Personality,ordinal severity prediction,shuffled personality TF-IDF + Logistic,ordinal_prediction,personality_agreeableness_bin,low,Macro-F1,0.30455283380979975,0.09448280365156049,,,5,40.0,40.0,not_computed_default_lightweight
mpdd_personality_shuffled_severity_tfidf_logistic,MPDD-AVG-2026,Personality,ordinal severity prediction,shuffled personality TF-IDF + Logistic,ordinal_prediction,personality_agreeableness_bin,low,Mean Confidence,0.439747411272986,0.008036998216933763,,,5,40.0,40.0,not_computed_default_lightweight
mpdd_personality_shuffled_severity_tfidf_logistic,MPDD-AVG-2026,Personality,ordinal severity prediction,shuffled personality TF-IDF + Logistic,ordinal_prediction,personality_agreeableness_bin,low,Ordinal MAE,0.745,0.10173494974687902,,,5,40.0,40.0,not_computed_default_lightweight
mpdd_personality_shuffled_severity_tfidf_logistic,MPDD-AVG-2026,Personality,ordinal severity prediction,shuffled personality TF-IDF + Logistic,ordinal_prediction,personality_agreeableness_bin,low,Prediction Bias,-0.015,0.08455767262643882,,,5,40.0,40.0,not_computed_default_lightweight
mpdd_personality_shuffled_severity_tfidf_logistic,MPDD-AVG-2026,Personality,ordinal severity prediction,shuffled personality TF-IDF + Logistic,ordinal_prediction,personality_agreeableness_bin,low,QWK,-0.04120854049364688,0.13284549985517477,,,5,40.0,40.0,not_computed_default_lightweight
mpdd_personality_shuffled_severity_tfidf_logistic,MPDD-AVG-2026,Personality,ordinal severity prediction,shuffled personality TF-IDF + Logistic,ordinal_prediction,personality_agreeableness_bin,low,True Label Probability,0.3462986970117327,0.011759067433230352,,,5,40.0,40.0,not_computed_default_lightweight
mpdd_personality_shuffled_severity_tfidf_logistic,MPDD-AVG-2026,Personality,ordinal severity prediction,shuffled personality TF-IDF + Logistic,ordinal_prediction,personality_agreeableness_bin,mid,Accuracy,0.408695652173913,0.044339300118198116,,,5,46.0,46.0,not_computed_default_lightweight
mpdd_personality_shuffled_severity_tfidf_logistic,MPDD-AVG-2026,Personality,ordinal severity prediction,shuffled personality TF-IDF + Logistic,ordinal_prediction,personality_agreeableness_bin,mid,Brier Score,0.6460777322406439,0.015247283251906529,,,5,46.0,46.0,not_computed_default_lightweight
mpdd_personality_shuffled_severity_tfidf_logistic,MPDD-AVG-2026,Personality,ordinal severity prediction,shuffled personality TF-IDF + Logistic,ordinal_prediction,personality_agreeableness_bin,mid,Calibration Gap,0.024965850699428572,0.04148376444597887,,,5,46.0,46.0,not_computed_default_lightweight
mpdd_personality_shuffled_severity_tfidf_logistic,MPDD-AVG-2026,Personality,ordinal severity prediction,shuffled personality TF-IDF + Logistic,ordinal_prediction,personality_agreeableness_bin,mid,ECE,0.07740940427890294,0.025701890013676107,,,5,46.0,46.0,not_computed_default_lightweight
mpdd_personality_shuffled_severity_tfidf_logistic,MPDD-AVG-2026,Personality,ordinal severity prediction,shuffled personality TF-IDF + Logistic,ordinal_prediction,personality_agreeableness_bin,mid,Macro-F1,0.2745168381693466,0.04341584561662579,,,5,46.0,46.0,not_computed_default_lightweight
mpdd_personality_shuffled_severity_tfidf_logistic,MPDD-AVG-2026,Personality,ordinal severity prediction,shuffled personality TF-IDF + Logistic,ordinal_prediction,personality_agreeableness_bin,mid,Mean Confidence,0.4336615028733416,0.005717411568482185,,,5,46.0,46.0,not_computed_default_lightweight
mpdd_personality_shuffled_severity_tfidf_logistic,MPDD-AVG-2026,Personality,ordinal severity prediction,shuffled personality TF-IDF + Logistic,ordinal_prediction,personality_agreeableness_bin,mid,Ordinal MAE,0.7347826086956522,0.04642207935665789,,,5,46.0,46.0,not_computed_default_lightweight
mpdd_personality_shuffled_severity_tfidf_logistic,MPDD-AVG-2026,Personality,ordinal severity prediction,shuffled personality TF-IDF + Logistic,ordinal_prediction,personality_agreeableness_bin,mid,Prediction Bias,0.14347826086956522,0.08317881073786519,,,5,46.0,46.0,not_computed_default_lightweight
mpdd_personality_shuffled_severity_tfidf_logistic,MPDD-AVG-2026,Personality,ordinal severity prediction,shuffled personality TF-IDF + Logistic,ordinal_prediction,personality_agreeableness_bin,mid,QWK,-0.013541615273192264,0.061129555845161145,,,5,46.0,46.0,not_computed_default_lightweight
mpdd_personality_shuffled_severity_tfidf_logistic,MPDD-AVG-2026,Personality,ordinal severity prediction,shuffled personality TF-IDF + Logistic,ordinal_prediction,personality_agreeableness_bin,mid,True Label Probability,0.357231312874589,0.0092318213783773,,,5,46.0,46.0,not_computed_default_lightweight
mpdd_personality_shuffled_severity_tfidf_logistic,MPDD-AVG-2026,Personality,ordinal severity prediction,shuffled personality TF-IDF + Logistic,ordinal_prediction,personality_agreeableness_bin,unknown,Accuracy,0.42950819672131146,0.06340681837971711,,,5,61.0,61.0,not_computed_default_lightweight
mpdd_personality_shuffled_severity_tfidf_logistic,MPDD-AVG-2026,Personality,ordinal severity prediction,shuffled personality TF-IDF + Logistic,ordinal_prediction,personality_agreeableness_bin,unknown,Brier Score,0.6338025921582457,0.025252008576090904,,,5,61.0,61.0,not_computed_default_lightweight
mpdd_personality_shuffled_severity_tfidf_logistic,MPDD-AVG-2026,Personality,ordinal severity prediction,shuffled personality TF-IDF + Logistic,ordinal_prediction,personality_agreeableness_bin,unknown,Calibration Gap,0.006718797883270034,0.06142661061379202,,,5,61.0,61.0,not_computed_default_lightweight
mpdd_personality_shuffled_severity_tfidf_logistic,MPDD-AVG-2026,Personality,ordinal severity prediction,shuffled personality TF-IDF + Logistic,ordinal_prediction,personality_agreeableness_bin,unknown,ECE,0.0636797748739615,0.02769398274758869,,,5,61.0,61.0,not_computed_default_lightweight
mpdd_personality_shuffled_severity_tfidf_logistic,MPDD-AVG-2026,Personality,ordinal severity prediction,shuffled personality TF-IDF + Logistic,ordinal_prediction,personality_agreeableness_bin,unknown,Macro-F1,0.2978039223326671,0.0684735018218936,,,5,61.0,61.0,not_computed_default_lightweight
mpdd_personality_shuffled_severity_tfidf_logistic,MPDD-AVG-2026,Personality,ordinal severity prediction,shuffled personality TF-IDF + Logistic,ordinal_prediction,personality_agreeableness_bin,unknown,Mean Confidence,0.4362269946045815,0.010935103805446982,,,5,61.0,61.0,not_computed_default_lightweight
mpdd_personality_shuffled_severity_tfidf_logistic,MPDD-AVG-2026,Personality,ordinal severity prediction,shuffled personality TF-IDF + Logistic,ordinal_prediction,personality_agreeableness_bin,unknown,Ordinal MAE,0.7639344262295081,0.08461303541353404,,,5,61.0,61.0,not_computed_default_lightweight
mpdd_personality_shuffled_severity_tfidf_logistic,MPDD-AVG-2026,Personality,ordinal severity prediction,shuffled personality TF-IDF + Logistic,ordinal_prediction,personality_agreeableness_bin,unknown,Prediction Bias,0.16065573770491803,0.10542908321844935,,,5,61.0,61.0,not_computed_default_lightweight
mpdd_personality_shuffled_severity_tfidf_logistic,MPDD-AVG-2026,Personality,ordinal severity prediction,shuffled personality TF-IDF + Logistic,ordinal_prediction,personality_agreeableness_bin,unknown,QWK,-0.06531007226502472,0.10291076432509307,,,5,61.0,61.0,not_computed_default_lightweight
mpdd_personality_shuffled_severity_tfidf_logistic,MPDD-AVG-2026,Personality,ordinal severity prediction,shuffled personality TF-IDF + Logistic,ordinal_prediction,personality_agreeableness_bin,unknown,True Label Probability,0.3637017973456629,0.013393307774347527,,,5,61.0,61.0,not_computed_default_lightweight
mpdd_personality_shuffled_severity_tfidf_logistic,MPDD-AVG-2026,Personality,ordinal severity prediction,shuffled personality TF-IDF + Logistic,ordinal_prediction,personality_conscientiousness_bin,high,Accuracy,0.4115384615384615,0.04647325374459451,,,5,52.0,52.0,not_computed_default_lightweight
mpdd_personality_shuffled_severity_tfidf_logistic,MPDD-AVG-2026,Personality,ordinal severity prediction,shuffled personality TF-IDF + Logistic,ordinal_prediction,personality_conscientiousness_bin,high,Brier Score,0.6408556585792322,0.013294271493143321,,,5,52.0,52.0,not_computed_default_lightweight
mpdd_personality_shuffled_severity_tfidf_logistic,MPDD-AVG-2026,Personality,ordinal severity prediction,shuffled personality TF-IDF + Logistic,ordinal_prediction,personality_conscientiousness_bin,high,Calibration Gap,0.027512708280766175,0.04262729642914366,,,5,52.0,52.0,not_computed_default_lightweight
mpdd_personality_shuffled_severity_tfidf_logistic,MPDD-AVG-2026,Personality,ordinal severity prediction,shuffled personality TF-IDF + Logistic,ordinal_prediction,personality_conscientiousness_bin,high,ECE,0.07011300271306482,0.031216891885940824,,,5,52.0,52.0,not_computed_default_lightweight
mpdd_personality_shuffled_severity_tfidf_logistic,MPDD-AVG-2026,Personality,ordinal severity prediction,shuffled personality TF-IDF + Logistic,ordinal_prediction,personality_conscientiousness_bin,high,Macro-F1,0.32109983334064707,0.04426443697338346,,,5,52.0,52.0,not_computed_default_lightweight
mpdd_personality_shuffled_severity_tfidf_logistic,MPDD-AVG-2026,Personality,ordinal severity prediction,shuffled personality TF-IDF + Logistic,ordinal_prediction,personality_conscientiousness_bin,high,Mean Confidence,0.43905116981922776,0.008041043441189668,,,5,52.0,52.0,not_computed_default_lightweight
mpdd_personality_shuffled_severity_tfidf_logistic,MPDD-AVG-2026,Personality,ordinal severity prediction,shuffled personality TF-IDF + Logistic,ordinal_prediction,personality_conscientiousness_bin,high,Ordinal MAE,0.7576923076923078,0.09775588482414488,,,5,52.0,52.0,not_computed_default_lightweight
mpdd_personality_shuffled_severity_tfidf_logistic,MPDD-AVG-2026,Personality,ordinal severity prediction,shuffled personality TF-IDF + Logistic,ordinal_prediction,personality_conscientiousness_bin,high,Prediction Bias,0.14230769230769233,0.09150290194900246,,,5,52.0,52.0,not_computed_default_lightweight
mpdd_personality_shuffled_severity_tfidf_logistic,MPDD-AVG-2026,Personality,ordinal severity prediction,shuffled personality TF-IDF + Logistic,ordinal_prediction,personality_conscientiousness_bin,high,QWK,-0.015507456845054123,0.13217388612430298,,,5,52.0,52.0,not_computed_default_lightweight
mpdd_personality_shuffled_severity_tfidf_logistic,MPDD-AVG-2026,Personality,ordinal severity prediction,shuffled personality TF-IDF + Logistic,ordinal_prediction,personality_conscientiousness_bin,high,True Label Probability,0.36092378564136773,0.00855640695549868,,,5,52.0,52.0,not_computed_default_lightweight
mpdd_personality_shuffled_severity_tfidf_logistic,MPDD-AVG-2026,Personality,ordinal severity prediction,shuffled personality TF-IDF + Logistic,ordinal_prediction,personality_conscientiousness_bin,low,Accuracy,0.37586206896551716,0.059125614480973254,,,5,58.0,58.0,not_computed_default_lightweight
mpdd_personality_shuffled_severity_tfidf_logistic,MPDD-AVG-2026,Personality,ordinal severity prediction,shuffled personality TF-IDF + Logistic,ordinal_prediction,personality_conscientiousness_bin,low,Brier Score,0.6756113512418274,0.012558275961192243,,,5,58.0,58.0,not_computed_default_lightweight
mpdd_personality_shuffled_severity_tfidf_logistic,MPDD-AVG-2026,Personality,ordinal severity prediction,shuffled personality TF-IDF + Logistic,ordinal_prediction,personality_conscientiousness_bin,low,Calibration Gap,0.05842746879693839,0.06092378059249364,,,5,58.0,58.0,not_computed_default_lightweight
mpdd_personality_shuffled_severity_tfidf_logistic,MPDD-AVG-2026,Personality,ordinal severity prediction,shuffled personality TF-IDF + Logistic,ordinal_prediction,personality_conscientiousness_bin,low,ECE,0.08581063934728708,0.04749106951973848,,,5,58.0,58.0,not_computed_default_lightweight
mpdd_personality_shuffled_severity_tfidf_logistic,MPDD-AVG-2026,Personality,ordinal severity prediction,shuffled personality TF-IDF + Logistic,ordinal_prediction,personality_conscientiousness_bin,low,Macro-F1,0.2886753026372306,0.05518663119632981,,,5,58.0,58.0,not_computed_default_lightweight
mpdd_personality_shuffled_severity_tfidf_logistic,MPDD-AVG-2026,Personality,ordinal severity prediction,shuffled personality TF-IDF + Logistic,ordinal_prediction,personality_conscientiousness_bin,low,Mean Confidence,0.4342895377624556,0.008337600450171855,,,5,58.0,58.0,not_computed_default_lightweight
mpdd_personality_shuffled_severity_tfidf_logistic,MPDD-AVG-2026,Personality,ordinal severity prediction,shuffled personality TF-IDF + Logistic,ordinal_prediction,personality_conscientiousness_bin,low,Ordinal MAE,0.7724137931034483,0.09716553657658876,,,5,58.0,58.0,not_computed_default_lightweight
mpdd_personality_shuffled_severity_tfidf_logistic,MPDD-AVG-2026,Personality,ordinal severity prediction,shuffled personality TF-IDF + Logistic,ordinal_prediction,personality_conscientiousness_bin,low,Prediction Bias,-0.0896551724137931,0.09716553657658876,,,5,58.0,58.0,not_computed_default_lightweight
mpdd_personality_shuffled_severity_tfidf_logistic,MPDD-AVG-2026,Personality,ordinal severity prediction,shuffled personality TF-IDF + Logistic,ordinal_prediction,personality_conscientiousness_bin,low,QWK,-0.052963408076807814,0.13713270909594344,,,5,58.0,58.0,not_computed_default_lightweight
mpdd_personality_shuffled_severity_tfidf_logistic,MPDD-AVG-2026,Personality,ordinal severity prediction,shuffled personality TF-IDF + Logistic,ordinal_prediction,personality_conscientiousness_bin,low,True Label Probability,0.34262185286054064,0.005742441746964351,,,5,58.0,58.0,not_computed_default_lightweight
mpdd_personality_shuffled_severity_tfidf_logistic,MPDD-AVG-2026,Personality,ordinal severity prediction,shuffled personality TF-IDF + Logistic,ordinal_prediction,personality_conscientiousness_bin,mid,Accuracy,0.42564102564102557,0.07536891516255931,,,5,39.0,39.0,not_computed_default_lightweight
mpdd_personality_shuffled_severity_tfidf_logistic,MPDD-AVG-2026,Personality,ordinal severity prediction,shuffled personality TF-IDF + Logistic,ordinal_prediction,personality_conscientiousness_bin,mid,Brier Score,0.6296593630958371,0.01898477162251231,,,5,39.0,39.0,not_computed_default_lightweight
mpdd_personality_shuffled_severity_tfidf_logistic,MPDD-AVG-2026,Personality,ordinal severity prediction,shuffled personality TF-IDF + Logistic,ordinal_prediction,personality_conscientiousness_bin,mid,Calibration Gap,0.010859032889889953,0.07733754367916605,,,5,39.0,39.0,not_computed_default_lightweight
mpdd_personality_shuffled_severity_tfidf_logistic,MPDD-AVG-2026,Personality,ordinal severity prediction,shuffled personality TF-IDF + Logistic,ordinal_prediction,personality_conscientiousness_bin,mid,ECE,0.11439744315036264,0.03566006578259692,,,5,39.0,39.0,not_computed_default_lightweight
mpdd_personality_shuffled_severity_tfidf_logistic,MPDD-AVG-2026,Personality,ordinal severity prediction,shuffled personality TF-IDF + Logistic,ordinal_prediction,personality_conscientiousness_bin,mid,Macro-F1,0.2965075754556394,0.06783608637873977,,,5,39.0,39.0,not_computed_default_lightweight
mpdd_personality_shuffled_severity_tfidf_logistic,MPDD-AVG-2026,Personality,ordinal severity prediction,shuffled personality TF-IDF + Logistic,ordinal_prediction,personality_conscientiousness_bin,mid,Mean Confidence,0.4365000585309155,0.011753534140799653,,,5,39.0,39.0,not_computed_default_lightweight
mpdd_personality_shuffled_severity_tfidf_logistic,MPDD-AVG-2026,Personality,ordinal severity prediction,shuffled personality TF-IDF + Logistic,ordinal_prediction,personality_conscientiousness_bin,mid,Ordinal MAE,0.7230769230769231,0.12707191480373198,,,5,39.0,39.0,not_computed_default_lightweight
mpdd_personality_shuffled_severity_tfidf_logistic,MPDD-AVG-2026,Personality,ordinal severity prediction,shuffled personality TF-IDF + Logistic,ordinal_prediction,personality_conscientiousness_bin,mid,Prediction Bias,0.2615384615384615,0.06363935203072234,,,5,39.0,39.0,not_computed_default_lightweight
mpdd_personality_shuffled_severity_tfidf_logistic,MPDD-AVG-2026,Personality,ordinal severity prediction,shuffled personality TF-IDF + Logistic,ordinal_prediction,personality_conscientiousness_bin,mid,QWK,0.04590371405114295,0.1873393762468776,,,5,39.0,39.0,not_computed_default_lightweight
mpdd_personality_shuffled_severity_tfidf_logistic,MPDD-AVG-2026,Personality,ordinal severity prediction,shuffled personality TF-IDF + Logistic,ordinal_prediction,personality_conscientiousness_bin,mid,True Label Probability,0.3658334212081245,0.011633351305462109,,,5,39.0,39.0,not_computed_default_lightweight
mpdd_personality_shuffled_severity_tfidf_logistic,MPDD-AVG-2026,Personality,ordinal severity prediction,shuffled personality TF-IDF + Logistic,ordinal_prediction,personality_conscientiousness_bin,unknown,Accuracy,0.4,0.11305337274383896,,,5,26.0,26.0,not_computed_default_lightweight
mpdd_personality_shuffled_severity_tfidf_logistic,MPDD-AVG-2026,Personality,ordinal severity prediction,shuffled personality TF-IDF + Logistic,ordinal_prediction,personality_conscientiousness_bin,unknown,Brier Score,0.6465929946671222,0.03478508037954402,,,5,26.0,26.0,not_computed_default_lightweight
mpdd_personality_shuffled_severity_tfidf_logistic,MPDD-AVG-2026,Personality,ordinal severity prediction,shuffled personality TF-IDF + Logistic,ordinal_prediction,personality_conscientiousness_bin,unknown,Calibration Gap,0.03524471151852197,0.11137758221221061,,,5,26.0,26.0,not_computed_default_lightweight
mpdd_personality_shuffled_severity_tfidf_logistic,MPDD-AVG-2026,Personality,ordinal severity prediction,shuffled personality TF-IDF + Logistic,ordinal_prediction,personality_conscientiousness_bin,unknown,ECE,0.11487379283484811,0.06085574006947231,,,5,26.0,26.0,not_computed_default_lightweight
mpdd_personality_shuffled_severity_tfidf_logistic,MPDD-AVG-2026,Personality,ordinal severity prediction,shuffled personality TF-IDF + Logistic,ordinal_prediction,personality_conscientiousness_bin,unknown,Macro-F1,0.30614558131799513,0.08190146010551902,,,5,26.0,26.0,not_computed_default_lightweight
mpdd_personality_shuffled_severity_tfidf_logistic,MPDD-AVG-2026,Personality,ordinal severity prediction,shuffled personality TF-IDF + Logistic,ordinal_prediction,personality_conscientiousness_bin,unknown,Mean Confidence,0.43524471151852195,0.007610767351363584,,,5,26.0,26.0,not_computed_default_lightweight
mpdd_personality_shuffled_severity_tfidf_logistic,MPDD-AVG-2026,Personality,ordinal severity prediction,shuffled personality TF-IDF + Logistic,ordinal_prediction,personality_conscientiousness_bin,unknown,Ordinal MAE,0.8076923076923077,0.15575735947166605,,,5,26.0,26.0,not_computed_default_lightweight
mpdd_personality_shuffled_severity_tfidf_logistic,MPDD-AVG-2026,Personality,ordinal severity prediction,shuffled personality TF-IDF + Logistic,ordinal_prediction,personality_conscientiousness_bin,unknown,Prediction Bias,0.1769230769230769,0.16605410111479157,,,5,26.0,26.0,not_computed_default_lightweight
mpdd_personality_shuffled_severity_tfidf_logistic,MPDD-AVG-2026,Personality,ordinal severity prediction,shuffled personality TF-IDF + Logistic,ordinal_prediction,personality_conscientiousness_bin,unknown,QWK,-0.11131443771043267,0.14924219857488452,,,5,26.0,26.0,not_computed_default_lightweight
mpdd_personality_shuffled_severity_tfidf_logistic,MPDD-AVG-2026,Personality,ordinal severity prediction,shuffled personality TF-IDF + Logistic,ordinal_prediction,personality_conscientiousness_bin,unknown,True Label Probability,0.35749464612859727,0.016464734719846264,,,5,26.0,26.0,not_computed_default_lightweight
mpdd_personality_shuffled_severity_tfidf_logistic,MPDD-AVG-2026,Personality,ordinal severity prediction,shuffled personality TF-IDF + Logistic,ordinal_prediction,personality_extraversion_bin,high,Accuracy,0.41538461538461535,0.06617173282340481,,,5,26.0,26.0,not_computed_default_lightweight
mpdd_personality_shuffled_severity_tfidf_logistic,MPDD-AVG-2026,Personality,ordinal severity prediction,shuffled personality TF-IDF + Logistic,ordinal_prediction,personality_extraversion_bin,high,Brier Score,0.627144023148343,0.029676353580320107,,,5,26.0,26.0,not_computed_default_lightweight
mpdd_personality_shuffled_severity_tfidf_logistic,MPDD-AVG-2026,Personality,ordinal severity prediction,shuffled personality TF-IDF + Logistic,ordinal_prediction,personality_extraversion_bin,high,Calibration Gap,0.02444565992557394,0.06291480919840471,,,5,26.0,26.0,not_computed_default_lightweight
mpdd_personality_shuffled_severity_tfidf_logistic,MPDD-AVG-2026,Personality,ordinal severity prediction,shuffled personality TF-IDF + Logistic,ordinal_prediction,personality_extraversion_bin,high,ECE,0.11304707385700188,0.04575317581218951,,,5,26.0,26.0,not_computed_default_lightweight
mpdd_personality_shuffled_severity_tfidf_logistic,MPDD-AVG-2026,Personality,ordinal severity prediction,shuffled personality TF-IDF + Logistic,ordinal_prediction,personality_extraversion_bin,high,Macro-F1,0.27528674132907593,0.05317874951245573,,,5,26.0,26.0,not_computed_default_lightweight
mpdd_personality_shuffled_severity_tfidf_logistic,MPDD-AVG-2026,Personality,ordinal severity prediction,shuffled personality TF-IDF + Logistic,ordinal_prediction,personality_extraversion_bin,high,Mean Confidence,0.43983027531018937,0.006381844016656539,,,5,26.0,26.0,not_computed_default_lightweight
mpdd_personality_shuffled_severity_tfidf_logistic,MPDD-AVG-2026,Personality,ordinal severity prediction,shuffled personality TF-IDF + Logistic,ordinal_prediction,personality_extraversion_bin,high,Ordinal MAE,0.7615384615384616,0.10986812966989,,,5,26.0,26.0,not_computed_default_lightweight
mpdd_personality_shuffled_severity_tfidf_logistic,MPDD-AVG-2026,Personality,ordinal severity prediction,shuffled personality TF-IDF + Logistic,ordinal_prediction,personality_extraversion_bin,high,Prediction Bias,0.36153846153846153,0.10769230769230767,,,5,26.0,26.0,not_computed_default_lightweight
mpdd_personality_shuffled_severity_tfidf_logistic,MPDD-AVG-2026,Personality,ordinal severity prediction,shuffled personality TF-IDF + Logistic,ordinal_prediction,personality_extraversion_bin,high,QWK,0.0076405784907294105,0.14317391545808814,,,5,26.0,26.0,not_computed_default_lightweight
mpdd_personality_shuffled_severity_tfidf_logistic,MPDD-AVG-2026,Personality,ordinal severity prediction,shuffled personality TF-IDF + Logistic,ordinal_prediction,personality_extraversion_bin,high,True Label Probability,0.3682364767534689,0.01450061767126999,,,5,26.0,26.0,not_computed_default_lightweight
mpdd_personality_shuffled_severity_tfidf_logistic,MPDD-AVG-2026,Personality,ordinal severity prediction,shuffled personality TF-IDF + Logistic,ordinal_prediction,personality_extraversion_bin,low,Accuracy,0.352,0.037094473981982824,,,5,50.0,50.0,not_computed_default_lightweight
mpdd_personality_shuffled_severity_tfidf_logistic,MPDD-AVG-2026,Personality,ordinal severity prediction,shuffled personality TF-IDF + Logistic,ordinal_prediction,personality_extraversion_bin,low,Brier Score,0.6793831188911985,0.004869257862482929,,,5,50.0,50.0,not_computed_default_lightweight
mpdd_personality_shuffled_severity_tfidf_logistic,MPDD-AVG-2026,Personality,ordinal severity prediction,shuffled personality TF-IDF + Logistic,ordinal_prediction,personality_extraversion_bin,low,Calibration Gap,0.08211507218835917,0.038848500595268905,,,5,50.0,50.0,not_computed_default_lightweight
mpdd_personality_shuffled_severity_tfidf_logistic,MPDD-AVG-2026,Personality,ordinal severity prediction,shuffled personality TF-IDF + Logistic,ordinal_prediction,personality_extraversion_bin,low,ECE,0.11650088221064903,0.018083048867829136,,,5,50.0,50.0,not_computed_default_lightweight
mpdd_personality_shuffled_severity_tfidf_logistic,MPDD-AVG-2026,Personality,ordinal severity prediction,shuffled personality TF-IDF + Logistic,ordinal_prediction,personality_extraversion_bin,low,Macro-F1,0.27572949547052134,0.041163808685313254,,,5,50.0,50.0,not_computed_default_lightweight
mpdd_personality_shuffled_severity_tfidf_logistic,MPDD-AVG-2026,Personality,ordinal severity prediction,shuffled personality TF-IDF + Logistic,ordinal_prediction,personality_extraversion_bin,low,Mean Confidence,0.4341150721883592,0.010260896912222173,,,5,50.0,50.0,not_computed_default_lightweight
mpdd_personality_shuffled_severity_tfidf_logistic,MPDD-AVG-2026,Personality,ordinal severity prediction,shuffled personality TF-IDF + Logistic,ordinal_prediction,personality_extraversion_bin,low,Ordinal MAE,0.7839999999999999,0.047999999999999994,,,5,50.0,50.0,not_computed_default_lightweight
mpdd_personality_shuffled_severity_tfidf_logistic,MPDD-AVG-2026,Personality,ordinal severity prediction,shuffled personality TF-IDF + Logistic,ordinal_prediction,personality_extraversion_bin,low,Prediction Bias,-0.05600000000000001,0.08616263691415207,,,5,50.0,50.0,not_computed_default_lightweight
mpdd_personality_shuffled_severity_tfidf_logistic,MPDD-AVG-2026,Personality,ordinal severity prediction,shuffled personality TF-IDF + Logistic,ordinal_prediction,personality_extraversion_bin,low,QWK,-0.023317442832025526,0.05158595675124357,,,5,50.0,50.0,not_computed_default_lightweight
mpdd_personality_shuffled_severity_tfidf_logistic,MPDD-AVG-2026,Personality,ordinal severity prediction,shuffled personality TF-IDF + Logistic,ordinal_prediction,personality_extraversion_bin,low,True Label Probability,0.3404505750380592,0.0047080807962162,,,5,50.0,50.0,not_computed_default_lightweight
mpdd_personality_shuffled_severity_tfidf_logistic,MPDD-AVG-2026,Personality,ordinal severity prediction,shuffled personality TF-IDF + Logistic,ordinal_prediction,personality_extraversion_bin,mid,Accuracy,0.4408163265306123,0.03315934042708555,,,5,49.0,49.0,not_computed_default_lightweight
mpdd_personality_shuffled_severity_tfidf_logistic,MPDD-AVG-2026,Personality,ordinal severity prediction,shuffled personality TF-IDF + Logistic,ordinal_prediction,personality_extraversion_bin,mid,Brier Score,0.6418905767942513,0.01745764338074012,,,5,49.0,49.0,not_computed_default_lightweight
mpdd_personality_shuffled_severity_tfidf_logistic,MPDD-AVG-2026,Personality,ordinal severity prediction,shuffled personality TF-IDF + Logistic,ordinal_prediction,personality_extraversion_bin,mid,Calibration Gap,-0.003652015620623883,0.035563562988011714,,,5,49.0,49.0,not_computed_default_lightweight
mpdd_personality_shuffled_severity_tfidf_logistic,MPDD-AVG-2026,Personality,ordinal severity prediction,shuffled personality TF-IDF + Logistic,ordinal_prediction,personality_extraversion_bin,mid,ECE,0.06936298092762934,0.036453738598495634,,,5,49.0,49.0,not_computed_default_lightweight
mpdd_personality_shuffled_severity_tfidf_logistic,MPDD-AVG-2026,Personality,ordinal severity prediction,shuffled personality TF-IDF + Logistic,ordinal_prediction,personality_extraversion_bin,mid,Macro-F1,0.3046949379357581,0.02248620857407756,,,5,49.0,49.0,not_computed_default_lightweight
mpdd_personality_shuffled_severity_tfidf_logistic,MPDD-AVG-2026,Personality,ordinal severity prediction,shuffled personality TF-IDF + Logistic,ordinal_prediction,personality_extraversion_bin,mid,Mean Confidence,0.43716431090998836,0.004855512279982181,,,5,49.0,49.0,not_computed_default_lightweight
mpdd_personality_shuffled_severity_tfidf_logistic,MPDD-AVG-2026,Personality,ordinal severity prediction,shuffled personality TF-IDF + Logistic,ordinal_prediction,personality_extraversion_bin,mid,Ordinal MAE,0.6816326530612244,0.04759960730485957,,,5,49.0,49.0,not_computed_default_lightweight
mpdd_personality_shuffled_severity_tfidf_logistic,MPDD-AVG-2026,Personality,ordinal severity prediction,shuffled personality TF-IDF + Logistic,ordinal_prediction,personality_extraversion_bin,mid,Prediction Bias,0.15102040816326529,0.0832492981811067,,,5,49.0,49.0,not_computed_default_lightweight
mpdd_personality_shuffled_severity_tfidf_logistic,MPDD-AVG-2026,Personality,ordinal severity prediction,shuffled personality TF-IDF + Logistic,ordinal_prediction,personality_extraversion_bin,mid,QWK,-0.03224182385404184,0.047831613080302905,,,5,49.0,49.0,not_computed_default_lightweight
mpdd_personality_shuffled_severity_tfidf_logistic,MPDD-AVG-2026,Personality,ordinal severity prediction,shuffled personality TF-IDF + Logistic,ordinal_prediction,personality_extraversion_bin,mid,True Label Probability,0.36007752012584726,0.009464446583040086,,,5,49.0,49.0,not_computed_default_lightweight
mpdd_personality_shuffled_severity_tfidf_logistic,MPDD-AVG-2026,Personality,ordinal severity prediction,shuffled personality TF-IDF + Logistic,ordinal_prediction,personality_extraversion_bin,unknown,Accuracy,0.404,0.0463033476111609,,,5,50.0,50.0,not_computed_default_lightweight
mpdd_personality_shuffled_severity_tfidf_logistic,MPDD-AVG-2026,Personality,ordinal severity prediction,shuffled personality TF-IDF + Logistic,ordinal_prediction,personality_extraversion_bin,unknown,Brier Score,0.6430109366178745,0.015758027815055642,,,5,50.0,50.0,not_computed_default_lightweight
mpdd_personality_shuffled_severity_tfidf_logistic,MPDD-AVG-2026,Personality,ordinal severity prediction,shuffled personality TF-IDF + Logistic,ordinal_prediction,personality_extraversion_bin,unknown,Calibration Gap,0.03193853601874467,0.046344894419656196,,,5,50.0,50.0,not_computed_default_lightweight
mpdd_personality_shuffled_severity_tfidf_logistic,MPDD-AVG-2026,Personality,ordinal severity prediction,shuffled personality TF-IDF + Logistic,ordinal_prediction,personality_extraversion_bin,unknown,ECE,0.06679270750305089,0.03087739700875954,,,5,50.0,50.0,not_computed_default_lightweight
mpdd_personality_shuffled_severity_tfidf_logistic,MPDD-AVG-2026,Personality,ordinal severity prediction,shuffled personality TF-IDF + Logistic,ordinal_prediction,personality_extraversion_bin,unknown,Macro-F1,0.32199117007471323,0.050195280136978035,,,5,50.0,50.0,not_computed_default_lightweight
mpdd_personality_shuffled_severity_tfidf_logistic,MPDD-AVG-2026,Personality,ordinal severity prediction,shuffled personality TF-IDF + Logistic,ordinal_prediction,personality_extraversion_bin,unknown,Mean Confidence,0.43593853601874466,0.009811057143842061,,,5,50.0,50.0,not_computed_default_lightweight
mpdd_personality_shuffled_severity_tfidf_logistic,MPDD-AVG-2026,Personality,ordinal severity prediction,shuffled personality TF-IDF + Logistic,ordinal_prediction,personality_extraversion_bin,unknown,Ordinal MAE,0.8200000000000001,0.08854377448471462,,,5,50.0,50.0,not_computed_default_lightweight
mpdd_personality_shuffled_severity_tfidf_logistic,MPDD-AVG-2026,Personality,ordinal severity prediction,shuffled personality TF-IDF + Logistic,ordinal_prediction,personality_extraversion_bin,unknown,Prediction Bias,0.06000000000000001,0.048989794855663564,,,5,50.0,50.0,not_computed_default_lightweight
mpdd_personality_shuffled_severity_tfidf_logistic,MPDD-AVG-2026,Personality,ordinal severity prediction,shuffled personality TF-IDF + Logistic,ordinal_prediction,personality_extraversion_bin,unknown,QWK,-0.07551726896114849,0.12640168799166335,,,5,50.0,50.0,not_computed_default_lightweight
mpdd_personality_shuffled_severity_tfidf_logistic,MPDD-AVG-2026,Personality,ordinal severity prediction,shuffled personality TF-IDF + Logistic,ordinal_prediction,personality_extraversion_bin,unknown,True Label Probability,0.35923985824126403,0.00924680123825896,,,5,50.0,50.0,not_computed_default_lightweight
mpdd_personality_shuffled_severity_tfidf_logistic,MPDD-AVG-2026,Personality,ordinal severity prediction,shuffled personality TF-IDF + Logistic,ordinal_prediction,personality_neuroticism_bin,high,Accuracy,0.2857142857142857,0.06023386019368341,,,5,21.0,21.0,not_computed_default_lightweight
mpdd_personality_shuffled_severity_tfidf_logistic,MPDD-AVG-2026,Personality,ordinal severity prediction,shuffled personality TF-IDF + Logistic,ordinal_prediction,personality_neuroticism_bin,high,Brier Score,0.703514389637902,0.03599669310437547,,,5,21.0,21.0,not_computed_default_lightweight
mpdd_personality_shuffled_severity_tfidf_logistic,MPDD-AVG-2026,Personality,ordinal severity prediction,shuffled personality TF-IDF + Logistic,ordinal_prediction,personality_neuroticism_bin,high,Calibration Gap,0.15231612658271568,0.06557921303453945,,,5,21.0,21.0,not_computed_default_lightweight
mpdd_personality_shuffled_severity_tfidf_logistic,MPDD-AVG-2026,Personality,ordinal severity prediction,shuffled personality TF-IDF + Logistic,ordinal_prediction,personality_neuroticism_bin,high,ECE,0.19158472625001086,0.05686552394559895,,,5,21.0,21.0,not_computed_default_lightweight
mpdd_personality_shuffled_severity_tfidf_logistic,MPDD-AVG-2026,Personality,ordinal severity prediction,shuffled personality TF-IDF + Logistic,ordinal_prediction,personality_neuroticism_bin,high,Macro-F1,0.24168419815478642,0.061263293539143594,,,5,21.0,21.0,not_computed_default_lightweight
mpdd_personality_shuffled_severity_tfidf_logistic,MPDD-AVG-2026,Personality,ordinal severity prediction,shuffled personality TF-IDF + Logistic,ordinal_prediction,personality_neuroticism_bin,high,Mean Confidence,0.43803041229700135,0.01139193000385874,,,5,21.0,21.0,not_computed_default_lightweight
mpdd_personality_shuffled_severity_tfidf_logistic,MPDD-AVG-2026,Personality,ordinal severity prediction,shuffled personality TF-IDF + Logistic,ordinal_prediction,personality_neuroticism_bin,high,Ordinal MAE,0.8857142857142858,0.11106575037800571,,,5,21.0,21.0,not_computed_default_lightweight
mpdd_personality_shuffled_severity_tfidf_logistic,MPDD-AVG-2026,Personality,ordinal severity prediction,shuffled personality TF-IDF + Logistic,ordinal_prediction,personality_neuroticism_bin,high,Prediction Bias,-0.1619047619047619,0.23637473611411156,,,5,21.0,21.0,not_computed_default_lightweight
mpdd_personality_shuffled_severity_tfidf_logistic,MPDD-AVG-2026,Personality,ordinal severity prediction,shuffled personality TF-IDF + Logistic,ordinal_prediction,personality_neuroticism_bin,high,QWK,-0.06083491610886853,0.16007555307156723,,,5,21.0,21.0,not_computed_default_lightweight
mpdd_personality_shuffled_severity_tfidf_logistic,MPDD-AVG-2026,Personality,ordinal severity prediction,shuffled personality TF-IDF + Logistic,ordinal_prediction,personality_neuroticism_bin,high,True Label Probability,0.32988056845242114,0.016089711022809705,,,5,21.0,21.0,not_computed_default_lightweight
mpdd_personality_shuffled_severity_tfidf_logistic,MPDD-AVG-2026,Personality,ordinal severity prediction,shuffled personality TF-IDF + Logistic,ordinal_prediction,personality_neuroticism_bin,low,Accuracy,0.4516129032258064,0.03816825666515881,,,5,62.0,62.0,not_computed_default_lightweight
mpdd_personality_shuffled_severity_tfidf_logistic,MPDD-AVG-2026,Personality,ordinal severity prediction,shuffled personality TF-IDF + Logistic,ordinal_prediction,personality_neuroticism_bin,low,Brier Score,0.6283027055596584,0.014469552563710167,,,5,62.0,62.0,not_computed_default_lightweight
mpdd_personality_shuffled_severity_tfidf_logistic,MPDD-AVG-2026,Personality,ordinal severity prediction,shuffled personality TF-IDF + Logistic,ordinal_prediction,personality_neuroticism_bin,low,Calibration Gap,-0.01489233741555086,0.041955873985932014,,,5,62.0,62.0,not_computed_default_lightweight
mpdd_personality_shuffled_severity_tfidf_logistic,MPDD-AVG-2026,Personality,ordinal severity prediction,shuffled personality TF-IDF + Logistic,ordinal_prediction,personality_neuroticism_bin,low,ECE,0.06553308000227996,0.04891216725896623,,,5,62.0,62.0,not_computed_default_lightweight
mpdd_personality_shuffled_severity_tfidf_logistic,MPDD-AVG-2026,Personality,ordinal severity prediction,shuffled personality TF-IDF + Logistic,ordinal_prediction,personality_neuroticism_bin,low,Macro-F1,0.3287853211151051,0.06149030950591422,,,5,62.0,62.0,not_computed_default_lightweight
mpdd_personality_shuffled_severity_tfidf_logistic,MPDD-AVG-2026,Personality,ordinal severity prediction,shuffled personality TF-IDF + Logistic,ordinal_prediction,personality_neuroticism_bin,low,Mean Confidence,0.4367205658102556,0.0056063021133664435,,,5,62.0,62.0,not_computed_default_lightweight
mpdd_personality_shuffled_severity_tfidf_logistic,MPDD-AVG-2026,Personality,ordinal severity prediction,shuffled personality TF-IDF + Logistic,ordinal_prediction,personality_neuroticism_bin,low,Ordinal MAE,0.6741935483870968,0.0589537641370873,,,5,62.0,62.0,not_computed_default_lightweight
mpdd_personality_shuffled_severity_tfidf_logistic,MPDD-AVG-2026,Personality,ordinal severity prediction,shuffled personality TF-IDF + Logistic,ordinal_prediction,personality_neuroticism_bin,low,Prediction Bias,0.2032258064516129,0.0649981989664835,,,5,62.0,62.0,not_computed_default_lightweight
mpdd_personality_shuffled_severity_tfidf_logistic,MPDD-AVG-2026,Personality,ordinal severity prediction,shuffled personality TF-IDF + Logistic,ordinal_prediction,personality_neuroticism_bin,low,QWK,-0.014777865993420503,0.126727019111214,,,5,62.0,62.0,not_computed_default_lightweight
mpdd_personality_shuffled_severity_tfidf_logistic,MPDD-AVG-2026,Personality,ordinal severity prediction,shuffled personality TF-IDF + Logistic,ordinal_prediction,personality_neuroticism_bin,low,True Label Probability,0.3668099715899765,0.008873212010156157,,,5,62.0,62.0,not_computed_default_lightweight
mpdd_personality_shuffled_severity_tfidf_logistic,MPDD-AVG-2026,Personality,ordinal severity prediction,shuffled personality TF-IDF + Logistic,ordinal_prediction,personality_neuroticism_bin,mid,Accuracy,0.35102040816326535,0.05685056439666988,,,5,49.0,49.0,not_computed_default_lightweight
mpdd_personality_shuffled_severity_tfidf_logistic,MPDD-AVG-2026,Personality,ordinal severity prediction,shuffled personality TF-IDF + Logistic,ordinal_prediction,personality_neuroticism_bin,mid,Brier Score,0.6865246841791849,0.01851346913736583,,,5,49.0,49.0,not_computed_default_lightweight
mpdd_personality_shuffled_severity_tfidf_logistic,MPDD-AVG-2026,Personality,ordinal severity prediction,shuffled personality TF-IDF + Logistic,ordinal_prediction,personality_neuroticism_bin,mid,Calibration Gap,0.08323272086140669,0.04933603536401703,,,5,49.0,49.0,not_computed_default_lightweight
mpdd_personality_shuffled_severity_tfidf_logistic,MPDD-AVG-2026,Personality,ordinal severity prediction,shuffled personality TF-IDF + Logistic,ordinal_prediction,personality_neuroticism_bin,mid,ECE,0.09400805795657388,0.03911554291436601,,,5,49.0,49.0,not_computed_default_lightweight
mpdd_personality_shuffled_severity_tfidf_logistic,MPDD-AVG-2026,Personality,ordinal severity prediction,shuffled personality TF-IDF + Logistic,ordinal_prediction,personality_neuroticism_bin,mid,Macro-F1,0.29009204546911666,0.03593153065976255,,,5,49.0,49.0,not_computed_default_lightweight
mpdd_personality_shuffled_severity_tfidf_logistic,MPDD-AVG-2026,Personality,ordinal severity prediction,shuffled personality TF-IDF + Logistic,ordinal_prediction,personality_neuroticism_bin,mid,Mean Confidence,0.434253129024672,0.01085802001928744,,,5,49.0,49.0,not_computed_default_lightweight
mpdd_personality_shuffled_severity_tfidf_logistic,MPDD-AVG-2026,Personality,ordinal severity prediction,shuffled personality TF-IDF + Logistic,ordinal_prediction,personality_neuroticism_bin,mid,Ordinal MAE,0.8244897959183672,0.07808623048860815,,,5,49.0,49.0,not_computed_default_lightweight
mpdd_personality_shuffled_severity_tfidf_logistic,MPDD-AVG-2026,Personality,ordinal severity prediction,shuffled personality TF-IDF + Logistic,ordinal_prediction,personality_neuroticism_bin,mid,Prediction Bias,-0.0653061224489796,0.12738356354552843,,,5,49.0,49.0,not_computed_default_lightweight
mpdd_personality_shuffled_severity_tfidf_logistic,MPDD-AVG-2026,Personality,ordinal severity prediction,shuffled personality TF-IDF + Logistic,ordinal_prediction,personality_neuroticism_bin,mid,QWK,-0.021500215286412883,0.07286302474550604,,,5,49.0,49.0,not_computed_default_lightweight
mpdd_personality_shuffled_severity_tfidf_logistic,MPDD-AVG-2026,Personality,ordinal severity prediction,shuffled personality TF-IDF + Logistic,ordinal_prediction,personality_neuroticism_bin,mid,True Label Probability,0.3368434027454582,0.008451273175105285,,,5,49.0,49.0,not_computed_default_lightweight
mpdd_personality_shuffled_severity_tfidf_logistic,MPDD-AVG-2026,Personality,ordinal severity prediction,shuffled personality TF-IDF + Logistic,ordinal_prediction,personality_neuroticism_bin,unknown,Accuracy,0.4418604651162791,0.055033300307903404,,,5,43.0,43.0,not_computed_default_lightweight
mpdd_personality_shuffled_severity_tfidf_logistic,MPDD-AVG-2026,Personality,ordinal severity prediction,shuffled personality TF-IDF + Logistic,ordinal_prediction,personality_neuroticism_bin,unknown,Brier Score,0.6165071206593966,0.027673299876047962,,,5,43.0,43.0,not_computed_default_lightweight
mpdd_personality_shuffled_severity_tfidf_logistic,MPDD-AVG-2026,Personality,ordinal severity prediction,shuffled personality TF-IDF + Logistic,ordinal_prediction,personality_neuroticism_bin,unknown,Calibration Gap,-0.004520889713308362,0.05061821344015036,,,5,43.0,43.0,not_computed_default_lightweight
mpdd_personality_shuffled_severity_tfidf_logistic,MPDD-AVG-2026,Personality,ordinal severity prediction,shuffled personality TF-IDF + Logistic,ordinal_prediction,personality_neuroticism_bin,unknown,ECE,0.0961770867260016,0.03840120864739481,,,5,43.0,43.0,not_computed_default_lightweight
mpdd_personality_shuffled_severity_tfidf_logistic,MPDD-AVG-2026,Personality,ordinal severity prediction,shuffled personality TF-IDF + Logistic,ordinal_prediction,personality_neuroticism_bin,unknown,Macro-F1,0.2807662375652022,0.049064579426418765,,,5,43.0,43.0,not_computed_default_lightweight
mpdd_personality_shuffled_severity_tfidf_logistic,MPDD-AVG-2026,Personality,ordinal severity prediction,shuffled personality TF-IDF + Logistic,ordinal_prediction,personality_neuroticism_bin,unknown,Mean Confidence,0.43733957540297075,0.014389630139059133,,,5,43.0,43.0,not_computed_default_lightweight
mpdd_personality_shuffled_severity_tfidf_logistic,MPDD-AVG-2026,Personality,ordinal severity prediction,shuffled personality TF-IDF + Logistic,ordinal_prediction,personality_neuroticism_bin,unknown,Ordinal MAE,0.758139534883721,0.08397893062915247,,,5,43.0,43.0,not_computed_default_lightweight
mpdd_personality_shuffled_severity_tfidf_logistic,MPDD-AVG-2026,Personality,ordinal severity prediction,shuffled personality TF-IDF + Logistic,ordinal_prediction,personality_neuroticism_bin,unknown,Prediction Bias,0.2558139534883721,0.09185310538665814,,,5,43.0,43.0,not_computed_default_lightweight
mpdd_personality_shuffled_severity_tfidf_logistic,MPDD-AVG-2026,Personality,ordinal severity prediction,shuffled personality TF-IDF + Logistic,ordinal_prediction,personality_neuroticism_bin,unknown,QWK,-0.12706443255588404,0.11820151803161538,,,5,43.0,43.0,not_computed_default_lightweight
mpdd_personality_shuffled_severity_tfidf_logistic,MPDD-AVG-2026,Personality,ordinal severity prediction,shuffled personality TF-IDF + Logistic,ordinal_prediction,personality_neuroticism_bin,unknown,True Label Probability,0.37273096825851226,0.015737633193075303,,,5,43.0,43.0,not_computed_default_lightweight
mpdd_personality_shuffled_severity_tfidf_logistic,MPDD-AVG-2026,Personality,ordinal severity prediction,shuffled personality TF-IDF + Logistic,ordinal_prediction,personality_openness_bin,high,Accuracy,0.312,0.053065996645686404,,,5,25.0,25.0,not_computed_default_lightweight
mpdd_personality_shuffled_severity_tfidf_logistic,MPDD-AVG-2026,Personality,ordinal severity prediction,shuffled personality TF-IDF + Logistic,ordinal_prediction,personality_openness_bin,high,Brier Score,0.6902533283948611,0.02342267759817144,,,5,25.0,25.0,not_computed_default_lightweight
mpdd_personality_shuffled_severity_tfidf_logistic,MPDD-AVG-2026,Personality,ordinal severity prediction,shuffled personality TF-IDF + Logistic,ordinal_prediction,personality_openness_bin,high,Calibration Gap,0.12739659991817548,0.0551735230840634,,,5,25.0,25.0,not_computed_default_lightweight
mpdd_personality_shuffled_severity_tfidf_logistic,MPDD-AVG-2026,Personality,ordinal severity prediction,shuffled personality TF-IDF + Logistic,ordinal_prediction,personality_openness_bin,high,ECE,0.1325713967615302,0.04998936886628194,,,5,25.0,25.0,not_computed_default_lightweight
mpdd_personality_shuffled_severity_tfidf_logistic,MPDD-AVG-2026,Personality,ordinal severity prediction,shuffled personality TF-IDF + Logistic,ordinal_prediction,personality_openness_bin,high,Macro-F1,0.2606860631167595,0.06250183659572199,,,5,25.0,25.0,not_computed_default_lightweight
mpdd_personality_shuffled_severity_tfidf_logistic,MPDD-AVG-2026,Personality,ordinal severity prediction,shuffled personality TF-IDF + Logistic,ordinal_prediction,personality_openness_bin,high,Mean Confidence,0.4393965999181756,0.015154088649913954,,,5,25.0,25.0,not_computed_default_lightweight
mpdd_personality_shuffled_severity_tfidf_logistic,MPDD-AVG-2026,Personality,ordinal severity prediction,shuffled personality TF-IDF + Logistic,ordinal_prediction,personality_openness_bin,high,Ordinal MAE,0.8960000000000001,0.11482160075525857,,,5,25.0,25.0,not_computed_default_lightweight
mpdd_personality_shuffled_severity_tfidf_logistic,MPDD-AVG-2026,Personality,ordinal severity prediction,shuffled personality TF-IDF + Logistic,ordinal_prediction,personality_openness_bin,high,Prediction Bias,0.016,0.168949696655543,,,5,25.0,25.0,not_computed_default_lightweight
mpdd_personality_shuffled_severity_tfidf_logistic,MPDD-AVG-2026,Personality,ordinal severity prediction,shuffled personality TF-IDF + Logistic,ordinal_prediction,personality_openness_bin,high,QWK,-0.07587965094320104,0.18459519967112606,,,5,25.0,25.0,not_computed_default_lightweight
mpdd_personality_shuffled_severity_tfidf_logistic,MPDD-AVG-2026,Personality,ordinal severity prediction,shuffled personality TF-IDF + Logistic,ordinal_prediction,personality_openness_bin,high,True Label Probability,0.337108062650801,0.010540197844299888,,,5,25.0,25.0,not_computed_default_lightweight
mpdd_personality_shuffled_severity_tfidf_logistic,MPDD-AVG-2026,Personality,ordinal severity prediction,shuffled personality TF-IDF + Logistic,ordinal_prediction,personality_openness_bin,low,Accuracy,0.38,0.03999999999999998,,,5,70.0,70.0,not_computed_default_lightweight
mpdd_personality_shuffled_severity_tfidf_logistic,MPDD-AVG-2026,Personality,ordinal severity prediction,shuffled personality TF-IDF + Logistic,ordinal_prediction,personality_openness_bin,low,Brier Score,0.6650949102607628,0.004084741942676944,,,5,70.0,70.0,not_computed_default_lightweight
mpdd_personality_shuffled_severity_tfidf_logistic,MPDD-AVG-2026,Personality,ordinal severity prediction,shuffled personality TF-IDF + Logistic,ordinal_prediction,personality_openness_bin,low,Calibration Gap,0.05530644711017463,0.043850326814311474,,,5,70.0,70.0,not_computed_default_lightweight
mpdd_personality_shuffled_severity_tfidf_logistic,MPDD-AVG-2026,Personality,ordinal severity prediction,shuffled personality TF-IDF + Logistic,ordinal_prediction,personality_openness_bin,low,ECE,0.08505424591500366,0.03497994316472252,,,5,70.0,70.0,not_computed_default_lightweight
mpdd_personality_shuffled_severity_tfidf_logistic,MPDD-AVG-2026,Personality,ordinal severity prediction,shuffled personality TF-IDF + Logistic,ordinal_prediction,personality_openness_bin,low,Macro-F1,0.3057437361714864,0.04827394339805453,,,5,70.0,70.0,not_computed_default_lightweight
mpdd_personality_shuffled_severity_tfidf_logistic,MPDD-AVG-2026,Personality,ordinal severity prediction,shuffled personality TF-IDF + Logistic,ordinal_prediction,personality_openness_bin,low,Mean Confidence,0.4353064471101746,0.006725186878125236,,,5,70.0,70.0,not_computed_default_lightweight
mpdd_personality_shuffled_severity_tfidf_logistic,MPDD-AVG-2026,Personality,ordinal severity prediction,shuffled personality TF-IDF + Logistic,ordinal_prediction,personality_openness_bin,low,Ordinal MAE,0.7742857142857142,0.06285714285714286,,,5,70.0,70.0,not_computed_default_lightweight
mpdd_personality_shuffled_severity_tfidf_logistic,MPDD-AVG-2026,Personality,ordinal severity prediction,shuffled personality TF-IDF + Logistic,ordinal_prediction,personality_openness_bin,low,Prediction Bias,0.02571428571428571,0.0747239818892687,,,5,70.0,70.0,not_computed_default_lightweight
mpdd_personality_shuffled_severity_tfidf_logistic,MPDD-AVG-2026,Personality,ordinal severity prediction,shuffled personality TF-IDF + Logistic,ordinal_prediction,personality_openness_bin,low,QWK,-0.008162542115284156,0.12716718719836279,,,5,70.0,70.0,not_computed_default_lightweight
mpdd_personality_shuffled_severity_tfidf_logistic,MPDD-AVG-2026,Personality,ordinal severity prediction,shuffled personality TF-IDF + Logistic,ordinal_prediction,personality_openness_bin,low,True Label Probability,0.3480464091955998,0.0031515413865055492,,,5,70.0,70.0,not_computed_default_lightweight
mpdd_personality_shuffled_severity_tfidf_logistic,MPDD-AVG-2026,Personality,ordinal severity prediction,shuffled personality TF-IDF + Logistic,ordinal_prediction,personality_openness_bin,mid,Accuracy,0.47777777777777775,0.040824829046386304,,,5,36.0,36.0,not_computed_default_lightweight
mpdd_personality_shuffled_severity_tfidf_logistic,MPDD-AVG-2026,Personality,ordinal severity prediction,shuffled personality TF-IDF + Logistic,ordinal_prediction,personality_openness_bin,mid,Brier Score,0.6284396617624072,0.022513725324798044,,,5,36.0,36.0,not_computed_default_lightweight
mpdd_personality_shuffled_severity_tfidf_logistic,MPDD-AVG-2026,Personality,ordinal severity prediction,shuffled personality TF-IDF + Logistic,ordinal_prediction,personality_openness_bin,mid,Calibration Gap,-0.04249559157546319,0.036237659047080435,,,5,36.0,36.0,not_computed_default_lightweight
mpdd_personality_shuffled_severity_tfidf_logistic,MPDD-AVG-2026,Personality,ordinal severity prediction,shuffled personality TF-IDF + Logistic,ordinal_prediction,personality_openness_bin,mid,ECE,0.0940984647837774,0.03917707368162751,,,5,36.0,36.0,not_computed_default_lightweight
mpdd_personality_shuffled_severity_tfidf_logistic,MPDD-AVG-2026,Personality,ordinal severity prediction,shuffled personality TF-IDF + Logistic,ordinal_prediction,personality_openness_bin,mid,Macro-F1,0.307359507182306,0.041286298205619805,,,5,36.0,36.0,not_computed_default_lightweight
mpdd_personality_shuffled_severity_tfidf_logistic,MPDD-AVG-2026,Personality,ordinal severity prediction,shuffled personality TF-IDF + Logistic,ordinal_prediction,personality_openness_bin,mid,Mean Confidence,0.43528218620231457,0.008188474501918903,,,5,36.0,36.0,not_computed_default_lightweight
mpdd_personality_shuffled_severity_tfidf_logistic,MPDD-AVG-2026,Personality,ordinal severity prediction,shuffled personality TF-IDF + Logistic,ordinal_prediction,personality_openness_bin,mid,Ordinal MAE,0.6388888888888888,0.039283710065919276,,,5,36.0,36.0,not_computed_default_lightweight
mpdd_personality_shuffled_severity_tfidf_logistic,MPDD-AVG-2026,Personality,ordinal severity prediction,shuffled personality TF-IDF + Logistic,ordinal_prediction,personality_openness_bin,mid,Prediction Bias,0.12777777777777777,0.07157832625958403,,,5,36.0,36.0,not_computed_default_lightweight
mpdd_personality_shuffled_severity_tfidf_logistic,MPDD-AVG-2026,Personality,ordinal severity prediction,shuffled personality TF-IDF + Logistic,ordinal_prediction,personality_openness_bin,mid,QWK,-0.06331195898752648,0.1066491958546621,,,5,36.0,36.0,not_computed_default_lightweight
mpdd_personality_shuffled_severity_tfidf_logistic,MPDD-AVG-2026,Personality,ordinal severity prediction,shuffled personality TF-IDF + Logistic,ordinal_prediction,personality_openness_bin,mid,True Label Probability,0.36589262215885515,0.012826869952072287,,,5,36.0,36.0,not_computed_default_lightweight
mpdd_personality_shuffled_severity_tfidf_logistic,MPDD-AVG-2026,Personality,ordinal severity prediction,shuffled personality TF-IDF + Logistic,ordinal_prediction,personality_openness_bin,unknown,Accuracy,0.42272727272727273,0.042152811343162296,,,5,44.0,44.0,not_computed_default_lightweight
mpdd_personality_shuffled_severity_tfidf_logistic,MPDD-AVG-2026,Personality,ordinal severity prediction,shuffled personality TF-IDF + Logistic,ordinal_prediction,personality_openness_bin,unknown,Brier Score,0.623665474742211,0.027880645960850395,,,5,44.0,44.0,not_computed_default_lightweight
mpdd_personality_shuffled_severity_tfidf_logistic,MPDD-AVG-2026,Personality,ordinal severity prediction,shuffled personality TF-IDF + Logistic,ordinal_prediction,personality_openness_bin,unknown,Calibration Gap,0.014381677364991163,0.034869157276197306,,,5,44.0,44.0,not_computed_default_lightweight
mpdd_personality_shuffled_severity_tfidf_logistic,MPDD-AVG-2026,Personality,ordinal severity prediction,shuffled personality TF-IDF + Logistic,ordinal_prediction,personality_openness_bin,unknown,ECE,0.07854782687723083,0.025731869538389112,,,5,44.0,44.0,not_computed_default_lightweight
mpdd_personality_shuffled_severity_tfidf_logistic,MPDD-AVG-2026,Personality,ordinal severity prediction,shuffled personality TF-IDF + Logistic,ordinal_prediction,personality_openness_bin,unknown,Macro-F1,0.283599488867943,0.039591212872039996,,,5,44.0,44.0,not_computed_default_lightweight
mpdd_personality_shuffled_severity_tfidf_logistic,MPDD-AVG-2026,Personality,ordinal severity prediction,shuffled personality TF-IDF + Logistic,ordinal_prediction,personality_openness_bin,unknown,Mean Confidence,0.4371089500922639,0.011078591561692178,,,5,44.0,44.0,not_computed_default_lightweight
mpdd_personality_shuffled_severity_tfidf_logistic,MPDD-AVG-2026,Personality,ordinal severity prediction,shuffled personality TF-IDF + Logistic,ordinal_prediction,personality_openness_bin,unknown,Ordinal MAE,0.7681818181818182,0.06649426744694453,,,5,44.0,44.0,not_computed_default_lightweight
mpdd_personality_shuffled_severity_tfidf_logistic,MPDD-AVG-2026,Personality,ordinal severity prediction,shuffled personality TF-IDF + Logistic,ordinal_prediction,personality_openness_bin,unknown,Prediction Bias,0.23181818181818184,0.11078234188139946,,,5,44.0,44.0,not_computed_default_lightweight
mpdd_personality_shuffled_severity_tfidf_logistic,MPDD-AVG-2026,Personality,ordinal severity prediction,shuffled personality TF-IDF + Logistic,ordinal_prediction,personality_openness_bin,unknown,QWK,-0.12878209746868183,0.10024913070669196,,,5,44.0,44.0,not_computed_default_lightweight
mpdd_personality_shuffled_severity_tfidf_logistic,MPDD-AVG-2026,Personality,ordinal severity prediction,shuffled personality TF-IDF + Logistic,ordinal_prediction,personality_openness_bin,unknown,True Label Probability,0.3690769076827742,0.015580879505281472,,,5,44.0,44.0,not_computed_default_lightweight
mpdd_personality_shuffled_severity_tfidf_logistic,MPDD-AVG-2026,Personality,ordinal severity prediction,shuffled personality TF-IDF + Logistic,ordinal_prediction,true_severity,0,Accuracy,0.5153846153846153,0.03308586641170241,0.446201923076923,0.5695673076923077,5,104.0,104.0,seed_group_subject_bootstrap
mpdd_personality_shuffled_severity_tfidf_logistic,MPDD-AVG-2026,Personality,ordinal severity prediction,shuffled personality TF-IDF + Logistic,ordinal_prediction,true_severity,0,Brier Score,0.5847144961459825,0.008547815957554992,,,5,104.0,104.0,not_computed_default_lightweight
mpdd_personality_shuffled_severity_tfidf_logistic,MPDD-AVG-2026,Personality,ordinal severity prediction,shuffled personality TF-IDF + Logistic,ordinal_prediction,true_severity,0,Calibration Gap,-0.07908567479527409,0.034874619159605505,,,5,104.0,104.0,not_computed_default_lightweight
mpdd_personality_shuffled_severity_tfidf_logistic,MPDD-AVG-2026,Personality,ordinal severity prediction,shuffled personality TF-IDF + Logistic,ordinal_prediction,true_severity,0,ECE,0.0992226214393281,0.03638165266766714,0.0632125079532209,0.1726298620431425,5,104.0,104.0,seed_group_subject_bootstrap
mpdd_personality_shuffled_severity_tfidf_logistic,MPDD-AVG-2026,Personality,ordinal severity prediction,shuffled personality TF-IDF + Logistic,ordinal_prediction,true_severity,0,Macro-F1,0.2265226200365737,0.009699441535952263,0.2053848347024621,0.24180388248258272,5,104.0,104.0,seed_group_subject_bootstrap
mpdd_personality_shuffled_severity_tfidf_logistic,MPDD-AVG-2026,Personality,ordinal severity prediction,shuffled personality TF-IDF + Logistic,ordinal_prediction,true_severity,0,Mean Confidence,0.43629894058934127,0.008209360825683245,,,5,104.0,104.0,not_computed_default_lightweight
mpdd_personality_shuffled_severity_tfidf_logistic,MPDD-AVG-2026,Personality,ordinal severity prediction,shuffled personality TF-IDF + Logistic,ordinal_prediction,true_severity,0,Ordinal MAE,0.6442307692307692,0.06605986168199103,0.5419711538461538,0.7473076923076922,5,104.0,104.0,seed_group_subject_bootstrap
mpdd_personality_shuffled_severity_tfidf_logistic,MPDD-AVG-2026,Personality,ordinal severity prediction,shuffled personality TF-IDF + Logistic,ordinal_prediction,true_severity,0,Prediction Bias,0.6442307692307692,0.06605986168199103,,,5,104.0,104.0,not_computed_default_lightweight
mpdd_personality_shuffled_severity_tfidf_logistic,MPDD-AVG-2026,Personality,ordinal severity prediction,shuffled personality TF-IDF + Logistic,ordinal_prediction,true_severity,0,QWK,0.0,0.0,0.0,0.0,5,104.0,104.0,seed_group_subject_bootstrap
mpdd_personality_shuffled_severity_tfidf_logistic,MPDD-AVG-2026,Personality,ordinal severity prediction,shuffled personality TF-IDF + Logistic,ordinal_prediction,true_severity,0,True Label Probability,0.38825946789214033,0.005554093516441318,,,5,104.0,104.0,not_computed_default_lightweight
mpdd_personality_shuffled_severity_tfidf_logistic,MPDD-AVG-2026,Personality,ordinal severity prediction,shuffled personality TF-IDF + Logistic,ordinal_prediction,true_severity,1,Accuracy,0.28400000000000003,0.048000000000000015,0.1983,0.36480000000000007,5,50.0,50.0,seed_group_subject_bootstrap
mpdd_personality_shuffled_severity_tfidf_logistic,MPDD-AVG-2026,Personality,ordinal severity prediction,shuffled personality TF-IDF + Logistic,ordinal_prediction,true_severity,1,Brier Score,0.7006597298692239,0.022705243583916134,,,5,50.0,50.0,not_computed_default_lightweight
mpdd_personality_shuffled_severity_tfidf_logistic,MPDD-AVG-2026,Personality,ordinal severity prediction,shuffled personality TF-IDF + Logistic,ordinal_prediction,true_severity,1,Calibration Gap,0.15432397012731242,0.04451405213784947,,,5,50.0,50.0,not_computed_default_lightweight
mpdd_personality_shuffled_severity_tfidf_logistic,MPDD-AVG-2026,Personality,ordinal severity prediction,shuffled personality TF-IDF + Logistic,ordinal_prediction,true_severity,1,ECE,0.15935688559297817,0.03914578256144258,0.10825956881439576,0.25353861218234985,5,50.0,50.0,seed_group_subject_bootstrap
mpdd_personality_shuffled_severity_tfidf_logistic,MPDD-AVG-2026,Personality,ordinal severity prediction,shuffled personality TF-IDF + Logistic,ordinal_prediction,true_severity,1,Macro-F1,0.14673186241573813,0.01937266240142746,0.10924160338328348,0.17660234454856405,5,50.0,50.0,seed_group_subject_bootstrap
mpdd_personality_shuffled_severity_tfidf_logistic,MPDD-AVG-2026,Personality,ordinal severity prediction,shuffled personality TF-IDF + Logistic,ordinal_prediction,true_severity,1,Mean Confidence,0.43832397012731245,0.00669833039609607,,,5,50.0,50.0,not_computed_default_lightweight
mpdd_personality_shuffled_severity_tfidf_logistic,MPDD-AVG-2026,Personality,ordinal severity prediction,shuffled personality TF-IDF + Logistic,ordinal_prediction,true_severity,1,Ordinal MAE,0.716,0.047999999999999994,0.6179,0.7937000000000001,5,50.0,50.0,seed_group_subject_bootstrap
mpdd_personality_shuffled_severity_tfidf_logistic,MPDD-AVG-2026,Personality,ordinal severity prediction,shuffled personality TF-IDF + Logistic,ordinal_prediction,true_severity,1,Prediction Bias,-0.388,0.08908422980528036,,,5,50.0,50.0,not_computed_default_lightweight
mpdd_personality_shuffled_severity_tfidf_logistic,MPDD-AVG-2026,Personality,ordinal severity prediction,shuffled personality TF-IDF + Logistic,ordinal_prediction,true_severity,1,QWK,0.0,0.0,0.0,0.0,5,50.0,50.0,seed_group_subject_bootstrap
mpdd_personality_shuffled_severity_tfidf_logistic,MPDD-AVG-2026,Personality,ordinal severity prediction,shuffled personality TF-IDF + Logistic,ordinal_prediction,true_severity,1,True Label Probability,0.3308281948346069,0.013264472316259815,,,5,50.0,50.0,not_computed_default_lightweight
mpdd_personality_shuffled_severity_tfidf_logistic,MPDD-AVG-2026,Personality,ordinal severity prediction,shuffled personality TF-IDF + Logistic,ordinal_prediction,true_severity,2,Accuracy,0.11428571428571428,0.06459361888690732,0.03809523809523809,0.21476190476190476,5,21.0,21.0,seed_group_subject_bootstrap
mpdd_personality_shuffled_severity_tfidf_logistic,MPDD-AVG-2026,Personality,ordinal severity prediction,shuffled personality TF-IDF + Logistic,ordinal_prediction,true_severity,2,Brier Score,0.8587995975040718,0.04095860777480725,,,5,21.0,21.0,not_computed_default_lightweight
mpdd_personality_shuffled_severity_tfidf_logistic,MPDD-AVG-2026,Personality,ordinal severity prediction,shuffled personality TF-IDF + Logistic,ordinal_prediction,true_severity,2,Calibration Gap,0.3175252607310682,0.07419538271763469,,,5,21.0,21.0,not_computed_default_lightweight
mpdd_personality_shuffled_severity_tfidf_logistic,MPDD-AVG-2026,Personality,ordinal severity prediction,shuffled personality TF-IDF + Logistic,ordinal_prediction,true_severity,2,ECE,0.33313420144154565,0.05220805953079728,0.2826175119309257,0.4254991441538712,5,21.0,21.0,seed_group_subject_bootstrap
mpdd_personality_shuffled_severity_tfidf_logistic,MPDD-AVG-2026,Personality,ordinal severity prediction,shuffled personality TF-IDF + Logistic,ordinal_prediction,true_severity,2,Macro-F1,0.06648424039728386,0.03266794453765868,0.021333333333333336,0.11405800582614675,5,21.0,21.0,seed_group_subject_bootstrap
mpdd_personality_shuffled_severity_tfidf_logistic,MPDD-AVG-2026,Personality,ordinal severity prediction,shuffled personality TF-IDF + Logistic,ordinal_prediction,true_severity,2,Mean Confidence,0.43181097501678245,0.01146478515631938,,,5,21.0,21.0,not_computed_default_lightweight
mpdd_personality_shuffled_severity_tfidf_logistic,MPDD-AVG-2026,Personality,ordinal severity prediction,shuffled personality TF-IDF + Logistic,ordinal_prediction,true_severity,2,Ordinal MAE,1.4571428571428569,0.1665986255670086,1.2478571428571428,1.6495238095238094,5,21.0,21.0,seed_group_subject_bootstrap
mpdd_personality_shuffled_severity_tfidf_logistic,MPDD-AVG-2026,Personality,ordinal severity prediction,shuffled personality TF-IDF + Logistic,ordinal_prediction,true_severity,2,Prediction Bias,-1.4571428571428569,0.1665986255670086,,,5,21.0,21.0,not_computed_default_lightweight
mpdd_personality_shuffled_severity_tfidf_logistic,MPDD-AVG-2026,Personality,ordinal severity prediction,shuffled personality TF-IDF + Logistic,ordinal_prediction,true_severity,2,QWK,0.0,0.0,0.0,0.0,5,21.0,21.0,seed_group_subject_bootstrap
mpdd_personality_shuffled_severity_tfidf_logistic,MPDD-AVG-2026,Personality,ordinal severity prediction,shuffled personality TF-IDF + Logistic,ordinal_prediction,true_severity,2,True Label Probability,0.2515273401528538,0.01678805794553374,,,5,21.0,21.0,not_computed_default_lightweight
