run_id,dataset,modality,task,model,seed,protocol_type,train_task,eval_task,task_type,metric,value,ci95_low,ci95_high,sample_count
modma_binary_egemaps_task_transfer,MODMA,Audio,task-transfer binary depression classification,eGeMAPS + fixed logistic regression,0,cross_task,affective_task,interview,binary_classification,Macro-F1,0.6312056737588652,0.5018525051632012,0.7636363636363637,52
modma_binary_egemaps_task_transfer,MODMA,Audio,task-transfer binary depression classification,eGeMAPS + fixed logistic regression,0,cross_task,affective_task,interview,binary_classification,Balanced Accuracy,0.6319340329835083,0.5048483822604827,0.7691320903361346,52
modma_binary_egemaps_task_transfer,MODMA,Audio,task-transfer binary depression classification,eGeMAPS + fixed logistic regression,0,cross_task,affective_task,interview,binary_classification,AUROC,0.6341829085457271,0.4757132290786137,0.7902486555765179,52
modma_binary_egemaps_task_transfer,MODMA,Audio,task-transfer binary depression classification,eGeMAPS + fixed logistic regression,0,cross_task,affective_task,interview,binary_classification,AUPRC,0.5702177531168571,0.38485243972749117,0.7808228032548322,52
modma_binary_egemaps_task_transfer,MODMA,Audio,task-transfer binary depression classification,eGeMAPS + fixed logistic regression,0,cross_task,affective_task,interview,binary_classification,ECE,0.2935426108817616,0.18862107721441684,0.4296590595590396,52
modma_binary_egemaps_task_transfer,MODMA,Audio,task-transfer binary depression classification,eGeMAPS + fixed logistic regression,0,cross_task,affective_task,interview,binary_classification,Brier Score,0.30755173686472853,0.19867323993392594,0.4055763299300502,52
modma_binary_egemaps_task_transfer,MODMA,Audio,task-transfer binary depression classification,eGeMAPS + fixed logistic regression,1,cross_task,affective_task,interview,binary_classification,Macro-F1,0.6312056737588652,0.5018525051632012,0.7636363636363637,52
modma_binary_egemaps_task_transfer,MODMA,Audio,task-transfer binary depression classification,eGeMAPS + fixed logistic regression,1,cross_task,affective_task,interview,binary_classification,Balanced Accuracy,0.6319340329835083,0.5048483822604827,0.7691320903361346,52
modma_binary_egemaps_task_transfer,MODMA,Audio,task-transfer binary depression classification,eGeMAPS + fixed logistic regression,1,cross_task,affective_task,interview,binary_classification,AUROC,0.6341829085457271,0.4757132290786137,0.7902486555765179,52
modma_binary_egemaps_task_transfer,MODMA,Audio,task-transfer binary depression classification,eGeMAPS + fixed logistic regression,1,cross_task,affective_task,interview,binary_classification,AUPRC,0.5702177531168571,0.38485243972749117,0.7808228032548322,52
modma_binary_egemaps_task_transfer,MODMA,Audio,task-transfer binary depression classification,eGeMAPS + fixed logistic regression,1,cross_task,affective_task,interview,binary_classification,ECE,0.2935426108817616,0.18862107721441684,0.4296590595590396,52
modma_binary_egemaps_task_transfer,MODMA,Audio,task-transfer binary depression classification,eGeMAPS + fixed logistic regression,1,cross_task,affective_task,interview,binary_classification,Brier Score,0.30755173686472853,0.19867323993392594,0.4055763299300502,52
modma_binary_egemaps_task_transfer,MODMA,Audio,task-transfer binary depression classification,eGeMAPS + fixed logistic regression,2,cross_task,affective_task,interview,binary_classification,Macro-F1,0.6312056737588652,0.5018525051632012,0.7636363636363637,52
modma_binary_egemaps_task_transfer,MODMA,Audio,task-transfer binary depression classification,eGeMAPS + fixed logistic regression,2,cross_task,affective_task,interview,binary_classification,Balanced Accuracy,0.6319340329835083,0.5048483822604827,0.7691320903361346,52
modma_binary_egemaps_task_transfer,MODMA,Audio,task-transfer binary depression classification,eGeMAPS + fixed logistic regression,2,cross_task,affective_task,interview,binary_classification,AUROC,0.6341829085457271,0.4757132290786137,0.7902486555765179,52
modma_binary_egemaps_task_transfer,MODMA,Audio,task-transfer binary depression classification,eGeMAPS + fixed logistic regression,2,cross_task,affective_task,interview,binary_classification,AUPRC,0.5702177531168571,0.38485243972749117,0.7808228032548322,52
modma_binary_egemaps_task_transfer,MODMA,Audio,task-transfer binary depression classification,eGeMAPS + fixed logistic regression,2,cross_task,affective_task,interview,binary_classification,ECE,0.2935426108817616,0.18862107721441684,0.4296590595590396,52
modma_binary_egemaps_task_transfer,MODMA,Audio,task-transfer binary depression classification,eGeMAPS + fixed logistic regression,2,cross_task,affective_task,interview,binary_classification,Brier Score,0.30755173686472853,0.19867323993392594,0.4055763299300502,52
modma_binary_egemaps_task_transfer,MODMA,Audio,task-transfer binary depression classification,eGeMAPS + fixed logistic regression,3,cross_task,affective_task,interview,binary_classification,Macro-F1,0.6312056737588652,0.5018525051632012,0.7636363636363637,52
modma_binary_egemaps_task_transfer,MODMA,Audio,task-transfer binary depression classification,eGeMAPS + fixed logistic regression,3,cross_task,affective_task,interview,binary_classification,Balanced Accuracy,0.6319340329835083,0.5048483822604827,0.7691320903361346,52
modma_binary_egemaps_task_transfer,MODMA,Audio,task-transfer binary depression classification,eGeMAPS + fixed logistic regression,3,cross_task,affective_task,interview,binary_classification,AUROC,0.6341829085457271,0.4757132290786137,0.7902486555765179,52
modma_binary_egemaps_task_transfer,MODMA,Audio,task-transfer binary depression classification,eGeMAPS + fixed logistic regression,3,cross_task,affective_task,interview,binary_classification,AUPRC,0.5702177531168571,0.38485243972749117,0.7808228032548322,52
modma_binary_egemaps_task_transfer,MODMA,Audio,task-transfer binary depression classification,eGeMAPS + fixed logistic regression,3,cross_task,affective_task,interview,binary_classification,ECE,0.2935426108817616,0.18862107721441684,0.4296590595590396,52
modma_binary_egemaps_task_transfer,MODMA,Audio,task-transfer binary depression classification,eGeMAPS + fixed logistic regression,3,cross_task,affective_task,interview,binary_classification,Brier Score,0.30755173686472853,0.19867323993392594,0.4055763299300502,52
modma_binary_egemaps_task_transfer,MODMA,Audio,task-transfer binary depression classification,eGeMAPS + fixed logistic regression,4,cross_task,affective_task,interview,binary_classification,Macro-F1,0.6312056737588652,0.5018525051632012,0.7636363636363637,52
modma_binary_egemaps_task_transfer,MODMA,Audio,task-transfer binary depression classification,eGeMAPS + fixed logistic regression,4,cross_task,affective_task,interview,binary_classification,Balanced Accuracy,0.6319340329835083,0.5048483822604827,0.7691320903361346,52
modma_binary_egemaps_task_transfer,MODMA,Audio,task-transfer binary depression classification,eGeMAPS + fixed logistic regression,4,cross_task,affective_task,interview,binary_classification,AUROC,0.6341829085457271,0.4757132290786137,0.7902486555765179,52
modma_binary_egemaps_task_transfer,MODMA,Audio,task-transfer binary depression classification,eGeMAPS + fixed logistic regression,4,cross_task,affective_task,interview,binary_classification,AUPRC,0.5702177531168571,0.38485243972749117,0.7808228032548322,52
modma_binary_egemaps_task_transfer,MODMA,Audio,task-transfer binary depression classification,eGeMAPS + fixed logistic regression,4,cross_task,affective_task,interview,binary_classification,ECE,0.2935426108817616,0.18862107721441684,0.4296590595590396,52
modma_binary_egemaps_task_transfer,MODMA,Audio,task-transfer binary depression classification,eGeMAPS + fixed logistic regression,4,cross_task,affective_task,interview,binary_classification,Brier Score,0.30755173686472853,0.19867323993392594,0.4055763299300502,52
modma_binary_egemaps_task_transfer,MODMA,Audio,task-transfer binary depression classification,eGeMAPS + fixed logistic regression,0,cross_task,affective_task,picture_description,binary_classification,Macro-F1,0.45833333333333337,0.3035714285714286,0.5948051948051949,52
modma_binary_egemaps_task_transfer,MODMA,Audio,task-transfer binary depression classification,eGeMAPS + fixed logistic regression,0,cross_task,affective_task,picture_description,binary_classification,Balanced Accuracy,0.47676161919040483,0.3269230769230769,0.6023356374807988,52
modma_binary_egemaps_task_transfer,MODMA,Audio,task-transfer binary depression classification,eGeMAPS + fixed logistic regression,0,cross_task,affective_task,picture_description,binary_classification,AUROC,0.5397301349325337,0.3624116161616162,0.6800116543290855,52
modma_binary_egemaps_task_transfer,MODMA,Audio,task-transfer binary depression classification,eGeMAPS + fixed logistic regression,0,cross_task,affective_task,picture_description,binary_classification,AUPRC,0.5173403326935024,0.348310685299694,0.7212209493811021,52
modma_binary_egemaps_task_transfer,MODMA,Audio,task-transfer binary depression classification,eGeMAPS + fixed logistic regression,0,cross_task,affective_task,picture_description,binary_classification,ECE,0.43852283055958174,0.3302981067519003,0.5704941204320024,52
modma_binary_egemaps_task_transfer,MODMA,Audio,task-transfer binary depression classification,eGeMAPS + fixed logistic regression,0,cross_task,affective_task,picture_description,binary_classification,Brier Score,0.4194112237659926,0.31378085582458226,0.5313878634728247,52
modma_binary_egemaps_task_transfer,MODMA,Audio,task-transfer binary depression classification,eGeMAPS + fixed logistic regression,1,cross_task,affective_task,picture_description,binary_classification,Macro-F1,0.45833333333333337,0.3035714285714286,0.5948051948051949,52
modma_binary_egemaps_task_transfer,MODMA,Audio,task-transfer binary depression classification,eGeMAPS + fixed logistic regression,1,cross_task,affective_task,picture_description,binary_classification,Balanced Accuracy,0.47676161919040483,0.3269230769230769,0.6023356374807988,52
modma_binary_egemaps_task_transfer,MODMA,Audio,task-transfer binary depression classification,eGeMAPS + fixed logistic regression,1,cross_task,affective_task,picture_description,binary_classification,AUROC,0.5397301349325337,0.3624116161616162,0.6800116543290855,52
modma_binary_egemaps_task_transfer,MODMA,Audio,task-transfer binary depression classification,eGeMAPS + fixed logistic regression,1,cross_task,affective_task,picture_description,binary_classification,AUPRC,0.5173403326935024,0.348310685299694,0.7212209493811021,52
modma_binary_egemaps_task_transfer,MODMA,Audio,task-transfer binary depression classification,eGeMAPS + fixed logistic regression,1,cross_task,affective_task,picture_description,binary_classification,ECE,0.43852283055958174,0.3302981067519003,0.5704941204320024,52
modma_binary_egemaps_task_transfer,MODMA,Audio,task-transfer binary depression classification,eGeMAPS + fixed logistic regression,1,cross_task,affective_task,picture_description,binary_classification,Brier Score,0.4194112237659926,0.31378085582458226,0.5313878634728247,52
modma_binary_egemaps_task_transfer,MODMA,Audio,task-transfer binary depression classification,eGeMAPS + fixed logistic regression,2,cross_task,affective_task,picture_description,binary_classification,Macro-F1,0.45833333333333337,0.3035714285714286,0.5948051948051949,52
modma_binary_egemaps_task_transfer,MODMA,Audio,task-transfer binary depression classification,eGeMAPS + fixed logistic regression,2,cross_task,affective_task,picture_description,binary_classification,Balanced Accuracy,0.47676161919040483,0.3269230769230769,0.6023356374807988,52
modma_binary_egemaps_task_transfer,MODMA,Audio,task-transfer binary depression classification,eGeMAPS + fixed logistic regression,2,cross_task,affective_task,picture_description,binary_classification,AUROC,0.5397301349325337,0.3624116161616162,0.6800116543290855,52
modma_binary_egemaps_task_transfer,MODMA,Audio,task-transfer binary depression classification,eGeMAPS + fixed logistic regression,2,cross_task,affective_task,picture_description,binary_classification,AUPRC,0.5173403326935024,0.348310685299694,0.7212209493811021,52
modma_binary_egemaps_task_transfer,MODMA,Audio,task-transfer binary depression classification,eGeMAPS + fixed logistic regression,2,cross_task,affective_task,picture_description,binary_classification,ECE,0.43852283055958174,0.3302981067519003,0.5704941204320024,52
modma_binary_egemaps_task_transfer,MODMA,Audio,task-transfer binary depression classification,eGeMAPS + fixed logistic regression,2,cross_task,affective_task,picture_description,binary_classification,Brier Score,0.4194112237659926,0.31378085582458226,0.5313878634728247,52
modma_binary_egemaps_task_transfer,MODMA,Audio,task-transfer binary depression classification,eGeMAPS + fixed logistic regression,3,cross_task,affective_task,picture_description,binary_classification,Macro-F1,0.45833333333333337,0.3035714285714286,0.5948051948051949,52
modma_binary_egemaps_task_transfer,MODMA,Audio,task-transfer binary depression classification,eGeMAPS + fixed logistic regression,3,cross_task,affective_task,picture_description,binary_classification,Balanced Accuracy,0.47676161919040483,0.3269230769230769,0.6023356374807988,52
modma_binary_egemaps_task_transfer,MODMA,Audio,task-transfer binary depression classification,eGeMAPS + fixed logistic regression,3,cross_task,affective_task,picture_description,binary_classification,AUROC,0.5397301349325337,0.3624116161616162,0.6800116543290855,52
modma_binary_egemaps_task_transfer,MODMA,Audio,task-transfer binary depression classification,eGeMAPS + fixed logistic regression,3,cross_task,affective_task,picture_description,binary_classification,AUPRC,0.5173403326935024,0.348310685299694,0.7212209493811021,52
modma_binary_egemaps_task_transfer,MODMA,Audio,task-transfer binary depression classification,eGeMAPS + fixed logistic regression,3,cross_task,affective_task,picture_description,binary_classification,ECE,0.43852283055958174,0.3302981067519003,0.5704941204320024,52
modma_binary_egemaps_task_transfer,MODMA,Audio,task-transfer binary depression classification,eGeMAPS + fixed logistic regression,3,cross_task,affective_task,picture_description,binary_classification,Brier Score,0.4194112237659926,0.31378085582458226,0.5313878634728247,52
modma_binary_egemaps_task_transfer,MODMA,Audio,task-transfer binary depression classification,eGeMAPS + fixed logistic regression,4,cross_task,affective_task,picture_description,binary_classification,Macro-F1,0.45833333333333337,0.3035714285714286,0.5948051948051949,52
modma_binary_egemaps_task_transfer,MODMA,Audio,task-transfer binary depression classification,eGeMAPS + fixed logistic regression,4,cross_task,affective_task,picture_description,binary_classification,Balanced Accuracy,0.47676161919040483,0.3269230769230769,0.6023356374807988,52
modma_binary_egemaps_task_transfer,MODMA,Audio,task-transfer binary depression classification,eGeMAPS + fixed logistic regression,4,cross_task,affective_task,picture_description,binary_classification,AUROC,0.5397301349325337,0.3624116161616162,0.6800116543290855,52
modma_binary_egemaps_task_transfer,MODMA,Audio,task-transfer binary depression classification,eGeMAPS + fixed logistic regression,4,cross_task,affective_task,picture_description,binary_classification,AUPRC,0.5173403326935024,0.348310685299694,0.7212209493811021,52
modma_binary_egemaps_task_transfer,MODMA,Audio,task-transfer binary depression classification,eGeMAPS + fixed logistic regression,4,cross_task,affective_task,picture_description,binary_classification,ECE,0.43852283055958174,0.3302981067519003,0.5704941204320024,52
modma_binary_egemaps_task_transfer,MODMA,Audio,task-transfer binary depression classification,eGeMAPS + fixed logistic regression,4,cross_task,affective_task,picture_description,binary_classification,Brier Score,0.4194112237659926,0.31378085582458226,0.5313878634728247,52
modma_binary_egemaps_task_transfer,MODMA,Audio,task-transfer binary depression classification,eGeMAPS + fixed logistic regression,0,cross_task,affective_task,reading,binary_classification,Macro-F1,0.5207373271889401,0.390625,0.634754565634144,52
modma_binary_egemaps_task_transfer,MODMA,Audio,task-transfer binary depression classification,eGeMAPS + fixed logistic regression,0,cross_task,affective_task,reading,binary_classification,Balanced Accuracy,0.5232383808095952,0.4093333333333334,0.6459374999999999,52
modma_binary_egemaps_task_transfer,MODMA,Audio,task-transfer binary depression classification,eGeMAPS + fixed logistic regression,0,cross_task,affective_task,reading,binary_classification,AUROC,0.5967016491754122,0.425015625,0.7681184495329233,52
modma_binary_egemaps_task_transfer,MODMA,Audio,task-transfer binary depression classification,eGeMAPS + fixed logistic regression,0,cross_task,affective_task,reading,binary_classification,AUPRC,0.5739378260067136,0.401506381339674,0.77402009634455,52
modma_binary_egemaps_task_transfer,MODMA,Audio,task-transfer binary depression classification,eGeMAPS + fixed logistic regression,0,cross_task,affective_task,reading,binary_classification,ECE,0.35052983922838965,0.23405894914865924,0.4711898247026112,52
modma_binary_egemaps_task_transfer,MODMA,Audio,task-transfer binary depression classification,eGeMAPS + fixed logistic regression,0,cross_task,affective_task,reading,binary_classification,Brier Score,0.3355647224740741,0.2255260966811608,0.4398245936307772,52
modma_binary_egemaps_task_transfer,MODMA,Audio,task-transfer binary depression classification,eGeMAPS + fixed logistic regression,1,cross_task,affective_task,reading,binary_classification,Macro-F1,0.5207373271889401,0.390625,0.634754565634144,52
modma_binary_egemaps_task_transfer,MODMA,Audio,task-transfer binary depression classification,eGeMAPS + fixed logistic regression,1,cross_task,affective_task,reading,binary_classification,Balanced Accuracy,0.5232383808095952,0.4093333333333334,0.6459374999999999,52
modma_binary_egemaps_task_transfer,MODMA,Audio,task-transfer binary depression classification,eGeMAPS + fixed logistic regression,1,cross_task,affective_task,reading,binary_classification,AUROC,0.5967016491754122,0.425015625,0.7681184495329233,52
modma_binary_egemaps_task_transfer,MODMA,Audio,task-transfer binary depression classification,eGeMAPS + fixed logistic regression,1,cross_task,affective_task,reading,binary_classification,AUPRC,0.5739378260067136,0.401506381339674,0.77402009634455,52
modma_binary_egemaps_task_transfer,MODMA,Audio,task-transfer binary depression classification,eGeMAPS + fixed logistic regression,1,cross_task,affective_task,reading,binary_classification,ECE,0.35052983922838965,0.23405894914865924,0.4711898247026112,52
modma_binary_egemaps_task_transfer,MODMA,Audio,task-transfer binary depression classification,eGeMAPS + fixed logistic regression,1,cross_task,affective_task,reading,binary_classification,Brier Score,0.3355647224740741,0.2255260966811608,0.4398245936307772,52
modma_binary_egemaps_task_transfer,MODMA,Audio,task-transfer binary depression classification,eGeMAPS + fixed logistic regression,2,cross_task,affective_task,reading,binary_classification,Macro-F1,0.5207373271889401,0.390625,0.634754565634144,52
modma_binary_egemaps_task_transfer,MODMA,Audio,task-transfer binary depression classification,eGeMAPS + fixed logistic regression,2,cross_task,affective_task,reading,binary_classification,Balanced Accuracy,0.5232383808095952,0.4093333333333334,0.6459374999999999,52
modma_binary_egemaps_task_transfer,MODMA,Audio,task-transfer binary depression classification,eGeMAPS + fixed logistic regression,2,cross_task,affective_task,reading,binary_classification,AUROC,0.5967016491754122,0.425015625,0.7681184495329233,52
modma_binary_egemaps_task_transfer,MODMA,Audio,task-transfer binary depression classification,eGeMAPS + fixed logistic regression,2,cross_task,affective_task,reading,binary_classification,AUPRC,0.5739378260067136,0.401506381339674,0.77402009634455,52
modma_binary_egemaps_task_transfer,MODMA,Audio,task-transfer binary depression classification,eGeMAPS + fixed logistic regression,2,cross_task,affective_task,reading,binary_classification,ECE,0.35052983922838965,0.23405894914865924,0.4711898247026112,52
modma_binary_egemaps_task_transfer,MODMA,Audio,task-transfer binary depression classification,eGeMAPS + fixed logistic regression,2,cross_task,affective_task,reading,binary_classification,Brier Score,0.3355647224740741,0.2255260966811608,0.4398245936307772,52
modma_binary_egemaps_task_transfer,MODMA,Audio,task-transfer binary depression classification,eGeMAPS + fixed logistic regression,3,cross_task,affective_task,reading,binary_classification,Macro-F1,0.5207373271889401,0.390625,0.634754565634144,52
modma_binary_egemaps_task_transfer,MODMA,Audio,task-transfer binary depression classification,eGeMAPS + fixed logistic regression,3,cross_task,affective_task,reading,binary_classification,Balanced Accuracy,0.5232383808095952,0.4093333333333334,0.6459374999999999,52
modma_binary_egemaps_task_transfer,MODMA,Audio,task-transfer binary depression classification,eGeMAPS + fixed logistic regression,3,cross_task,affective_task,reading,binary_classification,AUROC,0.5967016491754122,0.425015625,0.7681184495329233,52
modma_binary_egemaps_task_transfer,MODMA,Audio,task-transfer binary depression classification,eGeMAPS + fixed logistic regression,3,cross_task,affective_task,reading,binary_classification,AUPRC,0.5739378260067136,0.401506381339674,0.77402009634455,52
modma_binary_egemaps_task_transfer,MODMA,Audio,task-transfer binary depression classification,eGeMAPS + fixed logistic regression,3,cross_task,affective_task,reading,binary_classification,ECE,0.35052983922838965,0.23405894914865924,0.4711898247026112,52
modma_binary_egemaps_task_transfer,MODMA,Audio,task-transfer binary depression classification,eGeMAPS + fixed logistic regression,3,cross_task,affective_task,reading,binary_classification,Brier Score,0.3355647224740741,0.2255260966811608,0.4398245936307772,52
modma_binary_egemaps_task_transfer,MODMA,Audio,task-transfer binary depression classification,eGeMAPS + fixed logistic regression,4,cross_task,affective_task,reading,binary_classification,Macro-F1,0.5207373271889401,0.390625,0.634754565634144,52
modma_binary_egemaps_task_transfer,MODMA,Audio,task-transfer binary depression classification,eGeMAPS + fixed logistic regression,4,cross_task,affective_task,reading,binary_classification,Balanced Accuracy,0.5232383808095952,0.4093333333333334,0.6459374999999999,52
modma_binary_egemaps_task_transfer,MODMA,Audio,task-transfer binary depression classification,eGeMAPS + fixed logistic regression,4,cross_task,affective_task,reading,binary_classification,AUROC,0.5967016491754122,0.425015625,0.7681184495329233,52
modma_binary_egemaps_task_transfer,MODMA,Audio,task-transfer binary depression classification,eGeMAPS + fixed logistic regression,4,cross_task,affective_task,reading,binary_classification,AUPRC,0.5739378260067136,0.401506381339674,0.77402009634455,52
modma_binary_egemaps_task_transfer,MODMA,Audio,task-transfer binary depression classification,eGeMAPS + fixed logistic regression,4,cross_task,affective_task,reading,binary_classification,ECE,0.35052983922838965,0.23405894914865924,0.4711898247026112,52
modma_binary_egemaps_task_transfer,MODMA,Audio,task-transfer binary depression classification,eGeMAPS + fixed logistic regression,4,cross_task,affective_task,reading,binary_classification,Brier Score,0.3355647224740741,0.2255260966811608,0.4398245936307772,52
modma_binary_egemaps_task_transfer,MODMA,Audio,task-transfer binary depression classification,eGeMAPS + fixed logistic regression,0,cross_task,interview,affective_task,binary_classification,Macro-F1,0.557528671846097,0.44044526901669756,0.6882139287499107,52
modma_binary_egemaps_task_transfer,MODMA,Audio,task-transfer binary depression classification,eGeMAPS + fixed logistic regression,0,cross_task,interview,affective_task,binary_classification,Balanced Accuracy,0.5674662668665668,0.45544238249538826,0.7054911269855269,52
modma_binary_egemaps_task_transfer,MODMA,Audio,task-transfer binary depression classification,eGeMAPS + fixed logistic regression,0,cross_task,interview,affective_task,binary_classification,AUROC,0.6191904047976012,0.4848917378917379,0.7703764784274529,52
modma_binary_egemaps_task_transfer,MODMA,Audio,task-transfer binary depression classification,eGeMAPS + fixed logistic regression,0,cross_task,interview,affective_task,binary_classification,AUPRC,0.563724422285724,0.4092622029215511,0.7397826269730866,52
modma_binary_egemaps_task_transfer,MODMA,Audio,task-transfer binary depression classification,eGeMAPS + fixed logistic regression,0,cross_task,interview,affective_task,binary_classification,ECE,0.3954536321370681,0.2775054944952444,0.48838911926986395,52
modma_binary_egemaps_task_transfer,MODMA,Audio,task-transfer binary depression classification,eGeMAPS + fixed logistic regression,0,cross_task,interview,affective_task,binary_classification,Brier Score,0.34774365157515585,0.24099196818002244,0.4393009732743028,52
modma_binary_egemaps_task_transfer,MODMA,Audio,task-transfer binary depression classification,eGeMAPS + fixed logistic regression,1,cross_task,interview,affective_task,binary_classification,Macro-F1,0.557528671846097,0.44044526901669756,0.6882139287499107,52
modma_binary_egemaps_task_transfer,MODMA,Audio,task-transfer binary depression classification,eGeMAPS + fixed logistic regression,1,cross_task,interview,affective_task,binary_classification,Balanced Accuracy,0.5674662668665668,0.45544238249538826,0.7054911269855269,52
modma_binary_egemaps_task_transfer,MODMA,Audio,task-transfer binary depression classification,eGeMAPS + fixed logistic regression,1,cross_task,interview,affective_task,binary_classification,AUROC,0.6191904047976012,0.4848917378917379,0.7703764784274529,52
modma_binary_egemaps_task_transfer,MODMA,Audio,task-transfer binary depression classification,eGeMAPS + fixed logistic regression,1,cross_task,interview,affective_task,binary_classification,AUPRC,0.563724422285724,0.4092622029215511,0.7397826269730866,52
modma_binary_egemaps_task_transfer,MODMA,Audio,task-transfer binary depression classification,eGeMAPS + fixed logistic regression,1,cross_task,interview,affective_task,binary_classification,ECE,0.3954536321370681,0.2775054944952444,0.48838911926986395,52
modma_binary_egemaps_task_transfer,MODMA,Audio,task-transfer binary depression classification,eGeMAPS + fixed logistic regression,1,cross_task,interview,affective_task,binary_classification,Brier Score,0.34774365157515585,0.24099196818002244,0.4393009732743028,52
modma_binary_egemaps_task_transfer,MODMA,Audio,task-transfer binary depression classification,eGeMAPS + fixed logistic regression,2,cross_task,interview,affective_task,binary_classification,Macro-F1,0.557528671846097,0.44044526901669756,0.6882139287499107,52
modma_binary_egemaps_task_transfer,MODMA,Audio,task-transfer binary depression classification,eGeMAPS + fixed logistic regression,2,cross_task,interview,affective_task,binary_classification,Balanced Accuracy,0.5674662668665668,0.45544238249538826,0.7054911269855269,52
modma_binary_egemaps_task_transfer,MODMA,Audio,task-transfer binary depression classification,eGeMAPS + fixed logistic regression,2,cross_task,interview,affective_task,binary_classification,AUROC,0.6191904047976012,0.4848917378917379,0.7703764784274529,52
modma_binary_egemaps_task_transfer,MODMA,Audio,task-transfer binary depression classification,eGeMAPS + fixed logistic regression,2,cross_task,interview,affective_task,binary_classification,AUPRC,0.563724422285724,0.4092622029215511,0.7397826269730866,52
modma_binary_egemaps_task_transfer,MODMA,Audio,task-transfer binary depression classification,eGeMAPS + fixed logistic regression,2,cross_task,interview,affective_task,binary_classification,ECE,0.3954536321370681,0.2775054944952444,0.48838911926986395,52
modma_binary_egemaps_task_transfer,MODMA,Audio,task-transfer binary depression classification,eGeMAPS + fixed logistic regression,2,cross_task,interview,affective_task,binary_classification,Brier Score,0.34774365157515585,0.24099196818002244,0.4393009732743028,52
modma_binary_egemaps_task_transfer,MODMA,Audio,task-transfer binary depression classification,eGeMAPS + fixed logistic regression,3,cross_task,interview,affective_task,binary_classification,Macro-F1,0.557528671846097,0.44044526901669756,0.6882139287499107,52
modma_binary_egemaps_task_transfer,MODMA,Audio,task-transfer binary depression classification,eGeMAPS + fixed logistic regression,3,cross_task,interview,affective_task,binary_classification,Balanced Accuracy,0.5674662668665668,0.45544238249538826,0.7054911269855269,52
modma_binary_egemaps_task_transfer,MODMA,Audio,task-transfer binary depression classification,eGeMAPS + fixed logistic regression,3,cross_task,interview,affective_task,binary_classification,AUROC,0.6191904047976012,0.4848917378917379,0.7703764784274529,52
modma_binary_egemaps_task_transfer,MODMA,Audio,task-transfer binary depression classification,eGeMAPS + fixed logistic regression,3,cross_task,interview,affective_task,binary_classification,AUPRC,0.563724422285724,0.4092622029215511,0.7397826269730866,52
modma_binary_egemaps_task_transfer,MODMA,Audio,task-transfer binary depression classification,eGeMAPS + fixed logistic regression,3,cross_task,interview,affective_task,binary_classification,ECE,0.3954536321370681,0.2775054944952444,0.48838911926986395,52
modma_binary_egemaps_task_transfer,MODMA,Audio,task-transfer binary depression classification,eGeMAPS + fixed logistic regression,3,cross_task,interview,affective_task,binary_classification,Brier Score,0.34774365157515585,0.24099196818002244,0.4393009732743028,52
modma_binary_egemaps_task_transfer,MODMA,Audio,task-transfer binary depression classification,eGeMAPS + fixed logistic regression,4,cross_task,interview,affective_task,binary_classification,Macro-F1,0.557528671846097,0.44044526901669756,0.6882139287499107,52
modma_binary_egemaps_task_transfer,MODMA,Audio,task-transfer binary depression classification,eGeMAPS + fixed logistic regression,4,cross_task,interview,affective_task,binary_classification,Balanced Accuracy,0.5674662668665668,0.45544238249538826,0.7054911269855269,52
modma_binary_egemaps_task_transfer,MODMA,Audio,task-transfer binary depression classification,eGeMAPS + fixed logistic regression,4,cross_task,interview,affective_task,binary_classification,AUROC,0.6191904047976012,0.4848917378917379,0.7703764784274529,52
modma_binary_egemaps_task_transfer,MODMA,Audio,task-transfer binary depression classification,eGeMAPS + fixed logistic regression,4,cross_task,interview,affective_task,binary_classification,AUPRC,0.563724422285724,0.4092622029215511,0.7397826269730866,52
modma_binary_egemaps_task_transfer,MODMA,Audio,task-transfer binary depression classification,eGeMAPS + fixed logistic regression,4,cross_task,interview,affective_task,binary_classification,ECE,0.3954536321370681,0.2775054944952444,0.48838911926986395,52
modma_binary_egemaps_task_transfer,MODMA,Audio,task-transfer binary depression classification,eGeMAPS + fixed logistic regression,4,cross_task,interview,affective_task,binary_classification,Brier Score,0.34774365157515585,0.24099196818002244,0.4393009732743028,52
modma_binary_egemaps_task_transfer,MODMA,Audio,task-transfer binary depression classification,eGeMAPS + fixed logistic regression,0,cross_task,interview,picture_description,binary_classification,Macro-F1,0.432015065913371,0.3064587706146926,0.5537425409783897,52
modma_binary_egemaps_task_transfer,MODMA,Audio,task-transfer binary depression classification,eGeMAPS + fixed logistic regression,0,cross_task,interview,picture_description,binary_classification,Balanced Accuracy,0.46401799100449775,0.34951221113445374,0.5932330659536542,52
modma_binary_egemaps_task_transfer,MODMA,Audio,task-transfer binary depression classification,eGeMAPS + fixed logistic regression,0,cross_task,interview,picture_description,binary_classification,AUROC,0.5067466266866567,0.3279803457646177,0.6453255208333333,52
modma_binary_egemaps_task_transfer,MODMA,Audio,task-transfer binary depression classification,eGeMAPS + fixed logistic regression,0,cross_task,interview,picture_description,binary_classification,AUPRC,0.5497948556339235,0.3521797000885618,0.7092220461664767,52
modma_binary_egemaps_task_transfer,MODMA,Audio,task-transfer binary depression classification,eGeMAPS + fixed logistic regression,0,cross_task,interview,picture_description,binary_classification,ECE,0.49598926848074837,0.3735225121294761,0.6264816641205341,52
modma_binary_egemaps_task_transfer,MODMA,Audio,task-transfer binary depression classification,eGeMAPS + fixed logistic regression,0,cross_task,interview,picture_description,binary_classification,Brier Score,0.48437656755796554,0.37127612645460184,0.6028569257826988,52
modma_binary_egemaps_task_transfer,MODMA,Audio,task-transfer binary depression classification,eGeMAPS + fixed logistic regression,1,cross_task,interview,picture_description,binary_classification,Macro-F1,0.432015065913371,0.3064587706146926,0.5537425409783897,52
modma_binary_egemaps_task_transfer,MODMA,Audio,task-transfer binary depression classification,eGeMAPS + fixed logistic regression,1,cross_task,interview,picture_description,binary_classification,Balanced Accuracy,0.46401799100449775,0.34951221113445374,0.5932330659536542,52
modma_binary_egemaps_task_transfer,MODMA,Audio,task-transfer binary depression classification,eGeMAPS + fixed logistic regression,1,cross_task,interview,picture_description,binary_classification,AUROC,0.5067466266866567,0.3279803457646177,0.6453255208333333,52
modma_binary_egemaps_task_transfer,MODMA,Audio,task-transfer binary depression classification,eGeMAPS + fixed logistic regression,1,cross_task,interview,picture_description,binary_classification,AUPRC,0.5497948556339235,0.3521797000885618,0.7092220461664767,52
modma_binary_egemaps_task_transfer,MODMA,Audio,task-transfer binary depression classification,eGeMAPS + fixed logistic regression,1,cross_task,interview,picture_description,binary_classification,ECE,0.49598926848074837,0.3735225121294761,0.6264816641205341,52
modma_binary_egemaps_task_transfer,MODMA,Audio,task-transfer binary depression classification,eGeMAPS + fixed logistic regression,1,cross_task,interview,picture_description,binary_classification,Brier Score,0.48437656755796554,0.37127612645460184,0.6028569257826988,52
modma_binary_egemaps_task_transfer,MODMA,Audio,task-transfer binary depression classification,eGeMAPS + fixed logistic regression,2,cross_task,interview,picture_description,binary_classification,Macro-F1,0.432015065913371,0.3064587706146926,0.5537425409783897,52
modma_binary_egemaps_task_transfer,MODMA,Audio,task-transfer binary depression classification,eGeMAPS + fixed logistic regression,2,cross_task,interview,picture_description,binary_classification,Balanced Accuracy,0.46401799100449775,0.34951221113445374,0.5932330659536542,52
modma_binary_egemaps_task_transfer,MODMA,Audio,task-transfer binary depression classification,eGeMAPS + fixed logistic regression,2,cross_task,interview,picture_description,binary_classification,AUROC,0.5067466266866567,0.3279803457646177,0.6453255208333333,52
modma_binary_egemaps_task_transfer,MODMA,Audio,task-transfer binary depression classification,eGeMAPS + fixed logistic regression,2,cross_task,interview,picture_description,binary_classification,AUPRC,0.5497948556339235,0.3521797000885618,0.7092220461664767,52
modma_binary_egemaps_task_transfer,MODMA,Audio,task-transfer binary depression classification,eGeMAPS + fixed logistic regression,2,cross_task,interview,picture_description,binary_classification,ECE,0.49598926848074837,0.3735225121294761,0.6264816641205341,52
modma_binary_egemaps_task_transfer,MODMA,Audio,task-transfer binary depression classification,eGeMAPS + fixed logistic regression,2,cross_task,interview,picture_description,binary_classification,Brier Score,0.48437656755796554,0.37127612645460184,0.6028569257826988,52
modma_binary_egemaps_task_transfer,MODMA,Audio,task-transfer binary depression classification,eGeMAPS + fixed logistic regression,3,cross_task,interview,picture_description,binary_classification,Macro-F1,0.432015065913371,0.3064587706146926,0.5537425409783897,52
modma_binary_egemaps_task_transfer,MODMA,Audio,task-transfer binary depression classification,eGeMAPS + fixed logistic regression,3,cross_task,interview,picture_description,binary_classification,Balanced Accuracy,0.46401799100449775,0.34951221113445374,0.5932330659536542,52
modma_binary_egemaps_task_transfer,MODMA,Audio,task-transfer binary depression classification,eGeMAPS + fixed logistic regression,3,cross_task,interview,picture_description,binary_classification,AUROC,0.5067466266866567,0.3279803457646177,0.6453255208333333,52
modma_binary_egemaps_task_transfer,MODMA,Audio,task-transfer binary depression classification,eGeMAPS + fixed logistic regression,3,cross_task,interview,picture_description,binary_classification,AUPRC,0.5497948556339235,0.3521797000885618,0.7092220461664767,52
modma_binary_egemaps_task_transfer,MODMA,Audio,task-transfer binary depression classification,eGeMAPS + fixed logistic regression,3,cross_task,interview,picture_description,binary_classification,ECE,0.49598926848074837,0.3735225121294761,0.6264816641205341,52
modma_binary_egemaps_task_transfer,MODMA,Audio,task-transfer binary depression classification,eGeMAPS + fixed logistic regression,3,cross_task,interview,picture_description,binary_classification,Brier Score,0.48437656755796554,0.37127612645460184,0.6028569257826988,52
modma_binary_egemaps_task_transfer,MODMA,Audio,task-transfer binary depression classification,eGeMAPS + fixed logistic regression,4,cross_task,interview,picture_description,binary_classification,Macro-F1,0.432015065913371,0.3064587706146926,0.5537425409783897,52
modma_binary_egemaps_task_transfer,MODMA,Audio,task-transfer binary depression classification,eGeMAPS + fixed logistic regression,4,cross_task,interview,picture_description,binary_classification,Balanced Accuracy,0.46401799100449775,0.34951221113445374,0.5932330659536542,52
modma_binary_egemaps_task_transfer,MODMA,Audio,task-transfer binary depression classification,eGeMAPS + fixed logistic regression,4,cross_task,interview,picture_description,binary_classification,AUROC,0.5067466266866567,0.3279803457646177,0.6453255208333333,52
modma_binary_egemaps_task_transfer,MODMA,Audio,task-transfer binary depression classification,eGeMAPS + fixed logistic regression,4,cross_task,interview,picture_description,binary_classification,AUPRC,0.5497948556339235,0.3521797000885618,0.7092220461664767,52
modma_binary_egemaps_task_transfer,MODMA,Audio,task-transfer binary depression classification,eGeMAPS + fixed logistic regression,4,cross_task,interview,picture_description,binary_classification,ECE,0.49598926848074837,0.3735225121294761,0.6264816641205341,52
modma_binary_egemaps_task_transfer,MODMA,Audio,task-transfer binary depression classification,eGeMAPS + fixed logistic regression,4,cross_task,interview,picture_description,binary_classification,Brier Score,0.48437656755796554,0.37127612645460184,0.6028569257826988,52
modma_binary_egemaps_task_transfer,MODMA,Audio,task-transfer binary depression classification,eGeMAPS + fixed logistic regression,0,cross_task,interview,reading,binary_classification,Macro-F1,0.543859649122807,0.4006908724530294,0.6458214497920381,52
modma_binary_egemaps_task_transfer,MODMA,Audio,task-transfer binary depression classification,eGeMAPS + fixed logistic regression,0,cross_task,interview,reading,binary_classification,Balanced Accuracy,0.553223388305847,0.43018293534422564,0.6492146426786607,52
modma_binary_egemaps_task_transfer,MODMA,Audio,task-transfer binary depression classification,eGeMAPS + fixed logistic regression,0,cross_task,interview,reading,binary_classification,AUROC,0.6116941529235382,0.43907575757575756,0.7660056638347493,52
modma_binary_egemaps_task_transfer,MODMA,Audio,task-transfer binary depression classification,eGeMAPS + fixed logistic regression,0,cross_task,interview,reading,binary_classification,AUPRC,0.6482444962835294,0.4310258731225828,0.7809517786250089,52
modma_binary_egemaps_task_transfer,MODMA,Audio,task-transfer binary depression classification,eGeMAPS + fixed logistic regression,0,cross_task,interview,reading,binary_classification,ECE,0.37245084354291186,0.28456582695668164,0.5180356577657157,52
modma_binary_egemaps_task_transfer,MODMA,Audio,task-transfer binary depression classification,eGeMAPS + fixed logistic regression,0,cross_task,interview,reading,binary_classification,Brier Score,0.35225838227175493,0.2714065069511164,0.4744609321798924,52
modma_binary_egemaps_task_transfer,MODMA,Audio,task-transfer binary depression classification,eGeMAPS + fixed logistic regression,1,cross_task,interview,reading,binary_classification,Macro-F1,0.543859649122807,0.4006908724530294,0.6458214497920381,52
modma_binary_egemaps_task_transfer,MODMA,Audio,task-transfer binary depression classification,eGeMAPS + fixed logistic regression,1,cross_task,interview,reading,binary_classification,Balanced Accuracy,0.553223388305847,0.43018293534422564,0.6492146426786607,52
modma_binary_egemaps_task_transfer,MODMA,Audio,task-transfer binary depression classification,eGeMAPS + fixed logistic regression,1,cross_task,interview,reading,binary_classification,AUROC,0.6116941529235382,0.43907575757575756,0.7660056638347493,52
modma_binary_egemaps_task_transfer,MODMA,Audio,task-transfer binary depression classification,eGeMAPS + fixed logistic regression,1,cross_task,interview,reading,binary_classification,AUPRC,0.6482444962835294,0.4310258731225828,0.7809517786250089,52
modma_binary_egemaps_task_transfer,MODMA,Audio,task-transfer binary depression classification,eGeMAPS + fixed logistic regression,1,cross_task,interview,reading,binary_classification,ECE,0.37245084354291186,0.28456582695668164,0.5180356577657157,52
modma_binary_egemaps_task_transfer,MODMA,Audio,task-transfer binary depression classification,eGeMAPS + fixed logistic regression,1,cross_task,interview,reading,binary_classification,Brier Score,0.35225838227175493,0.2714065069511164,0.4744609321798924,52
modma_binary_egemaps_task_transfer,MODMA,Audio,task-transfer binary depression classification,eGeMAPS + fixed logistic regression,2,cross_task,interview,reading,binary_classification,Macro-F1,0.543859649122807,0.4006908724530294,0.6458214497920381,52
modma_binary_egemaps_task_transfer,MODMA,Audio,task-transfer binary depression classification,eGeMAPS + fixed logistic regression,2,cross_task,interview,reading,binary_classification,Balanced Accuracy,0.553223388305847,0.43018293534422564,0.6492146426786607,52
modma_binary_egemaps_task_transfer,MODMA,Audio,task-transfer binary depression classification,eGeMAPS + fixed logistic regression,2,cross_task,interview,reading,binary_classification,AUROC,0.6116941529235382,0.43907575757575756,0.7660056638347493,52
modma_binary_egemaps_task_transfer,MODMA,Audio,task-transfer binary depression classification,eGeMAPS + fixed logistic regression,2,cross_task,interview,reading,binary_classification,AUPRC,0.6482444962835294,0.4310258731225828,0.7809517786250089,52
modma_binary_egemaps_task_transfer,MODMA,Audio,task-transfer binary depression classification,eGeMAPS + fixed logistic regression,2,cross_task,interview,reading,binary_classification,ECE,0.37245084354291186,0.28456582695668164,0.5180356577657157,52
modma_binary_egemaps_task_transfer,MODMA,Audio,task-transfer binary depression classification,eGeMAPS + fixed logistic regression,2,cross_task,interview,reading,binary_classification,Brier Score,0.35225838227175493,0.2714065069511164,0.4744609321798924,52
modma_binary_egemaps_task_transfer,MODMA,Audio,task-transfer binary depression classification,eGeMAPS + fixed logistic regression,3,cross_task,interview,reading,binary_classification,Macro-F1,0.543859649122807,0.4006908724530294,0.6458214497920381,52
modma_binary_egemaps_task_transfer,MODMA,Audio,task-transfer binary depression classification,eGeMAPS + fixed logistic regression,3,cross_task,interview,reading,binary_classification,Balanced Accuracy,0.553223388305847,0.43018293534422564,0.6492146426786607,52
modma_binary_egemaps_task_transfer,MODMA,Audio,task-transfer binary depression classification,eGeMAPS + fixed logistic regression,3,cross_task,interview,reading,binary_classification,AUROC,0.6116941529235382,0.43907575757575756,0.7660056638347493,52
modma_binary_egemaps_task_transfer,MODMA,Audio,task-transfer binary depression classification,eGeMAPS + fixed logistic regression,3,cross_task,interview,reading,binary_classification,AUPRC,0.6482444962835294,0.4310258731225828,0.7809517786250089,52
modma_binary_egemaps_task_transfer,MODMA,Audio,task-transfer binary depression classification,eGeMAPS + fixed logistic regression,3,cross_task,interview,reading,binary_classification,ECE,0.37245084354291186,0.28456582695668164,0.5180356577657157,52
modma_binary_egemaps_task_transfer,MODMA,Audio,task-transfer binary depression classification,eGeMAPS + fixed logistic regression,3,cross_task,interview,reading,binary_classification,Brier Score,0.35225838227175493,0.2714065069511164,0.4744609321798924,52
modma_binary_egemaps_task_transfer,MODMA,Audio,task-transfer binary depression classification,eGeMAPS + fixed logistic regression,4,cross_task,interview,reading,binary_classification,Macro-F1,0.543859649122807,0.4006908724530294,0.6458214497920381,52
modma_binary_egemaps_task_transfer,MODMA,Audio,task-transfer binary depression classification,eGeMAPS + fixed logistic regression,4,cross_task,interview,reading,binary_classification,Balanced Accuracy,0.553223388305847,0.43018293534422564,0.6492146426786607,52
modma_binary_egemaps_task_transfer,MODMA,Audio,task-transfer binary depression classification,eGeMAPS + fixed logistic regression,4,cross_task,interview,reading,binary_classification,AUROC,0.6116941529235382,0.43907575757575756,0.7660056638347493,52
modma_binary_egemaps_task_transfer,MODMA,Audio,task-transfer binary depression classification,eGeMAPS + fixed logistic regression,4,cross_task,interview,reading,binary_classification,AUPRC,0.6482444962835294,0.4310258731225828,0.7809517786250089,52
modma_binary_egemaps_task_transfer,MODMA,Audio,task-transfer binary depression classification,eGeMAPS + fixed logistic regression,4,cross_task,interview,reading,binary_classification,ECE,0.37245084354291186,0.28456582695668164,0.5180356577657157,52
modma_binary_egemaps_task_transfer,MODMA,Audio,task-transfer binary depression classification,eGeMAPS + fixed logistic regression,4,cross_task,interview,reading,binary_classification,Brier Score,0.35225838227175493,0.2714065069511164,0.4744609321798924,52
modma_binary_egemaps_task_transfer,MODMA,Audio,task-transfer binary depression classification,eGeMAPS + fixed logistic regression,0,cross_task,picture_description,affective_task,binary_classification,Macro-F1,0.5357142857142858,0.3808363675305204,0.6700993752949215,52
modma_binary_egemaps_task_transfer,MODMA,Audio,task-transfer binary depression classification,eGeMAPS + fixed logistic regression,0,cross_task,picture_description,affective_task,binary_classification,Balanced Accuracy,0.5547226386806596,0.4201086956521739,0.6918906380143263,52
modma_binary_egemaps_task_transfer,MODMA,Audio,task-transfer binary depression classification,eGeMAPS + fixed logistic regression,0,cross_task,picture_description,affective_task,binary_classification,AUROC,0.6401799100449775,0.46762499432102134,0.792198480702765,52
modma_binary_egemaps_task_transfer,MODMA,Audio,task-transfer binary depression classification,eGeMAPS + fixed logistic regression,0,cross_task,picture_description,affective_task,binary_classification,AUPRC,0.5943336480043468,0.3967522778180811,0.8139762040405487,52
modma_binary_egemaps_task_transfer,MODMA,Audio,task-transfer binary depression classification,eGeMAPS + fixed logistic regression,0,cross_task,picture_description,affective_task,binary_classification,ECE,0.3895032643126284,0.2910765945265545,0.5235673165970313,52
modma_binary_egemaps_task_transfer,MODMA,Audio,task-transfer binary depression classification,eGeMAPS + fixed logistic regression,0,cross_task,picture_description,affective_task,binary_classification,Brier Score,0.36556425936431175,0.2598528548343754,0.47976163764126034,52
modma_binary_egemaps_task_transfer,MODMA,Audio,task-transfer binary depression classification,eGeMAPS + fixed logistic regression,1,cross_task,picture_description,affective_task,binary_classification,Macro-F1,0.5357142857142858,0.3808363675305204,0.6700993752949215,52
modma_binary_egemaps_task_transfer,MODMA,Audio,task-transfer binary depression classification,eGeMAPS + fixed logistic regression,1,cross_task,picture_description,affective_task,binary_classification,Balanced Accuracy,0.5547226386806596,0.4201086956521739,0.6918906380143263,52
modma_binary_egemaps_task_transfer,MODMA,Audio,task-transfer binary depression classification,eGeMAPS + fixed logistic regression,1,cross_task,picture_description,affective_task,binary_classification,AUROC,0.6401799100449775,0.46762499432102134,0.792198480702765,52
modma_binary_egemaps_task_transfer,MODMA,Audio,task-transfer binary depression classification,eGeMAPS + fixed logistic regression,1,cross_task,picture_description,affective_task,binary_classification,AUPRC,0.5943336480043468,0.3967522778180811,0.8139762040405487,52
modma_binary_egemaps_task_transfer,MODMA,Audio,task-transfer binary depression classification,eGeMAPS + fixed logistic regression,1,cross_task,picture_description,affective_task,binary_classification,ECE,0.3895032643126284,0.2910765945265545,0.5235673165970313,52
modma_binary_egemaps_task_transfer,MODMA,Audio,task-transfer binary depression classification,eGeMAPS + fixed logistic regression,1,cross_task,picture_description,affective_task,binary_classification,Brier Score,0.36556425936431175,0.2598528548343754,0.47976163764126034,52
modma_binary_egemaps_task_transfer,MODMA,Audio,task-transfer binary depression classification,eGeMAPS + fixed logistic regression,2,cross_task,picture_description,affective_task,binary_classification,Macro-F1,0.5357142857142858,0.3808363675305204,0.6700993752949215,52
modma_binary_egemaps_task_transfer,MODMA,Audio,task-transfer binary depression classification,eGeMAPS + fixed logistic regression,2,cross_task,picture_description,affective_task,binary_classification,Balanced Accuracy,0.5547226386806596,0.4201086956521739,0.6918906380143263,52
modma_binary_egemaps_task_transfer,MODMA,Audio,task-transfer binary depression classification,eGeMAPS + fixed logistic regression,2,cross_task,picture_description,affective_task,binary_classification,AUROC,0.6401799100449775,0.46762499432102134,0.792198480702765,52
modma_binary_egemaps_task_transfer,MODMA,Audio,task-transfer binary depression classification,eGeMAPS + fixed logistic regression,2,cross_task,picture_description,affective_task,binary_classification,AUPRC,0.5943336480043468,0.3967522778180811,0.8139762040405487,52
modma_binary_egemaps_task_transfer,MODMA,Audio,task-transfer binary depression classification,eGeMAPS + fixed logistic regression,2,cross_task,picture_description,affective_task,binary_classification,ECE,0.3895032643126284,0.2910765945265545,0.5235673165970313,52
modma_binary_egemaps_task_transfer,MODMA,Audio,task-transfer binary depression classification,eGeMAPS + fixed logistic regression,2,cross_task,picture_description,affective_task,binary_classification,Brier Score,0.36556425936431175,0.2598528548343754,0.47976163764126034,52
modma_binary_egemaps_task_transfer,MODMA,Audio,task-transfer binary depression classification,eGeMAPS + fixed logistic regression,3,cross_task,picture_description,affective_task,binary_classification,Macro-F1,0.5357142857142858,0.3808363675305204,0.6700993752949215,52
modma_binary_egemaps_task_transfer,MODMA,Audio,task-transfer binary depression classification,eGeMAPS + fixed logistic regression,3,cross_task,picture_description,affective_task,binary_classification,Balanced Accuracy,0.5547226386806596,0.4201086956521739,0.6918906380143263,52
modma_binary_egemaps_task_transfer,MODMA,Audio,task-transfer binary depression classification,eGeMAPS + fixed logistic regression,3,cross_task,picture_description,affective_task,binary_classification,AUROC,0.6401799100449775,0.46762499432102134,0.792198480702765,52
modma_binary_egemaps_task_transfer,MODMA,Audio,task-transfer binary depression classification,eGeMAPS + fixed logistic regression,3,cross_task,picture_description,affective_task,binary_classification,AUPRC,0.5943336480043468,0.3967522778180811,0.8139762040405487,52
modma_binary_egemaps_task_transfer,MODMA,Audio,task-transfer binary depression classification,eGeMAPS + fixed logistic regression,3,cross_task,picture_description,affective_task,binary_classification,ECE,0.3895032643126284,0.2910765945265545,0.5235673165970313,52
modma_binary_egemaps_task_transfer,MODMA,Audio,task-transfer binary depression classification,eGeMAPS + fixed logistic regression,3,cross_task,picture_description,affective_task,binary_classification,Brier Score,0.36556425936431175,0.2598528548343754,0.47976163764126034,52
modma_binary_egemaps_task_transfer,MODMA,Audio,task-transfer binary depression classification,eGeMAPS + fixed logistic regression,4,cross_task,picture_description,affective_task,binary_classification,Macro-F1,0.5357142857142858,0.3808363675305204,0.6700993752949215,52
modma_binary_egemaps_task_transfer,MODMA,Audio,task-transfer binary depression classification,eGeMAPS + fixed logistic regression,4,cross_task,picture_description,affective_task,binary_classification,Balanced Accuracy,0.5547226386806596,0.4201086956521739,0.6918906380143263,52
modma_binary_egemaps_task_transfer,MODMA,Audio,task-transfer binary depression classification,eGeMAPS + fixed logistic regression,4,cross_task,picture_description,affective_task,binary_classification,AUROC,0.6401799100449775,0.46762499432102134,0.792198480702765,52
modma_binary_egemaps_task_transfer,MODMA,Audio,task-transfer binary depression classification,eGeMAPS + fixed logistic regression,4,cross_task,picture_description,affective_task,binary_classification,AUPRC,0.5943336480043468,0.3967522778180811,0.8139762040405487,52
modma_binary_egemaps_task_transfer,MODMA,Audio,task-transfer binary depression classification,eGeMAPS + fixed logistic regression,4,cross_task,picture_description,affective_task,binary_classification,ECE,0.3895032643126284,0.2910765945265545,0.5235673165970313,52
modma_binary_egemaps_task_transfer,MODMA,Audio,task-transfer binary depression classification,eGeMAPS + fixed logistic regression,4,cross_task,picture_description,affective_task,binary_classification,Brier Score,0.36556425936431175,0.2598528548343754,0.47976163764126034,52
modma_binary_egemaps_task_transfer,MODMA,Audio,task-transfer binary depression classification,eGeMAPS + fixed logistic regression,0,cross_task,picture_description,interview,binary_classification,Macro-F1,0.4871794871794871,0.3436174636174636,0.6067226890756303,52
modma_binary_egemaps_task_transfer,MODMA,Audio,task-transfer binary depression classification,eGeMAPS + fixed logistic regression,0,cross_task,picture_description,interview,binary_classification,Balanced Accuracy,0.5554722638680659,0.45224330357142856,0.6428968253968254,52
modma_binary_egemaps_task_transfer,MODMA,Audio,task-transfer binary depression classification,eGeMAPS + fixed logistic regression,0,cross_task,picture_description,interview,binary_classification,AUROC,0.6821589205397302,0.5306607113110111,0.8188959426536732,52
modma_binary_egemaps_task_transfer,MODMA,Audio,task-transfer binary depression classification,eGeMAPS + fixed logistic regression,0,cross_task,picture_description,interview,binary_classification,AUPRC,0.6855398775491018,0.4463898505657395,0.8332612066213989,52
modma_binary_egemaps_task_transfer,MODMA,Audio,task-transfer binary depression classification,eGeMAPS + fixed logistic regression,0,cross_task,picture_description,interview,binary_classification,ECE,0.4744628710646059,0.35637504060722974,0.5920418402993866,52
modma_binary_egemaps_task_transfer,MODMA,Audio,task-transfer binary depression classification,eGeMAPS + fixed logistic regression,0,cross_task,picture_description,interview,binary_classification,Brier Score,0.4487573557453525,0.33569622989493014,0.5633046284131931,52
modma_binary_egemaps_task_transfer,MODMA,Audio,task-transfer binary depression classification,eGeMAPS + fixed logistic regression,1,cross_task,picture_description,interview,binary_classification,Macro-F1,0.4871794871794871,0.3436174636174636,0.6067226890756303,52
modma_binary_egemaps_task_transfer,MODMA,Audio,task-transfer binary depression classification,eGeMAPS + fixed logistic regression,1,cross_task,picture_description,interview,binary_classification,Balanced Accuracy,0.5554722638680659,0.45224330357142856,0.6428968253968254,52
modma_binary_egemaps_task_transfer,MODMA,Audio,task-transfer binary depression classification,eGeMAPS + fixed logistic regression,1,cross_task,picture_description,interview,binary_classification,AUROC,0.6821589205397302,0.5306607113110111,0.8188959426536732,52
modma_binary_egemaps_task_transfer,MODMA,Audio,task-transfer binary depression classification,eGeMAPS + fixed logistic regression,1,cross_task,picture_description,interview,binary_classification,AUPRC,0.6855398775491018,0.4463898505657395,0.8332612066213989,52
modma_binary_egemaps_task_transfer,MODMA,Audio,task-transfer binary depression classification,eGeMAPS + fixed logistic regression,1,cross_task,picture_description,interview,binary_classification,ECE,0.4744628710646059,0.35637504060722974,0.5920418402993866,52
modma_binary_egemaps_task_transfer,MODMA,Audio,task-transfer binary depression classification,eGeMAPS + fixed logistic regression,1,cross_task,picture_description,interview,binary_classification,Brier Score,0.4487573557453525,0.33569622989493014,0.5633046284131931,52
modma_binary_egemaps_task_transfer,MODMA,Audio,task-transfer binary depression classification,eGeMAPS + fixed logistic regression,2,cross_task,picture_description,interview,binary_classification,Macro-F1,0.4871794871794871,0.3436174636174636,0.6067226890756303,52
modma_binary_egemaps_task_transfer,MODMA,Audio,task-transfer binary depression classification,eGeMAPS + fixed logistic regression,2,cross_task,picture_description,interview,binary_classification,Balanced Accuracy,0.5554722638680659,0.45224330357142856,0.6428968253968254,52
modma_binary_egemaps_task_transfer,MODMA,Audio,task-transfer binary depression classification,eGeMAPS + fixed logistic regression,2,cross_task,picture_description,interview,binary_classification,AUROC,0.6821589205397302,0.5306607113110111,0.8188959426536732,52
modma_binary_egemaps_task_transfer,MODMA,Audio,task-transfer binary depression classification,eGeMAPS + fixed logistic regression,2,cross_task,picture_description,interview,binary_classification,AUPRC,0.6855398775491018,0.4463898505657395,0.8332612066213989,52
modma_binary_egemaps_task_transfer,MODMA,Audio,task-transfer binary depression classification,eGeMAPS + fixed logistic regression,2,cross_task,picture_description,interview,binary_classification,ECE,0.4744628710646059,0.35637504060722974,0.5920418402993866,52
modma_binary_egemaps_task_transfer,MODMA,Audio,task-transfer binary depression classification,eGeMAPS + fixed logistic regression,2,cross_task,picture_description,interview,binary_classification,Brier Score,0.4487573557453525,0.33569622989493014,0.5633046284131931,52
modma_binary_egemaps_task_transfer,MODMA,Audio,task-transfer binary depression classification,eGeMAPS + fixed logistic regression,3,cross_task,picture_description,interview,binary_classification,Macro-F1,0.4871794871794871,0.3436174636174636,0.6067226890756303,52
modma_binary_egemaps_task_transfer,MODMA,Audio,task-transfer binary depression classification,eGeMAPS + fixed logistic regression,3,cross_task,picture_description,interview,binary_classification,Balanced Accuracy,0.5554722638680659,0.45224330357142856,0.6428968253968254,52
modma_binary_egemaps_task_transfer,MODMA,Audio,task-transfer binary depression classification,eGeMAPS + fixed logistic regression,3,cross_task,picture_description,interview,binary_classification,AUROC,0.6821589205397302,0.5306607113110111,0.8188959426536732,52
modma_binary_egemaps_task_transfer,MODMA,Audio,task-transfer binary depression classification,eGeMAPS + fixed logistic regression,3,cross_task,picture_description,interview,binary_classification,AUPRC,0.6855398775491018,0.4463898505657395,0.8332612066213989,52
modma_binary_egemaps_task_transfer,MODMA,Audio,task-transfer binary depression classification,eGeMAPS + fixed logistic regression,3,cross_task,picture_description,interview,binary_classification,ECE,0.4744628710646059,0.35637504060722974,0.5920418402993866,52
modma_binary_egemaps_task_transfer,MODMA,Audio,task-transfer binary depression classification,eGeMAPS + fixed logistic regression,3,cross_task,picture_description,interview,binary_classification,Brier Score,0.4487573557453525,0.33569622989493014,0.5633046284131931,52
modma_binary_egemaps_task_transfer,MODMA,Audio,task-transfer binary depression classification,eGeMAPS + fixed logistic regression,4,cross_task,picture_description,interview,binary_classification,Macro-F1,0.4871794871794871,0.3436174636174636,0.6067226890756303,52
modma_binary_egemaps_task_transfer,MODMA,Audio,task-transfer binary depression classification,eGeMAPS + fixed logistic regression,4,cross_task,picture_description,interview,binary_classification,Balanced Accuracy,0.5554722638680659,0.45224330357142856,0.6428968253968254,52
modma_binary_egemaps_task_transfer,MODMA,Audio,task-transfer binary depression classification,eGeMAPS + fixed logistic regression,4,cross_task,picture_description,interview,binary_classification,AUROC,0.6821589205397302,0.5306607113110111,0.8188959426536732,52
modma_binary_egemaps_task_transfer,MODMA,Audio,task-transfer binary depression classification,eGeMAPS + fixed logistic regression,4,cross_task,picture_description,interview,binary_classification,AUPRC,0.6855398775491018,0.4463898505657395,0.8332612066213989,52
modma_binary_egemaps_task_transfer,MODMA,Audio,task-transfer binary depression classification,eGeMAPS + fixed logistic regression,4,cross_task,picture_description,interview,binary_classification,ECE,0.4744628710646059,0.35637504060722974,0.5920418402993866,52
modma_binary_egemaps_task_transfer,MODMA,Audio,task-transfer binary depression classification,eGeMAPS + fixed logistic regression,4,cross_task,picture_description,interview,binary_classification,Brier Score,0.4487573557453525,0.33569622989493014,0.5633046284131931,52
modma_binary_egemaps_task_transfer,MODMA,Audio,task-transfer binary depression classification,eGeMAPS + fixed logistic regression,0,cross_task,picture_description,reading,binary_classification,Macro-F1,0.4564459930313589,0.31437279307909605,0.5836828059473884,52
modma_binary_egemaps_task_transfer,MODMA,Audio,task-transfer binary depression classification,eGeMAPS + fixed logistic regression,0,cross_task,picture_description,reading,binary_classification,Balanced Accuracy,0.5119940029985007,0.4075579322638146,0.6403976608187134,52
modma_binary_egemaps_task_transfer,MODMA,Audio,task-transfer binary depression classification,eGeMAPS + fixed logistic regression,0,cross_task,picture_description,reading,binary_classification,AUROC,0.6056971514242878,0.444377990430622,0.7426296296296298,52
modma_binary_egemaps_task_transfer,MODMA,Audio,task-transfer binary depression classification,eGeMAPS + fixed logistic regression,0,cross_task,picture_description,reading,binary_classification,AUPRC,0.57749714674227,0.3582737601812563,0.7596123415127022,52
modma_binary_egemaps_task_transfer,MODMA,Audio,task-transfer binary depression classification,eGeMAPS + fixed logistic regression,0,cross_task,picture_description,reading,binary_classification,ECE,0.48509658439710257,0.37099622644172225,0.6205931130527294,52
modma_binary_egemaps_task_transfer,MODMA,Audio,task-transfer binary depression classification,eGeMAPS + fixed logistic regression,0,cross_task,picture_description,reading,binary_classification,Brier Score,0.4652903208530625,0.3541193553836183,0.5861403370805848,52
modma_binary_egemaps_task_transfer,MODMA,Audio,task-transfer binary depression classification,eGeMAPS + fixed logistic regression,1,cross_task,picture_description,reading,binary_classification,Macro-F1,0.4564459930313589,0.31437279307909605,0.5836828059473884,52
modma_binary_egemaps_task_transfer,MODMA,Audio,task-transfer binary depression classification,eGeMAPS + fixed logistic regression,1,cross_task,picture_description,reading,binary_classification,Balanced Accuracy,0.5119940029985007,0.4075579322638146,0.6403976608187134,52
modma_binary_egemaps_task_transfer,MODMA,Audio,task-transfer binary depression classification,eGeMAPS + fixed logistic regression,1,cross_task,picture_description,reading,binary_classification,AUROC,0.6056971514242878,0.444377990430622,0.7426296296296298,52
modma_binary_egemaps_task_transfer,MODMA,Audio,task-transfer binary depression classification,eGeMAPS + fixed logistic regression,1,cross_task,picture_description,reading,binary_classification,AUPRC,0.57749714674227,0.3582737601812563,0.7596123415127022,52
modma_binary_egemaps_task_transfer,MODMA,Audio,task-transfer binary depression classification,eGeMAPS + fixed logistic regression,1,cross_task,picture_description,reading,binary_classification,ECE,0.48509658439710257,0.37099622644172225,0.6205931130527294,52
modma_binary_egemaps_task_transfer,MODMA,Audio,task-transfer binary depression classification,eGeMAPS + fixed logistic regression,1,cross_task,picture_description,reading,binary_classification,Brier Score,0.4652903208530625,0.3541193553836183,0.5861403370805848,52
modma_binary_egemaps_task_transfer,MODMA,Audio,task-transfer binary depression classification,eGeMAPS + fixed logistic regression,2,cross_task,picture_description,reading,binary_classification,Macro-F1,0.4564459930313589,0.31437279307909605,0.5836828059473884,52
modma_binary_egemaps_task_transfer,MODMA,Audio,task-transfer binary depression classification,eGeMAPS + fixed logistic regression,2,cross_task,picture_description,reading,binary_classification,Balanced Accuracy,0.5119940029985007,0.4075579322638146,0.6403976608187134,52
modma_binary_egemaps_task_transfer,MODMA,Audio,task-transfer binary depression classification,eGeMAPS + fixed logistic regression,2,cross_task,picture_description,reading,binary_classification,AUROC,0.6056971514242878,0.444377990430622,0.7426296296296298,52
modma_binary_egemaps_task_transfer,MODMA,Audio,task-transfer binary depression classification,eGeMAPS + fixed logistic regression,2,cross_task,picture_description,reading,binary_classification,AUPRC,0.57749714674227,0.3582737601812563,0.7596123415127022,52
modma_binary_egemaps_task_transfer,MODMA,Audio,task-transfer binary depression classification,eGeMAPS + fixed logistic regression,2,cross_task,picture_description,reading,binary_classification,ECE,0.48509658439710257,0.37099622644172225,0.6205931130527294,52
modma_binary_egemaps_task_transfer,MODMA,Audio,task-transfer binary depression classification,eGeMAPS + fixed logistic regression,2,cross_task,picture_description,reading,binary_classification,Brier Score,0.4652903208530625,0.3541193553836183,0.5861403370805848,52
modma_binary_egemaps_task_transfer,MODMA,Audio,task-transfer binary depression classification,eGeMAPS + fixed logistic regression,3,cross_task,picture_description,reading,binary_classification,Macro-F1,0.4564459930313589,0.31437279307909605,0.5836828059473884,52
modma_binary_egemaps_task_transfer,MODMA,Audio,task-transfer binary depression classification,eGeMAPS + fixed logistic regression,3,cross_task,picture_description,reading,binary_classification,Balanced Accuracy,0.5119940029985007,0.4075579322638146,0.6403976608187134,52
modma_binary_egemaps_task_transfer,MODMA,Audio,task-transfer binary depression classification,eGeMAPS + fixed logistic regression,3,cross_task,picture_description,reading,binary_classification,AUROC,0.6056971514242878,0.444377990430622,0.7426296296296298,52
modma_binary_egemaps_task_transfer,MODMA,Audio,task-transfer binary depression classification,eGeMAPS + fixed logistic regression,3,cross_task,picture_description,reading,binary_classification,AUPRC,0.57749714674227,0.3582737601812563,0.7596123415127022,52
modma_binary_egemaps_task_transfer,MODMA,Audio,task-transfer binary depression classification,eGeMAPS + fixed logistic regression,3,cross_task,picture_description,reading,binary_classification,ECE,0.48509658439710257,0.37099622644172225,0.6205931130527294,52
modma_binary_egemaps_task_transfer,MODMA,Audio,task-transfer binary depression classification,eGeMAPS + fixed logistic regression,3,cross_task,picture_description,reading,binary_classification,Brier Score,0.4652903208530625,0.3541193553836183,0.5861403370805848,52
modma_binary_egemaps_task_transfer,MODMA,Audio,task-transfer binary depression classification,eGeMAPS + fixed logistic regression,4,cross_task,picture_description,reading,binary_classification,Macro-F1,0.4564459930313589,0.31437279307909605,0.5836828059473884,52
modma_binary_egemaps_task_transfer,MODMA,Audio,task-transfer binary depression classification,eGeMAPS + fixed logistic regression,4,cross_task,picture_description,reading,binary_classification,Balanced Accuracy,0.5119940029985007,0.4075579322638146,0.6403976608187134,52
modma_binary_egemaps_task_transfer,MODMA,Audio,task-transfer binary depression classification,eGeMAPS + fixed logistic regression,4,cross_task,picture_description,reading,binary_classification,AUROC,0.6056971514242878,0.444377990430622,0.7426296296296298,52
modma_binary_egemaps_task_transfer,MODMA,Audio,task-transfer binary depression classification,eGeMAPS + fixed logistic regression,4,cross_task,picture_description,reading,binary_classification,AUPRC,0.57749714674227,0.3582737601812563,0.7596123415127022,52
modma_binary_egemaps_task_transfer,MODMA,Audio,task-transfer binary depression classification,eGeMAPS + fixed logistic regression,4,cross_task,picture_description,reading,binary_classification,ECE,0.48509658439710257,0.37099622644172225,0.6205931130527294,52
modma_binary_egemaps_task_transfer,MODMA,Audio,task-transfer binary depression classification,eGeMAPS + fixed logistic regression,4,cross_task,picture_description,reading,binary_classification,Brier Score,0.4652903208530625,0.3541193553836183,0.5861403370805848,52
modma_binary_egemaps_task_transfer,MODMA,Audio,task-transfer binary depression classification,eGeMAPS + fixed logistic regression,0,cross_task,reading,affective_task,binary_classification,Macro-F1,0.6174990321331785,0.4755363707983193,0.7499397267257542,52
modma_binary_egemaps_task_transfer,MODMA,Audio,task-transfer binary depression classification,eGeMAPS + fixed logistic regression,0,cross_task,reading,affective_task,binary_classification,Balanced Accuracy,0.618440779610195,0.4968232323232324,0.7531956845238096,52
modma_binary_egemaps_task_transfer,MODMA,Audio,task-transfer binary depression classification,eGeMAPS + fixed logistic regression,0,cross_task,reading,affective_task,binary_classification,AUROC,0.7076461769115442,0.5635024170958707,0.8372439236111111,52
modma_binary_egemaps_task_transfer,MODMA,Audio,task-transfer binary depression classification,eGeMAPS + fixed logistic regression,0,cross_task,reading,affective_task,binary_classification,AUPRC,0.6321653590086707,0.44713741457358014,0.8064534150371852,52
modma_binary_egemaps_task_transfer,MODMA,Audio,task-transfer binary depression classification,eGeMAPS + fixed logistic regression,0,cross_task,reading,affective_task,binary_classification,ECE,0.25728041410692076,0.16065592808118592,0.3844880105369781,52
modma_binary_egemaps_task_transfer,MODMA,Audio,task-transfer binary depression classification,eGeMAPS + fixed logistic regression,0,cross_task,reading,affective_task,binary_classification,Brier Score,0.27239718402642865,0.17763101894549527,0.37065991461995124,52
modma_binary_egemaps_task_transfer,MODMA,Audio,task-transfer binary depression classification,eGeMAPS + fixed logistic regression,1,cross_task,reading,affective_task,binary_classification,Macro-F1,0.6174990321331785,0.4755363707983193,0.7499397267257542,52
modma_binary_egemaps_task_transfer,MODMA,Audio,task-transfer binary depression classification,eGeMAPS + fixed logistic regression,1,cross_task,reading,affective_task,binary_classification,Balanced Accuracy,0.618440779610195,0.4968232323232324,0.7531956845238096,52
modma_binary_egemaps_task_transfer,MODMA,Audio,task-transfer binary depression classification,eGeMAPS + fixed logistic regression,1,cross_task,reading,affective_task,binary_classification,AUROC,0.7076461769115442,0.5635024170958707,0.8372439236111111,52
modma_binary_egemaps_task_transfer,MODMA,Audio,task-transfer binary depression classification,eGeMAPS + fixed logistic regression,1,cross_task,reading,affective_task,binary_classification,AUPRC,0.6321653590086707,0.44713741457358014,0.8064534150371852,52
modma_binary_egemaps_task_transfer,MODMA,Audio,task-transfer binary depression classification,eGeMAPS + fixed logistic regression,1,cross_task,reading,affective_task,binary_classification,ECE,0.25728041410692076,0.16065592808118592,0.3844880105369781,52
modma_binary_egemaps_task_transfer,MODMA,Audio,task-transfer binary depression classification,eGeMAPS + fixed logistic regression,1,cross_task,reading,affective_task,binary_classification,Brier Score,0.27239718402642865,0.17763101894549527,0.37065991461995124,52
modma_binary_egemaps_task_transfer,MODMA,Audio,task-transfer binary depression classification,eGeMAPS + fixed logistic regression,2,cross_task,reading,affective_task,binary_classification,Macro-F1,0.6174990321331785,0.4755363707983193,0.7499397267257542,52
modma_binary_egemaps_task_transfer,MODMA,Audio,task-transfer binary depression classification,eGeMAPS + fixed logistic regression,2,cross_task,reading,affective_task,binary_classification,Balanced Accuracy,0.618440779610195,0.4968232323232324,0.7531956845238096,52
modma_binary_egemaps_task_transfer,MODMA,Audio,task-transfer binary depression classification,eGeMAPS + fixed logistic regression,2,cross_task,reading,affective_task,binary_classification,AUROC,0.7076461769115442,0.5635024170958707,0.8372439236111111,52
modma_binary_egemaps_task_transfer,MODMA,Audio,task-transfer binary depression classification,eGeMAPS + fixed logistic regression,2,cross_task,reading,affective_task,binary_classification,AUPRC,0.6321653590086707,0.44713741457358014,0.8064534150371852,52
modma_binary_egemaps_task_transfer,MODMA,Audio,task-transfer binary depression classification,eGeMAPS + fixed logistic regression,2,cross_task,reading,affective_task,binary_classification,ECE,0.25728041410692076,0.16065592808118592,0.3844880105369781,52
modma_binary_egemaps_task_transfer,MODMA,Audio,task-transfer binary depression classification,eGeMAPS + fixed logistic regression,2,cross_task,reading,affective_task,binary_classification,Brier Score,0.27239718402642865,0.17763101894549527,0.37065991461995124,52
modma_binary_egemaps_task_transfer,MODMA,Audio,task-transfer binary depression classification,eGeMAPS + fixed logistic regression,3,cross_task,reading,affective_task,binary_classification,Macro-F1,0.6174990321331785,0.4755363707983193,0.7499397267257542,52
modma_binary_egemaps_task_transfer,MODMA,Audio,task-transfer binary depression classification,eGeMAPS + fixed logistic regression,3,cross_task,reading,affective_task,binary_classification,Balanced Accuracy,0.618440779610195,0.4968232323232324,0.7531956845238096,52
modma_binary_egemaps_task_transfer,MODMA,Audio,task-transfer binary depression classification,eGeMAPS + fixed logistic regression,3,cross_task,reading,affective_task,binary_classification,AUROC,0.7076461769115442,0.5635024170958707,0.8372439236111111,52
modma_binary_egemaps_task_transfer,MODMA,Audio,task-transfer binary depression classification,eGeMAPS + fixed logistic regression,3,cross_task,reading,affective_task,binary_classification,AUPRC,0.6321653590086707,0.44713741457358014,0.8064534150371852,52
modma_binary_egemaps_task_transfer,MODMA,Audio,task-transfer binary depression classification,eGeMAPS + fixed logistic regression,3,cross_task,reading,affective_task,binary_classification,ECE,0.25728041410692076,0.16065592808118592,0.3844880105369781,52
modma_binary_egemaps_task_transfer,MODMA,Audio,task-transfer binary depression classification,eGeMAPS + fixed logistic regression,3,cross_task,reading,affective_task,binary_classification,Brier Score,0.27239718402642865,0.17763101894549527,0.37065991461995124,52
modma_binary_egemaps_task_transfer,MODMA,Audio,task-transfer binary depression classification,eGeMAPS + fixed logistic regression,4,cross_task,reading,affective_task,binary_classification,Macro-F1,0.6174990321331785,0.4755363707983193,0.7499397267257542,52
modma_binary_egemaps_task_transfer,MODMA,Audio,task-transfer binary depression classification,eGeMAPS + fixed logistic regression,4,cross_task,reading,affective_task,binary_classification,Balanced Accuracy,0.618440779610195,0.4968232323232324,0.7531956845238096,52
modma_binary_egemaps_task_transfer,MODMA,Audio,task-transfer binary depression classification,eGeMAPS + fixed logistic regression,4,cross_task,reading,affective_task,binary_classification,AUROC,0.7076461769115442,0.5635024170958707,0.8372439236111111,52
modma_binary_egemaps_task_transfer,MODMA,Audio,task-transfer binary depression classification,eGeMAPS + fixed logistic regression,4,cross_task,reading,affective_task,binary_classification,AUPRC,0.6321653590086707,0.44713741457358014,0.8064534150371852,52
modma_binary_egemaps_task_transfer,MODMA,Audio,task-transfer binary depression classification,eGeMAPS + fixed logistic regression,4,cross_task,reading,affective_task,binary_classification,ECE,0.25728041410692076,0.16065592808118592,0.3844880105369781,52
modma_binary_egemaps_task_transfer,MODMA,Audio,task-transfer binary depression classification,eGeMAPS + fixed logistic regression,4,cross_task,reading,affective_task,binary_classification,Brier Score,0.27239718402642865,0.17763101894549527,0.37065991461995124,52
modma_binary_egemaps_task_transfer,MODMA,Audio,task-transfer binary depression classification,eGeMAPS + fixed logistic regression,0,cross_task,reading,interview,binary_classification,Macro-F1,0.5495291902071563,0.3928148538115652,0.6720094281280264,52
modma_binary_egemaps_task_transfer,MODMA,Audio,task-transfer binary depression classification,eGeMAPS + fixed logistic regression,0,cross_task,reading,interview,binary_classification,Balanced Accuracy,0.5494752623688156,0.3985681533378902,0.6765763888888889,52
modma_binary_egemaps_task_transfer,MODMA,Audio,task-transfer binary depression classification,eGeMAPS + fixed logistic regression,0,cross_task,reading,interview,binary_classification,AUROC,0.5592203898050975,0.3916282642089094,0.709541791604198,52
modma_binary_egemaps_task_transfer,MODMA,Audio,task-transfer binary depression classification,eGeMAPS + fixed logistic regression,0,cross_task,reading,interview,binary_classification,AUPRC,0.5145131843548728,0.3252996629786573,0.6992432134128429,52
modma_binary_egemaps_task_transfer,MODMA,Audio,task-transfer binary depression classification,eGeMAPS + fixed logistic regression,0,cross_task,reading,interview,binary_classification,ECE,0.3658561634891787,0.24366613176072738,0.5068776473841963,52
modma_binary_egemaps_task_transfer,MODMA,Audio,task-transfer binary depression classification,eGeMAPS + fixed logistic regression,0,cross_task,reading,interview,binary_classification,Brier Score,0.36534017779307837,0.25996341380820964,0.48125125278333525,52
modma_binary_egemaps_task_transfer,MODMA,Audio,task-transfer binary depression classification,eGeMAPS + fixed logistic regression,1,cross_task,reading,interview,binary_classification,Macro-F1,0.5495291902071563,0.3928148538115652,0.6720094281280264,52
modma_binary_egemaps_task_transfer,MODMA,Audio,task-transfer binary depression classification,eGeMAPS + fixed logistic regression,1,cross_task,reading,interview,binary_classification,Balanced Accuracy,0.5494752623688156,0.3985681533378902,0.6765763888888889,52
modma_binary_egemaps_task_transfer,MODMA,Audio,task-transfer binary depression classification,eGeMAPS + fixed logistic regression,1,cross_task,reading,interview,binary_classification,AUROC,0.5592203898050975,0.3916282642089094,0.709541791604198,52
modma_binary_egemaps_task_transfer,MODMA,Audio,task-transfer binary depression classification,eGeMAPS + fixed logistic regression,1,cross_task,reading,interview,binary_classification,AUPRC,0.5145131843548728,0.3252996629786573,0.6992432134128429,52
modma_binary_egemaps_task_transfer,MODMA,Audio,task-transfer binary depression classification,eGeMAPS + fixed logistic regression,1,cross_task,reading,interview,binary_classification,ECE,0.3658561634891787,0.24366613176072738,0.5068776473841963,52
modma_binary_egemaps_task_transfer,MODMA,Audio,task-transfer binary depression classification,eGeMAPS + fixed logistic regression,1,cross_task,reading,interview,binary_classification,Brier Score,0.36534017779307837,0.25996341380820964,0.48125125278333525,52
modma_binary_egemaps_task_transfer,MODMA,Audio,task-transfer binary depression classification,eGeMAPS + fixed logistic regression,2,cross_task,reading,interview,binary_classification,Macro-F1,0.5495291902071563,0.3928148538115652,0.6720094281280264,52
modma_binary_egemaps_task_transfer,MODMA,Audio,task-transfer binary depression classification,eGeMAPS + fixed logistic regression,2,cross_task,reading,interview,binary_classification,Balanced Accuracy,0.5494752623688156,0.3985681533378902,0.6765763888888889,52
modma_binary_egemaps_task_transfer,MODMA,Audio,task-transfer binary depression classification,eGeMAPS + fixed logistic regression,2,cross_task,reading,interview,binary_classification,AUROC,0.5592203898050975,0.3916282642089094,0.709541791604198,52
modma_binary_egemaps_task_transfer,MODMA,Audio,task-transfer binary depression classification,eGeMAPS + fixed logistic regression,2,cross_task,reading,interview,binary_classification,AUPRC,0.5145131843548728,0.3252996629786573,0.6992432134128429,52
modma_binary_egemaps_task_transfer,MODMA,Audio,task-transfer binary depression classification,eGeMAPS + fixed logistic regression,2,cross_task,reading,interview,binary_classification,ECE,0.3658561634891787,0.24366613176072738,0.5068776473841963,52
modma_binary_egemaps_task_transfer,MODMA,Audio,task-transfer binary depression classification,eGeMAPS + fixed logistic regression,2,cross_task,reading,interview,binary_classification,Brier Score,0.36534017779307837,0.25996341380820964,0.48125125278333525,52
modma_binary_egemaps_task_transfer,MODMA,Audio,task-transfer binary depression classification,eGeMAPS + fixed logistic regression,3,cross_task,reading,interview,binary_classification,Macro-F1,0.5495291902071563,0.3928148538115652,0.6720094281280264,52
modma_binary_egemaps_task_transfer,MODMA,Audio,task-transfer binary depression classification,eGeMAPS + fixed logistic regression,3,cross_task,reading,interview,binary_classification,Balanced Accuracy,0.5494752623688156,0.3985681533378902,0.6765763888888889,52
modma_binary_egemaps_task_transfer,MODMA,Audio,task-transfer binary depression classification,eGeMAPS + fixed logistic regression,3,cross_task,reading,interview,binary_classification,AUROC,0.5592203898050975,0.3916282642089094,0.709541791604198,52
modma_binary_egemaps_task_transfer,MODMA,Audio,task-transfer binary depression classification,eGeMAPS + fixed logistic regression,3,cross_task,reading,interview,binary_classification,AUPRC,0.5145131843548728,0.3252996629786573,0.6992432134128429,52
modma_binary_egemaps_task_transfer,MODMA,Audio,task-transfer binary depression classification,eGeMAPS + fixed logistic regression,3,cross_task,reading,interview,binary_classification,ECE,0.3658561634891787,0.24366613176072738,0.5068776473841963,52
modma_binary_egemaps_task_transfer,MODMA,Audio,task-transfer binary depression classification,eGeMAPS + fixed logistic regression,3,cross_task,reading,interview,binary_classification,Brier Score,0.36534017779307837,0.25996341380820964,0.48125125278333525,52
modma_binary_egemaps_task_transfer,MODMA,Audio,task-transfer binary depression classification,eGeMAPS + fixed logistic regression,4,cross_task,reading,interview,binary_classification,Macro-F1,0.5495291902071563,0.3928148538115652,0.6720094281280264,52
modma_binary_egemaps_task_transfer,MODMA,Audio,task-transfer binary depression classification,eGeMAPS + fixed logistic regression,4,cross_task,reading,interview,binary_classification,Balanced Accuracy,0.5494752623688156,0.3985681533378902,0.6765763888888889,52
modma_binary_egemaps_task_transfer,MODMA,Audio,task-transfer binary depression classification,eGeMAPS + fixed logistic regression,4,cross_task,reading,interview,binary_classification,AUROC,0.5592203898050975,0.3916282642089094,0.709541791604198,52
modma_binary_egemaps_task_transfer,MODMA,Audio,task-transfer binary depression classification,eGeMAPS + fixed logistic regression,4,cross_task,reading,interview,binary_classification,AUPRC,0.5145131843548728,0.3252996629786573,0.6992432134128429,52
modma_binary_egemaps_task_transfer,MODMA,Audio,task-transfer binary depression classification,eGeMAPS + fixed logistic regression,4,cross_task,reading,interview,binary_classification,ECE,0.3658561634891787,0.24366613176072738,0.5068776473841963,52
modma_binary_egemaps_task_transfer,MODMA,Audio,task-transfer binary depression classification,eGeMAPS + fixed logistic regression,4,cross_task,reading,interview,binary_classification,Brier Score,0.36534017779307837,0.25996341380820964,0.48125125278333525,52
modma_binary_egemaps_task_transfer,MODMA,Audio,task-transfer binary depression classification,eGeMAPS + fixed logistic regression,0,cross_task,reading,picture_description,binary_classification,Macro-F1,0.5666666666666667,0.43176159827255345,0.702630575676706,52
modma_binary_egemaps_task_transfer,MODMA,Audio,task-transfer binary depression classification,eGeMAPS + fixed logistic regression,0,cross_task,reading,picture_description,binary_classification,Balanced Accuracy,0.5667166416791605,0.4327195472783708,0.7009365852787892,52
modma_binary_egemaps_task_transfer,MODMA,Audio,task-transfer binary depression classification,eGeMAPS + fixed logistic regression,0,cross_task,reading,picture_description,binary_classification,AUROC,0.5142428785607196,0.35453367003367003,0.6739685457516341,52
modma_binary_egemaps_task_transfer,MODMA,Audio,task-transfer binary depression classification,eGeMAPS + fixed logistic regression,0,cross_task,reading,picture_description,binary_classification,AUPRC,0.5105759714718531,0.32546274836545575,0.7247089150667909,52
modma_binary_egemaps_task_transfer,MODMA,Audio,task-transfer binary depression classification,eGeMAPS + fixed logistic regression,0,cross_task,reading,picture_description,binary_classification,ECE,0.3573861346555925,0.26203531174710004,0.5240621360160124,52
modma_binary_egemaps_task_transfer,MODMA,Audio,task-transfer binary depression classification,eGeMAPS + fixed logistic regression,0,cross_task,reading,picture_description,binary_classification,Brier Score,0.37428608505310584,0.25739393953933876,0.5005126527350408,52
modma_binary_egemaps_task_transfer,MODMA,Audio,task-transfer binary depression classification,eGeMAPS + fixed logistic regression,1,cross_task,reading,picture_description,binary_classification,Macro-F1,0.5666666666666667,0.43176159827255345,0.702630575676706,52
modma_binary_egemaps_task_transfer,MODMA,Audio,task-transfer binary depression classification,eGeMAPS + fixed logistic regression,1,cross_task,reading,picture_description,binary_classification,Balanced Accuracy,0.5667166416791605,0.4327195472783708,0.7009365852787892,52
modma_binary_egemaps_task_transfer,MODMA,Audio,task-transfer binary depression classification,eGeMAPS + fixed logistic regression,1,cross_task,reading,picture_description,binary_classification,AUROC,0.5142428785607196,0.35453367003367003,0.6739685457516341,52
modma_binary_egemaps_task_transfer,MODMA,Audio,task-transfer binary depression classification,eGeMAPS + fixed logistic regression,1,cross_task,reading,picture_description,binary_classification,AUPRC,0.5105759714718531,0.32546274836545575,0.7247089150667909,52
modma_binary_egemaps_task_transfer,MODMA,Audio,task-transfer binary depression classification,eGeMAPS + fixed logistic regression,1,cross_task,reading,picture_description,binary_classification,ECE,0.3573861346555925,0.26203531174710004,0.5240621360160124,52
modma_binary_egemaps_task_transfer,MODMA,Audio,task-transfer binary depression classification,eGeMAPS + fixed logistic regression,1,cross_task,reading,picture_description,binary_classification,Brier Score,0.37428608505310584,0.25739393953933876,0.5005126527350408,52
modma_binary_egemaps_task_transfer,MODMA,Audio,task-transfer binary depression classification,eGeMAPS + fixed logistic regression,2,cross_task,reading,picture_description,binary_classification,Macro-F1,0.5666666666666667,0.43176159827255345,0.702630575676706,52
modma_binary_egemaps_task_transfer,MODMA,Audio,task-transfer binary depression classification,eGeMAPS + fixed logistic regression,2,cross_task,reading,picture_description,binary_classification,Balanced Accuracy,0.5667166416791605,0.4327195472783708,0.7009365852787892,52
modma_binary_egemaps_task_transfer,MODMA,Audio,task-transfer binary depression classification,eGeMAPS + fixed logistic regression,2,cross_task,reading,picture_description,binary_classification,AUROC,0.5142428785607196,0.35453367003367003,0.6739685457516341,52
modma_binary_egemaps_task_transfer,MODMA,Audio,task-transfer binary depression classification,eGeMAPS + fixed logistic regression,2,cross_task,reading,picture_description,binary_classification,AUPRC,0.5105759714718531,0.32546274836545575,0.7247089150667909,52
modma_binary_egemaps_task_transfer,MODMA,Audio,task-transfer binary depression classification,eGeMAPS + fixed logistic regression,2,cross_task,reading,picture_description,binary_classification,ECE,0.3573861346555925,0.26203531174710004,0.5240621360160124,52
modma_binary_egemaps_task_transfer,MODMA,Audio,task-transfer binary depression classification,eGeMAPS + fixed logistic regression,2,cross_task,reading,picture_description,binary_classification,Brier Score,0.37428608505310584,0.25739393953933876,0.5005126527350408,52
modma_binary_egemaps_task_transfer,MODMA,Audio,task-transfer binary depression classification,eGeMAPS + fixed logistic regression,3,cross_task,reading,picture_description,binary_classification,Macro-F1,0.5666666666666667,0.43176159827255345,0.702630575676706,52
modma_binary_egemaps_task_transfer,MODMA,Audio,task-transfer binary depression classification,eGeMAPS + fixed logistic regression,3,cross_task,reading,picture_description,binary_classification,Balanced Accuracy,0.5667166416791605,0.4327195472783708,0.7009365852787892,52
modma_binary_egemaps_task_transfer,MODMA,Audio,task-transfer binary depression classification,eGeMAPS + fixed logistic regression,3,cross_task,reading,picture_description,binary_classification,AUROC,0.5142428785607196,0.35453367003367003,0.6739685457516341,52
modma_binary_egemaps_task_transfer,MODMA,Audio,task-transfer binary depression classification,eGeMAPS + fixed logistic regression,3,cross_task,reading,picture_description,binary_classification,AUPRC,0.5105759714718531,0.32546274836545575,0.7247089150667909,52
modma_binary_egemaps_task_transfer,MODMA,Audio,task-transfer binary depression classification,eGeMAPS + fixed logistic regression,3,cross_task,reading,picture_description,binary_classification,ECE,0.3573861346555925,0.26203531174710004,0.5240621360160124,52
modma_binary_egemaps_task_transfer,MODMA,Audio,task-transfer binary depression classification,eGeMAPS + fixed logistic regression,3,cross_task,reading,picture_description,binary_classification,Brier Score,0.37428608505310584,0.25739393953933876,0.5005126527350408,52
modma_binary_egemaps_task_transfer,MODMA,Audio,task-transfer binary depression classification,eGeMAPS + fixed logistic regression,4,cross_task,reading,picture_description,binary_classification,Macro-F1,0.5666666666666667,0.43176159827255345,0.702630575676706,52
modma_binary_egemaps_task_transfer,MODMA,Audio,task-transfer binary depression classification,eGeMAPS + fixed logistic regression,4,cross_task,reading,picture_description,binary_classification,Balanced Accuracy,0.5667166416791605,0.4327195472783708,0.7009365852787892,52
modma_binary_egemaps_task_transfer,MODMA,Audio,task-transfer binary depression classification,eGeMAPS + fixed logistic regression,4,cross_task,reading,picture_description,binary_classification,AUROC,0.5142428785607196,0.35453367003367003,0.6739685457516341,52
modma_binary_egemaps_task_transfer,MODMA,Audio,task-transfer binary depression classification,eGeMAPS + fixed logistic regression,4,cross_task,reading,picture_description,binary_classification,AUPRC,0.5105759714718531,0.32546274836545575,0.7247089150667909,52
modma_binary_egemaps_task_transfer,MODMA,Audio,task-transfer binary depression classification,eGeMAPS + fixed logistic regression,4,cross_task,reading,picture_description,binary_classification,ECE,0.3573861346555925,0.26203531174710004,0.5240621360160124,52
modma_binary_egemaps_task_transfer,MODMA,Audio,task-transfer binary depression classification,eGeMAPS + fixed logistic regression,4,cross_task,reading,picture_description,binary_classification,Brier Score,0.37428608505310584,0.25739393953933876,0.5005126527350408,52
modma_binary_egemaps_task_transfer,MODMA,Audio,task-transfer binary depression classification,eGeMAPS + fixed logistic regression,0,task_specific,affective_task,affective_task,binary_classification,Macro-F1,0.7242424242424244,0.574275412087912,0.8427738927738928,52
modma_binary_egemaps_task_transfer,MODMA,Audio,task-transfer binary depression classification,eGeMAPS + fixed logistic regression,0,task_specific,affective_task,affective_task,binary_classification,Balanced Accuracy,0.7226386806596702,0.5850149234138691,0.8396316964285715,52
modma_binary_egemaps_task_transfer,MODMA,Audio,task-transfer binary depression classification,eGeMAPS + fixed logistic regression,0,task_specific,affective_task,affective_task,binary_classification,AUROC,0.7781109445277361,0.6264814814814815,0.8981182186684435,52
modma_binary_egemaps_task_transfer,MODMA,Audio,task-transfer binary depression classification,eGeMAPS + fixed logistic regression,0,task_specific,affective_task,affective_task,binary_classification,AUPRC,0.7355961523838702,0.5509991451534993,0.894677739639676,52
modma_binary_egemaps_task_transfer,MODMA,Audio,task-transfer binary depression classification,eGeMAPS + fixed logistic regression,0,task_specific,affective_task,affective_task,binary_classification,ECE,0.2191069401359858,0.14729024568886956,0.3480344864797036,52
modma_binary_egemaps_task_transfer,MODMA,Audio,task-transfer binary depression classification,eGeMAPS + fixed logistic regression,0,task_specific,affective_task,affective_task,binary_classification,Brier Score,0.21233451476723755,0.13383181752703927,0.31437775031687265,52
modma_binary_egemaps_task_transfer,MODMA,Audio,task-transfer binary depression classification,eGeMAPS + fixed logistic regression,1,task_specific,affective_task,affective_task,binary_classification,Macro-F1,0.7242424242424244,0.574275412087912,0.8427738927738928,52
modma_binary_egemaps_task_transfer,MODMA,Audio,task-transfer binary depression classification,eGeMAPS + fixed logistic regression,1,task_specific,affective_task,affective_task,binary_classification,Balanced Accuracy,0.7226386806596702,0.5850149234138691,0.8396316964285715,52
modma_binary_egemaps_task_transfer,MODMA,Audio,task-transfer binary depression classification,eGeMAPS + fixed logistic regression,1,task_specific,affective_task,affective_task,binary_classification,AUROC,0.7781109445277361,0.6264814814814815,0.8981182186684435,52
modma_binary_egemaps_task_transfer,MODMA,Audio,task-transfer binary depression classification,eGeMAPS + fixed logistic regression,1,task_specific,affective_task,affective_task,binary_classification,AUPRC,0.7355961523838702,0.5509991451534993,0.894677739639676,52
modma_binary_egemaps_task_transfer,MODMA,Audio,task-transfer binary depression classification,eGeMAPS + fixed logistic regression,1,task_specific,affective_task,affective_task,binary_classification,ECE,0.2191069401359858,0.14729024568886956,0.3480344864797036,52
modma_binary_egemaps_task_transfer,MODMA,Audio,task-transfer binary depression classification,eGeMAPS + fixed logistic regression,1,task_specific,affective_task,affective_task,binary_classification,Brier Score,0.21233451476723755,0.13383181752703927,0.31437775031687265,52
modma_binary_egemaps_task_transfer,MODMA,Audio,task-transfer binary depression classification,eGeMAPS + fixed logistic regression,2,task_specific,affective_task,affective_task,binary_classification,Macro-F1,0.7242424242424244,0.574275412087912,0.8427738927738928,52
modma_binary_egemaps_task_transfer,MODMA,Audio,task-transfer binary depression classification,eGeMAPS + fixed logistic regression,2,task_specific,affective_task,affective_task,binary_classification,Balanced Accuracy,0.7226386806596702,0.5850149234138691,0.8396316964285715,52
modma_binary_egemaps_task_transfer,MODMA,Audio,task-transfer binary depression classification,eGeMAPS + fixed logistic regression,2,task_specific,affective_task,affective_task,binary_classification,AUROC,0.7781109445277361,0.6264814814814815,0.8981182186684435,52
modma_binary_egemaps_task_transfer,MODMA,Audio,task-transfer binary depression classification,eGeMAPS + fixed logistic regression,2,task_specific,affective_task,affective_task,binary_classification,AUPRC,0.7355961523838702,0.5509991451534993,0.894677739639676,52
modma_binary_egemaps_task_transfer,MODMA,Audio,task-transfer binary depression classification,eGeMAPS + fixed logistic regression,2,task_specific,affective_task,affective_task,binary_classification,ECE,0.2191069401359858,0.14729024568886956,0.3480344864797036,52
modma_binary_egemaps_task_transfer,MODMA,Audio,task-transfer binary depression classification,eGeMAPS + fixed logistic regression,2,task_specific,affective_task,affective_task,binary_classification,Brier Score,0.21233451476723755,0.13383181752703927,0.31437775031687265,52
modma_binary_egemaps_task_transfer,MODMA,Audio,task-transfer binary depression classification,eGeMAPS + fixed logistic regression,3,task_specific,affective_task,affective_task,binary_classification,Macro-F1,0.7242424242424244,0.574275412087912,0.8427738927738928,52
modma_binary_egemaps_task_transfer,MODMA,Audio,task-transfer binary depression classification,eGeMAPS + fixed logistic regression,3,task_specific,affective_task,affective_task,binary_classification,Balanced Accuracy,0.7226386806596702,0.5850149234138691,0.8396316964285715,52
modma_binary_egemaps_task_transfer,MODMA,Audio,task-transfer binary depression classification,eGeMAPS + fixed logistic regression,3,task_specific,affective_task,affective_task,binary_classification,AUROC,0.7781109445277361,0.6264814814814815,0.8981182186684435,52
modma_binary_egemaps_task_transfer,MODMA,Audio,task-transfer binary depression classification,eGeMAPS + fixed logistic regression,3,task_specific,affective_task,affective_task,binary_classification,AUPRC,0.7355961523838702,0.5509991451534993,0.894677739639676,52
modma_binary_egemaps_task_transfer,MODMA,Audio,task-transfer binary depression classification,eGeMAPS + fixed logistic regression,3,task_specific,affective_task,affective_task,binary_classification,ECE,0.2191069401359858,0.14729024568886956,0.3480344864797036,52
modma_binary_egemaps_task_transfer,MODMA,Audio,task-transfer binary depression classification,eGeMAPS + fixed logistic regression,3,task_specific,affective_task,affective_task,binary_classification,Brier Score,0.21233451476723755,0.13383181752703927,0.31437775031687265,52
modma_binary_egemaps_task_transfer,MODMA,Audio,task-transfer binary depression classification,eGeMAPS + fixed logistic regression,4,task_specific,affective_task,affective_task,binary_classification,Macro-F1,0.7242424242424244,0.574275412087912,0.8427738927738928,52
modma_binary_egemaps_task_transfer,MODMA,Audio,task-transfer binary depression classification,eGeMAPS + fixed logistic regression,4,task_specific,affective_task,affective_task,binary_classification,Balanced Accuracy,0.7226386806596702,0.5850149234138691,0.8396316964285715,52
modma_binary_egemaps_task_transfer,MODMA,Audio,task-transfer binary depression classification,eGeMAPS + fixed logistic regression,4,task_specific,affective_task,affective_task,binary_classification,AUROC,0.7781109445277361,0.6264814814814815,0.8981182186684435,52
modma_binary_egemaps_task_transfer,MODMA,Audio,task-transfer binary depression classification,eGeMAPS + fixed logistic regression,4,task_specific,affective_task,affective_task,binary_classification,AUPRC,0.7355961523838702,0.5509991451534993,0.894677739639676,52
modma_binary_egemaps_task_transfer,MODMA,Audio,task-transfer binary depression classification,eGeMAPS + fixed logistic regression,4,task_specific,affective_task,affective_task,binary_classification,ECE,0.2191069401359858,0.14729024568886956,0.3480344864797036,52
modma_binary_egemaps_task_transfer,MODMA,Audio,task-transfer binary depression classification,eGeMAPS + fixed logistic regression,4,task_specific,affective_task,affective_task,binary_classification,Brier Score,0.21233451476723755,0.13383181752703927,0.31437775031687265,52
modma_binary_egemaps_task_transfer,MODMA,Audio,task-transfer binary depression classification,eGeMAPS + fixed logistic regression,0,task_specific,interview,interview,binary_classification,Macro-F1,0.6006144393241168,0.456246964417696,0.7204301075268817,52
modma_binary_egemaps_task_transfer,MODMA,Audio,task-transfer binary depression classification,eGeMAPS + fixed logistic regression,0,task_specific,interview,interview,binary_classification,Balanced Accuracy,0.6011994002998501,0.46147727272727274,0.7183124062968516,52
modma_binary_egemaps_task_transfer,MODMA,Audio,task-transfer binary depression classification,eGeMAPS + fixed logistic regression,0,task_specific,interview,interview,binary_classification,AUROC,0.6131934032983508,0.4332458770614693,0.7751064814814815,52
modma_binary_egemaps_task_transfer,MODMA,Audio,task-transfer binary depression classification,eGeMAPS + fixed logistic regression,0,task_specific,interview,interview,binary_classification,AUPRC,0.6630068634711903,0.4394779967467585,0.7974750038088709,52
modma_binary_egemaps_task_transfer,MODMA,Audio,task-transfer binary depression classification,eGeMAPS + fixed logistic regression,0,task_specific,interview,interview,binary_classification,ECE,0.35795603555102506,0.24538862144584908,0.5076708496384823,52
modma_binary_egemaps_task_transfer,MODMA,Audio,task-transfer binary depression classification,eGeMAPS + fixed logistic regression,0,task_specific,interview,interview,binary_classification,Brier Score,0.33925702575286676,0.23458788999073105,0.4687625930285647,52
modma_binary_egemaps_task_transfer,MODMA,Audio,task-transfer binary depression classification,eGeMAPS + fixed logistic regression,1,task_specific,interview,interview,binary_classification,Macro-F1,0.6006144393241168,0.456246964417696,0.7204301075268817,52
modma_binary_egemaps_task_transfer,MODMA,Audio,task-transfer binary depression classification,eGeMAPS + fixed logistic regression,1,task_specific,interview,interview,binary_classification,Balanced Accuracy,0.6011994002998501,0.46147727272727274,0.7183124062968516,52
modma_binary_egemaps_task_transfer,MODMA,Audio,task-transfer binary depression classification,eGeMAPS + fixed logistic regression,1,task_specific,interview,interview,binary_classification,AUROC,0.6131934032983508,0.4332458770614693,0.7751064814814815,52
modma_binary_egemaps_task_transfer,MODMA,Audio,task-transfer binary depression classification,eGeMAPS + fixed logistic regression,1,task_specific,interview,interview,binary_classification,AUPRC,0.6630068634711903,0.4394779967467585,0.7974750038088709,52
modma_binary_egemaps_task_transfer,MODMA,Audio,task-transfer binary depression classification,eGeMAPS + fixed logistic regression,1,task_specific,interview,interview,binary_classification,ECE,0.35795603555102506,0.24538862144584908,0.5076708496384823,52
modma_binary_egemaps_task_transfer,MODMA,Audio,task-transfer binary depression classification,eGeMAPS + fixed logistic regression,1,task_specific,interview,interview,binary_classification,Brier Score,0.33925702575286676,0.23458788999073105,0.4687625930285647,52
modma_binary_egemaps_task_transfer,MODMA,Audio,task-transfer binary depression classification,eGeMAPS + fixed logistic regression,2,task_specific,interview,interview,binary_classification,Macro-F1,0.6006144393241168,0.456246964417696,0.7204301075268817,52
modma_binary_egemaps_task_transfer,MODMA,Audio,task-transfer binary depression classification,eGeMAPS + fixed logistic regression,2,task_specific,interview,interview,binary_classification,Balanced Accuracy,0.6011994002998501,0.46147727272727274,0.7183124062968516,52
modma_binary_egemaps_task_transfer,MODMA,Audio,task-transfer binary depression classification,eGeMAPS + fixed logistic regression,2,task_specific,interview,interview,binary_classification,AUROC,0.6131934032983508,0.4332458770614693,0.7751064814814815,52
modma_binary_egemaps_task_transfer,MODMA,Audio,task-transfer binary depression classification,eGeMAPS + fixed logistic regression,2,task_specific,interview,interview,binary_classification,AUPRC,0.6630068634711903,0.4394779967467585,0.7974750038088709,52
modma_binary_egemaps_task_transfer,MODMA,Audio,task-transfer binary depression classification,eGeMAPS + fixed logistic regression,2,task_specific,interview,interview,binary_classification,ECE,0.35795603555102506,0.24538862144584908,0.5076708496384823,52
modma_binary_egemaps_task_transfer,MODMA,Audio,task-transfer binary depression classification,eGeMAPS + fixed logistic regression,2,task_specific,interview,interview,binary_classification,Brier Score,0.33925702575286676,0.23458788999073105,0.4687625930285647,52
modma_binary_egemaps_task_transfer,MODMA,Audio,task-transfer binary depression classification,eGeMAPS + fixed logistic regression,3,task_specific,interview,interview,binary_classification,Macro-F1,0.6006144393241168,0.456246964417696,0.7204301075268817,52
modma_binary_egemaps_task_transfer,MODMA,Audio,task-transfer binary depression classification,eGeMAPS + fixed logistic regression,3,task_specific,interview,interview,binary_classification,Balanced Accuracy,0.6011994002998501,0.46147727272727274,0.7183124062968516,52
modma_binary_egemaps_task_transfer,MODMA,Audio,task-transfer binary depression classification,eGeMAPS + fixed logistic regression,3,task_specific,interview,interview,binary_classification,AUROC,0.6131934032983508,0.4332458770614693,0.7751064814814815,52
modma_binary_egemaps_task_transfer,MODMA,Audio,task-transfer binary depression classification,eGeMAPS + fixed logistic regression,3,task_specific,interview,interview,binary_classification,AUPRC,0.6630068634711903,0.4394779967467585,0.7974750038088709,52
modma_binary_egemaps_task_transfer,MODMA,Audio,task-transfer binary depression classification,eGeMAPS + fixed logistic regression,3,task_specific,interview,interview,binary_classification,ECE,0.35795603555102506,0.24538862144584908,0.5076708496384823,52
modma_binary_egemaps_task_transfer,MODMA,Audio,task-transfer binary depression classification,eGeMAPS + fixed logistic regression,3,task_specific,interview,interview,binary_classification,Brier Score,0.33925702575286676,0.23458788999073105,0.4687625930285647,52
modma_binary_egemaps_task_transfer,MODMA,Audio,task-transfer binary depression classification,eGeMAPS + fixed logistic regression,4,task_specific,interview,interview,binary_classification,Macro-F1,0.6006144393241168,0.456246964417696,0.7204301075268817,52
modma_binary_egemaps_task_transfer,MODMA,Audio,task-transfer binary depression classification,eGeMAPS + fixed logistic regression,4,task_specific,interview,interview,binary_classification,Balanced Accuracy,0.6011994002998501,0.46147727272727274,0.7183124062968516,52
modma_binary_egemaps_task_transfer,MODMA,Audio,task-transfer binary depression classification,eGeMAPS + fixed logistic regression,4,task_specific,interview,interview,binary_classification,AUROC,0.6131934032983508,0.4332458770614693,0.7751064814814815,52
modma_binary_egemaps_task_transfer,MODMA,Audio,task-transfer binary depression classification,eGeMAPS + fixed logistic regression,4,task_specific,interview,interview,binary_classification,AUPRC,0.6630068634711903,0.4394779967467585,0.7974750038088709,52
modma_binary_egemaps_task_transfer,MODMA,Audio,task-transfer binary depression classification,eGeMAPS + fixed logistic regression,4,task_specific,interview,interview,binary_classification,ECE,0.35795603555102506,0.24538862144584908,0.5076708496384823,52
modma_binary_egemaps_task_transfer,MODMA,Audio,task-transfer binary depression classification,eGeMAPS + fixed logistic regression,4,task_specific,interview,interview,binary_classification,Brier Score,0.33925702575286676,0.23458788999073105,0.4687625930285647,52
modma_binary_egemaps_task_transfer,MODMA,Audio,task-transfer binary depression classification,eGeMAPS + fixed logistic regression,0,task_specific,picture_description,picture_description,binary_classification,Macro-F1,0.6278719397363466,0.49325337331334335,0.7454430884278854,52
modma_binary_egemaps_task_transfer,MODMA,Audio,task-transfer binary depression classification,eGeMAPS + fixed logistic regression,0,task_specific,picture_description,picture_description,binary_classification,Balanced Accuracy,0.6274362818590704,0.5,0.7489036731634182,52
modma_binary_egemaps_task_transfer,MODMA,Audio,task-transfer binary depression classification,eGeMAPS + fixed logistic regression,0,task_specific,picture_description,picture_description,binary_classification,AUROC,0.7136431784107946,0.5845699419197964,0.8453515625,52
modma_binary_egemaps_task_transfer,MODMA,Audio,task-transfer binary depression classification,eGeMAPS + fixed logistic regression,0,task_specific,picture_description,picture_description,binary_classification,AUPRC,0.7142323575014117,0.5189824576042958,0.8601551076875066,52
modma_binary_egemaps_task_transfer,MODMA,Audio,task-transfer binary depression classification,eGeMAPS + fixed logistic regression,0,task_specific,picture_description,picture_description,binary_classification,ECE,0.23012494514221338,0.17469397855372287,0.3936951176664655,52
modma_binary_egemaps_task_transfer,MODMA,Audio,task-transfer binary depression classification,eGeMAPS + fixed logistic regression,0,task_specific,picture_description,picture_description,binary_classification,Brier Score,0.25505421238197484,0.17456074524492285,0.34901594194242636,52
modma_binary_egemaps_task_transfer,MODMA,Audio,task-transfer binary depression classification,eGeMAPS + fixed logistic regression,1,task_specific,picture_description,picture_description,binary_classification,Macro-F1,0.6278719397363466,0.49325337331334335,0.7454430884278854,52
modma_binary_egemaps_task_transfer,MODMA,Audio,task-transfer binary depression classification,eGeMAPS + fixed logistic regression,1,task_specific,picture_description,picture_description,binary_classification,Balanced Accuracy,0.6274362818590704,0.5,0.7489036731634182,52
modma_binary_egemaps_task_transfer,MODMA,Audio,task-transfer binary depression classification,eGeMAPS + fixed logistic regression,1,task_specific,picture_description,picture_description,binary_classification,AUROC,0.7136431784107946,0.5845699419197964,0.8453515625,52
modma_binary_egemaps_task_transfer,MODMA,Audio,task-transfer binary depression classification,eGeMAPS + fixed logistic regression,1,task_specific,picture_description,picture_description,binary_classification,AUPRC,0.7142323575014117,0.5189824576042958,0.8601551076875066,52
modma_binary_egemaps_task_transfer,MODMA,Audio,task-transfer binary depression classification,eGeMAPS + fixed logistic regression,1,task_specific,picture_description,picture_description,binary_classification,ECE,0.23012494514221338,0.17469397855372287,0.3936951176664655,52
modma_binary_egemaps_task_transfer,MODMA,Audio,task-transfer binary depression classification,eGeMAPS + fixed logistic regression,1,task_specific,picture_description,picture_description,binary_classification,Brier Score,0.25505421238197484,0.17456074524492285,0.34901594194242636,52
modma_binary_egemaps_task_transfer,MODMA,Audio,task-transfer binary depression classification,eGeMAPS + fixed logistic regression,2,task_specific,picture_description,picture_description,binary_classification,Macro-F1,0.6278719397363466,0.49325337331334335,0.7454430884278854,52
modma_binary_egemaps_task_transfer,MODMA,Audio,task-transfer binary depression classification,eGeMAPS + fixed logistic regression,2,task_specific,picture_description,picture_description,binary_classification,Balanced Accuracy,0.6274362818590704,0.5,0.7489036731634182,52
modma_binary_egemaps_task_transfer,MODMA,Audio,task-transfer binary depression classification,eGeMAPS + fixed logistic regression,2,task_specific,picture_description,picture_description,binary_classification,AUROC,0.7136431784107946,0.5845699419197964,0.8453515625,52
modma_binary_egemaps_task_transfer,MODMA,Audio,task-transfer binary depression classification,eGeMAPS + fixed logistic regression,2,task_specific,picture_description,picture_description,binary_classification,AUPRC,0.7142323575014117,0.5189824576042958,0.8601551076875066,52
modma_binary_egemaps_task_transfer,MODMA,Audio,task-transfer binary depression classification,eGeMAPS + fixed logistic regression,2,task_specific,picture_description,picture_description,binary_classification,ECE,0.23012494514221338,0.17469397855372287,0.3936951176664655,52
modma_binary_egemaps_task_transfer,MODMA,Audio,task-transfer binary depression classification,eGeMAPS + fixed logistic regression,2,task_specific,picture_description,picture_description,binary_classification,Brier Score,0.25505421238197484,0.17456074524492285,0.34901594194242636,52
modma_binary_egemaps_task_transfer,MODMA,Audio,task-transfer binary depression classification,eGeMAPS + fixed logistic regression,3,task_specific,picture_description,picture_description,binary_classification,Macro-F1,0.6278719397363466,0.49325337331334335,0.7454430884278854,52
modma_binary_egemaps_task_transfer,MODMA,Audio,task-transfer binary depression classification,eGeMAPS + fixed logistic regression,3,task_specific,picture_description,picture_description,binary_classification,Balanced Accuracy,0.6274362818590704,0.5,0.7489036731634182,52
modma_binary_egemaps_task_transfer,MODMA,Audio,task-transfer binary depression classification,eGeMAPS + fixed logistic regression,3,task_specific,picture_description,picture_description,binary_classification,AUROC,0.7136431784107946,0.5845699419197964,0.8453515625,52
modma_binary_egemaps_task_transfer,MODMA,Audio,task-transfer binary depression classification,eGeMAPS + fixed logistic regression,3,task_specific,picture_description,picture_description,binary_classification,AUPRC,0.7142323575014117,0.5189824576042958,0.8601551076875066,52
modma_binary_egemaps_task_transfer,MODMA,Audio,task-transfer binary depression classification,eGeMAPS + fixed logistic regression,3,task_specific,picture_description,picture_description,binary_classification,ECE,0.23012494514221338,0.17469397855372287,0.3936951176664655,52
modma_binary_egemaps_task_transfer,MODMA,Audio,task-transfer binary depression classification,eGeMAPS + fixed logistic regression,3,task_specific,picture_description,picture_description,binary_classification,Brier Score,0.25505421238197484,0.17456074524492285,0.34901594194242636,52
modma_binary_egemaps_task_transfer,MODMA,Audio,task-transfer binary depression classification,eGeMAPS + fixed logistic regression,4,task_specific,picture_description,picture_description,binary_classification,Macro-F1,0.6278719397363466,0.49325337331334335,0.7454430884278854,52
modma_binary_egemaps_task_transfer,MODMA,Audio,task-transfer binary depression classification,eGeMAPS + fixed logistic regression,4,task_specific,picture_description,picture_description,binary_classification,Balanced Accuracy,0.6274362818590704,0.5,0.7489036731634182,52
modma_binary_egemaps_task_transfer,MODMA,Audio,task-transfer binary depression classification,eGeMAPS + fixed logistic regression,4,task_specific,picture_description,picture_description,binary_classification,AUROC,0.7136431784107946,0.5845699419197964,0.8453515625,52
modma_binary_egemaps_task_transfer,MODMA,Audio,task-transfer binary depression classification,eGeMAPS + fixed logistic regression,4,task_specific,picture_description,picture_description,binary_classification,AUPRC,0.7142323575014117,0.5189824576042958,0.8601551076875066,52
modma_binary_egemaps_task_transfer,MODMA,Audio,task-transfer binary depression classification,eGeMAPS + fixed logistic regression,4,task_specific,picture_description,picture_description,binary_classification,ECE,0.23012494514221338,0.17469397855372287,0.3936951176664655,52
modma_binary_egemaps_task_transfer,MODMA,Audio,task-transfer binary depression classification,eGeMAPS + fixed logistic regression,4,task_specific,picture_description,picture_description,binary_classification,Brier Score,0.25505421238197484,0.17456074524492285,0.34901594194242636,52
modma_binary_egemaps_task_transfer,MODMA,Audio,task-transfer binary depression classification,eGeMAPS + fixed logistic regression,0,task_specific,reading,reading,binary_classification,Macro-F1,0.634375,0.48701996927803376,0.7476670399402762,52
modma_binary_egemaps_task_transfer,MODMA,Audio,task-transfer binary depression classification,eGeMAPS + fixed logistic regression,0,task_specific,reading,reading,binary_classification,Balanced Accuracy,0.6356821589205397,0.49981060606060607,0.7468787202380952,52
modma_binary_egemaps_task_transfer,MODMA,Audio,task-transfer binary depression classification,eGeMAPS + fixed logistic regression,0,task_specific,reading,reading,binary_classification,AUROC,0.631184407796102,0.44283585858585855,0.7573640552995392,52
modma_binary_egemaps_task_transfer,MODMA,Audio,task-transfer binary depression classification,eGeMAPS + fixed logistic regression,0,task_specific,reading,reading,binary_classification,AUPRC,0.6110636744939814,0.39965949006170187,0.7906823195126339,52
modma_binary_egemaps_task_transfer,MODMA,Audio,task-transfer binary depression classification,eGeMAPS + fixed logistic regression,0,task_specific,reading,reading,binary_classification,ECE,0.28230639845071603,0.2090496361552826,0.42712364002091874,52
modma_binary_egemaps_task_transfer,MODMA,Audio,task-transfer binary depression classification,eGeMAPS + fixed logistic regression,0,task_specific,reading,reading,binary_classification,Brier Score,0.29543830968707724,0.2047509113504276,0.4116832394454274,52
modma_binary_egemaps_task_transfer,MODMA,Audio,task-transfer binary depression classification,eGeMAPS + fixed logistic regression,1,task_specific,reading,reading,binary_classification,Macro-F1,0.634375,0.48701996927803376,0.7476670399402762,52
modma_binary_egemaps_task_transfer,MODMA,Audio,task-transfer binary depression classification,eGeMAPS + fixed logistic regression,1,task_specific,reading,reading,binary_classification,Balanced Accuracy,0.6356821589205397,0.49981060606060607,0.7468787202380952,52
modma_binary_egemaps_task_transfer,MODMA,Audio,task-transfer binary depression classification,eGeMAPS + fixed logistic regression,1,task_specific,reading,reading,binary_classification,AUROC,0.631184407796102,0.44283585858585855,0.7573640552995392,52
modma_binary_egemaps_task_transfer,MODMA,Audio,task-transfer binary depression classification,eGeMAPS + fixed logistic regression,1,task_specific,reading,reading,binary_classification,AUPRC,0.6110636744939814,0.39965949006170187,0.7906823195126339,52
modma_binary_egemaps_task_transfer,MODMA,Audio,task-transfer binary depression classification,eGeMAPS + fixed logistic regression,1,task_specific,reading,reading,binary_classification,ECE,0.28230639845071603,0.2090496361552826,0.42712364002091874,52
modma_binary_egemaps_task_transfer,MODMA,Audio,task-transfer binary depression classification,eGeMAPS + fixed logistic regression,1,task_specific,reading,reading,binary_classification,Brier Score,0.29543830968707724,0.2047509113504276,0.4116832394454274,52
modma_binary_egemaps_task_transfer,MODMA,Audio,task-transfer binary depression classification,eGeMAPS + fixed logistic regression,2,task_specific,reading,reading,binary_classification,Macro-F1,0.634375,0.48701996927803376,0.7476670399402762,52
modma_binary_egemaps_task_transfer,MODMA,Audio,task-transfer binary depression classification,eGeMAPS + fixed logistic regression,2,task_specific,reading,reading,binary_classification,Balanced Accuracy,0.6356821589205397,0.49981060606060607,0.7468787202380952,52
modma_binary_egemaps_task_transfer,MODMA,Audio,task-transfer binary depression classification,eGeMAPS + fixed logistic regression,2,task_specific,reading,reading,binary_classification,AUROC,0.631184407796102,0.44283585858585855,0.7573640552995392,52
modma_binary_egemaps_task_transfer,MODMA,Audio,task-transfer binary depression classification,eGeMAPS + fixed logistic regression,2,task_specific,reading,reading,binary_classification,AUPRC,0.6110636744939814,0.39965949006170187,0.7906823195126339,52
modma_binary_egemaps_task_transfer,MODMA,Audio,task-transfer binary depression classification,eGeMAPS + fixed logistic regression,2,task_specific,reading,reading,binary_classification,ECE,0.28230639845071603,0.2090496361552826,0.42712364002091874,52
modma_binary_egemaps_task_transfer,MODMA,Audio,task-transfer binary depression classification,eGeMAPS + fixed logistic regression,2,task_specific,reading,reading,binary_classification,Brier Score,0.29543830968707724,0.2047509113504276,0.4116832394454274,52
modma_binary_egemaps_task_transfer,MODMA,Audio,task-transfer binary depression classification,eGeMAPS + fixed logistic regression,3,task_specific,reading,reading,binary_classification,Macro-F1,0.634375,0.48701996927803376,0.7476670399402762,52
modma_binary_egemaps_task_transfer,MODMA,Audio,task-transfer binary depression classification,eGeMAPS + fixed logistic regression,3,task_specific,reading,reading,binary_classification,Balanced Accuracy,0.6356821589205397,0.49981060606060607,0.7468787202380952,52
modma_binary_egemaps_task_transfer,MODMA,Audio,task-transfer binary depression classification,eGeMAPS + fixed logistic regression,3,task_specific,reading,reading,binary_classification,AUROC,0.631184407796102,0.44283585858585855,0.7573640552995392,52
modma_binary_egemaps_task_transfer,MODMA,Audio,task-transfer binary depression classification,eGeMAPS + fixed logistic regression,3,task_specific,reading,reading,binary_classification,AUPRC,0.6110636744939814,0.39965949006170187,0.7906823195126339,52
modma_binary_egemaps_task_transfer,MODMA,Audio,task-transfer binary depression classification,eGeMAPS + fixed logistic regression,3,task_specific,reading,reading,binary_classification,ECE,0.28230639845071603,0.2090496361552826,0.42712364002091874,52
modma_binary_egemaps_task_transfer,MODMA,Audio,task-transfer binary depression classification,eGeMAPS + fixed logistic regression,3,task_specific,reading,reading,binary_classification,Brier Score,0.29543830968707724,0.2047509113504276,0.4116832394454274,52
modma_binary_egemaps_task_transfer,MODMA,Audio,task-transfer binary depression classification,eGeMAPS + fixed logistic regression,4,task_specific,reading,reading,binary_classification,Macro-F1,0.634375,0.48701996927803376,0.7476670399402762,52
modma_binary_egemaps_task_transfer,MODMA,Audio,task-transfer binary depression classification,eGeMAPS + fixed logistic regression,4,task_specific,reading,reading,binary_classification,Balanced Accuracy,0.6356821589205397,0.49981060606060607,0.7468787202380952,52
modma_binary_egemaps_task_transfer,MODMA,Audio,task-transfer binary depression classification,eGeMAPS + fixed logistic regression,4,task_specific,reading,reading,binary_classification,AUROC,0.631184407796102,0.44283585858585855,0.7573640552995392,52
modma_binary_egemaps_task_transfer,MODMA,Audio,task-transfer binary depression classification,eGeMAPS + fixed logistic regression,4,task_specific,reading,reading,binary_classification,AUPRC,0.6110636744939814,0.39965949006170187,0.7906823195126339,52
modma_binary_egemaps_task_transfer,MODMA,Audio,task-transfer binary depression classification,eGeMAPS + fixed logistic regression,4,task_specific,reading,reading,binary_classification,ECE,0.28230639845071603,0.2090496361552826,0.42712364002091874,52
modma_binary_egemaps_task_transfer,MODMA,Audio,task-transfer binary depression classification,eGeMAPS + fixed logistic regression,4,task_specific,reading,reading,binary_classification,Brier Score,0.29543830968707724,0.2047509113504276,0.4116832394454274,52
